cusip,htsymbol
46603210,JJSF
2.94E+14,ELA
72913210,PLXS
41043F20,HNGR
68389X10,ORCL
59491810,MSFT
74144T10,TROW
43851610,HON
2.36E+13,AMRC
04878Q86,AT
05605H10,BWXT
7373010,BEAM
74368L20,PTVCB
45383610,INDB
85935910,STRL
74291850,PROS
23280610,CY
89011010,TMP
5766520,BCPC
98419J20,XOMA
32038510,FGBI
23391210,DJCO
87669410,TSBK
87227510,TCF
4622410,ASTE
95075510,WERN
195750,T
83087910,SKYW
30292L10,FRPH
76091110,REFR
88801610,TIPT
3050610,AMWD
3948310,ADM
74319R10,PRG
15090910,COMM
58958410,VIVO
18482P10,CLFD
85568210,STAR
81765M10,SERV
94274910,WTS
33615810,FRC
30252010,FNB
51179510,LAKE
69314910,PTSI
8817810,BSBK
29261A10,EHC
33773810,FISV
45892710,CARE
16090310,CF
31946M10,FCNCA
42234710,HTLD
36312730,GAN
72790310,PLAY
68554V10,OSUR
12950010,CAL
11704310,BC
80862330,SEAS
90921430,UIS
92932810,WSFS
46180410,ITIC
15678210,CERN
72354410,PAHC
94789010,WBS
57053510,MKL
05463X10,AXGN
55378810,MTCH
32073410,FLIC
31867270,FBP
85931930,STSA
24702R10,DELL
46185810,SAFE
3037110,AVD
61219010,MSBI
71940510,PLAB
59047910,MESA
03062T10,CRMT
55916910,KIDS
G0464B10,ARGO
67103X10,OFG
19564210,CDTX
88043210,TENB
71366410,PDCO
14920510,CATO
29175010,EIGR
89391010,TTEC
75991010,KRMD
31891010,FBNC
95081010,WSBC
19121610,KO
23792510,DATA
80001310,SAFM
15643210,CNBKA
90990710,UBSI
29404K10,ENV
84490920,SWTX
94061010,WASH
12738710,CDNS
20911510,ED
75790110,RESI
45459410,INBK
17783510,CHCO
72733910,PGEN
8578910,BRY
27871520,EBIX
12514110,CECE
8.66E+14,BEAM
30325010,FICO
16875K20,KIDS
20741010,CNMD
15102010,CELG
44040710,HBNC
29276510,EPAC
4990410,ATRI
81478530,SNFCA
24906P10,XRAY
29460310,EQBK
31190010,FAST
15476040,CPF
76028210,RBNC
42774610,HRTX
20576830,CRK
39304D10,GDOT
23333110,DTE
57686G10,MATX
45703010,IMKTA
26353410,DD
1234810,AIN
36866910,GPRO
1540410,ACEL
90210410,IIVI
G2918310,ETN
12468010,LUNG
47916710,JOUT
78486Q10,SIVB
1623010,ALCO
60671020,MITK
18449610,CLH
23251710,CYBE
1678310,ALEC
20414910,CTBI
30231G10,XOM
45833410,IPAR
55295310,MGM
57772K10,MXIM
55377310,MTSI
87831110,TEAM
1935910,HOPE
82709210,SILK
94106L10,WM
87230710,TCF
19109810,COKE
26747510,DY
74730110,QUAD
36144810,GATX
38068T10,GORO
36955010,GD
36960430,GE
50540R40,LH
68003310,ONB
96608420,WSR
71270410,PBCT
G8127610,SIG
28540910,ELMD
37044210,GM
N6596X10,NXPI
75606N10,RP
21870Q10,COR
12718310,CASH
2136720,ALTA
15870P30,CSBR
76041610,FRBK
38941910,GRAY
42236030,EAR
43332310,HIFS
53555510,LNN
54140210,LOGC
55303J10,MGPI
69839710,PANL
97815W10,GOLF
2317510,AMBA
92844S10,EYE
05368M10,CDMO
03236M20,AMRS
16119P10,CHTR
2339510,AIZ
28852N10,EFC
G7997810,BOX
N5374510,LYB
69404D10,PACB
85303B10,STND
92335C10,VRA
9950210,BAH
37045V10,GM
44267D10,HHC
70021530,PCYG
Y1771G10,CMRE
50212V10,LPLA
74165N10,PRMW
98978L20,ZGNX
33616C10,FRC
33904110,FLT
45685K10,INFU
62009710,MMI
78375P10,RYI
49904910,KNX
87612G10,TRGP
93148P10,WD
86810,ACNB
45920010,IBM
2407640,AMBC
74727D30,QADA
4539610,ASMB
67560710,OFED
6.39E+14,NAV
2401310,AAT
06652K10,BKU
45103320,IBIO
G6518L10,NLSN
49456B10,KMI
64051T10,NPTN
86608210,INN
45073V10,ITT
00444T10,ACRX
34385P10,FLDM
69512710,PCRX
90333L20,USCR
34416W88,FBM
36116M10,FF
40412C10,HCA
44641310,HII
21925Y10,CSOD
81763U10,SREV
00912X30,AL
48517030,KSU
74039L10,APTS
85254J10,STAG
11283W10,BRP
74965L10,RLJ
91734M10,ECOL
84857L10,SR
88362T10,THR
50068810,KOS
84857710,SAVE
09739C10,WIFI
56585A10,MPC
00164V10,AMCX
9532910,BLUE
86722A10,SXC
16308610,CHEF
26550410,DNKN
98954M10,ZG
34964C10,FBHS
92339V30,VER
30962710,FMNB
50181P10,LCNB
37228420,GNE
98419M10,XYL
90353W10,UI
57164Y10,VAC
G6095L10,APTV
00404A10,ACHC
18946410,CLVS
39947320,GRPN
9779340,BCEI
98212B10,WPX
G1890L10,CPRI
34960Q10,FBIO
89694520,TRIP
98986T10,ZNGA
40171V10,GWRE
73744610,POST
75025X10,RLGT
75972A30,REGI
92337C10,VSTM
29414B10,EPAM
57648520,MTDR
74371310,PRLB
9.03E+14,SLCA
10921T10,BCOV
7327110,BV
16383L10,CCXI
12768610,CZR
43785V10,HMST
01973R10,ALSN
75902K10,RM
62915640,NL
76169B10,RXN
98155810,WP
92857F10,VCRA
98581710,YELP
02917L10,ARCT
M2059810,CSTE
36322520,GALT
30303M10,FB
55405Y10,MTSI
90045020,HEAR
04013V10,ACRE
55345K10,MRC
71854610,PSX
76131V20,RPAI
31660B10,FRGI
74342410,PFPT
84863710,SPLK
29977G10,EVER
88688510,TLYS
95790D10,WMC
86845910,SUPN
1449110,ALEX
42225P50,HTA
81762P10,NOW
G9087Q10,TROX
16357220,CEMI
88156910,TSRO
02772A10,ANAT
63888U10,NGVC
69743510,PANW
17160410,CHUY
30263Y10,FSBW
44249610,HBMD
43787210,HTBI
35180X10,FRG
9423510,BLMN
00101J10,ADT
44917210,HY
63370710,NBHC
84860F10,SRC
G7S00T10,PNR
53222K20,LFVN
74758T30,QLYS
2888210,AMPH
08579W10,BERY
68066520,OLN
55067810,LXFR
74587V10,PBYI
75605Y10,RLGY
82569010,SSTK
98138H10,WDAY
G037AX10,AMBA
25278X10,FANG
45845P10,ICPT
2919510,AMRC
74967X10,RH
69331C10,PCG
16402410,CHMG
64049M20,NEO
G7280010,PRTA
91071010,UIHC
2931210,AMRS
00287Y10,ABBV
35904G10,RESI
69318G10,PBF
10919410,BFAM
11040G10,VTOL
87265H10,TPH
23283R10,CONE
37654910,LAND
53122987,FWONA
G6672110,NCLH
09739D10,BCC
68571X10,ORC
2968310,AMSWA
75574U10,RC
98978V10,ZTS
20786U10,CNOB
41585810,HROW
32055710,INBK
30210410,XONE
04316A10,APAM
60752510,MODN
72348P10,PF
29251M10,ENTA
30040P10,EVTC
41068X10,HASI
71344810,PEP
81282V10,SEAS
87724P10,TMHC
88338N10,TXMD
16934W10,CMRX
42365Q10,HMTV
45384B10,IBTX
3018810,TNET
04208T10,AHH
15917910,ECOM
09609G10,BLUE
28857810,EARN
3032710,AMTI
02209S10,MO
92908910,VOYA
64828T20,NRZ
70932M10,PFSI
46266C10,IQV
87336U10,DATA
03969T10,ARCT
2313988,AMBC
23204G10,CUBI
29428V10,EPZM
20825C10,COP
63737220,NRC
69365610,PVH
89678F10,TSC
12514G10,CDW
29664W10,ESPR
38046C10,GOGO
40416M10,HDS
65540B10,NDLS
63009R10,NSTG
65249B10,NWSA
65249B20,NWS
64132K10,NBSE
69366J20,PTCT
N7154610,RNA
82835910,SAMG
22207020,COTY
36239310,GTT
3116210,AMGN
18539C10,CWENA
71943U10,DOC
84860W30,SRC
85207U10,S
00847X10,AGIO
53521910,LIND
60468T10,MRTX
02665T30,AMH
29413U10,EVHC
45378A10,IRT
74017N10,PGEN
62675510,MUSA
N3346210,FI
Y0207T10,ASC
35138V10,FOXF
57165B10,MBII
85208M10,SFM
76680R20,RNG
03823U10,AAOI
08180D10,BNFT
31816Q10,FEYE
33830X10,FPRX
62945V10,NVEE
46583P10,ISEE
74051N10,PINC
20368X10,TCFC
57538510,DOOR
03674X10,AR
11120U10,BRX
12201710,BURL
16465110,CHMI
19828720,CXP
21676P10,CPS
29210410,ESRT
56632410,MMI
74736A10,QTS
75524W10,RMAX
68268W10,OMF
92247510,VEEV
G3198U10,ESNT
00771V10,AERI
20337X10,COMM
29272B10,EIGI
31189P10,FATE
36467J10,GLPI
55609910,MGNX
83587F20,SRNE
92337F10,VCYT
21075110,TCS
27746140,KODK
80685710,SLB
30224P20,STAY
90184L10,TWTR
G0176J10,ALLE
G3788M11,ESGC
31931U10,FRBA
44157R10,HMHC
48576U10,KPTI
50187T10,LGIH
62920930,NMIH
81238710,S
00165C10,AMC
03852U10,ARMK
14912Y20,CTT
29267170,UUUU
43300A20,HLT
49457710,KIN
G6891L10,PANL
98401F10,XNCR
68235P10,OGS
28618M10,ESI
74978Q10,RSPP
80283M10,SC
14075510,CARA
28249U10,EIGR
25303110,DRNA
38000Q10,GLYC
46116X10,ITCI
24549610,TACO
56117J10,MBUU
90400D10,RARE
89422G10,TVTX
20602210,CNCE
26979610,EGRX
33938J10,FLXN
45780L10,INGN
76133010,RVNC
92228010,VRNS
45780R10,IBP
49926D10,KN
50574310,LADR
36472T10,GCI
212110,ATEN
09627J10,BRG
69007J10,OUT
74911910,QUOT
74736L10,QTWO
89628810,TNET
3759810,APOG
03820J10,AGTC
00972D10,AKBA
00181T10,AMRK
64049K10,NLTX
16676410,CVX
02079K10,GOOG
9530610,BLBD
51509F10,LE
75629F10,REPH
90214J10,TWOU
03890D10,ARAV
02005N10,ALLY
17858710,CIO
31154R10,FPI
40011010,GRUB
60786M10,MC
70432V10,PAYC
55955D10,MGNI
00856G10,AGFS
3783310,AAPL
63938C10,NAVI
71742Q10,PAHC
71104010,PFIS
78573M10,SABR
84920Y10,SPWH
4525EP10,IMUX
42727J10,HRTG
67011P10,DNOW
70187710,PE
98936J10,ZEN
Y2106R11,LPG
00847L10,AGRX
06654A10,BWFG
14174T10,CTRE
32086610,FMBH
89214610,TOWN
G7326810,QTNT
76118L10,RESN
81768T10,SFBS
G8807B10,TBPH
75508B10,RYAM
88739910,TMST
03209R10,AMPH
3969710,ARDX
23257D10,CBAY
15117P10,CBMG
38268T10,GPRO
59408Q10,MIK
3822210,AMAT
G4756710,INFO
75046920,RDUS
4041310,ANET
04523Y10,ASPN
15650430,CCS
92345410,VRTV
L9340P10,TSE
00790R10,WMS
89464810,TREC
14880610,CTLT
69888T20,PARR
87165B10,SYF
89609W10,TPCO
89820210,TRUP
L7296710,OEC
00773U10,ADVM
88738910,TKR
3890310,AQUA
14167L10,CDNA
42226A10,HQY
46266A10,IRMD
46134L10,ISTR
53122985,FWONK
26860310,LOCO
56854Q20,MRNS
89051610,TR
60338010,NERV
67576A10,OCUL
3952910,ARCH
78667J10,SAGE
46071F10,XENT
78375410,RYI
26925010,ETON
53146510,LTRPA
12769G10,CZR
92242T10,VEC
17461010,CFG
21232630,CFRX
N0104510,AFMD
1.05E+24,BCLI
1.25E+14,CDK
36192A10,GWGH
59630420,MBCN
49338L10,KEYS
05350V10,AVNS
49428J10,KE
12479G10,CBFV
53030710,LBRDA
05601C10,BGSF
9940610,BOOT
29357K10,ENVA
39141610,GWB
64869110,SNR
94419L10,W
98919V10,ZAYO
10948W10,BSIG
53030730,LBRDK
4651310,ATRA
13089P10,CALA
23833710,PLAY
74365U10,TARA
82621J10,SIEN
92345110,VBTX
64157F10,NVRO
69924R10,PGRE
4269710,ARAY
86212110,STOR
G0750C10,AXTA
89910,ADMA
83420320,SLNO
19249H10,CHRS
32026V10,FFWM
31572Q80,FGEN
35803910,FRPT
56584910,MRO
4274410,AROW
47973J10,JYNT
30048L10,EVFM
69354M10,PRAH
8.97E+34,TBK
91544A10,UPLD
52603A20,LC
98139A10,WK
23283X20,CTSO
G5005R10,JRVR
91704F10,UE
10316T10,BOX
81904710,SHAK
92837710,VSTO
33583410,FNWB
22190710,ICBK
27616P10,DEA
38983D30,AJX
46185L10,NVTA
92916010,VMC
92866110,VNRX
98401710,XHR
7877130,BLPH
45781D10,INOV
77313F10,RCKT
03676C10,ATEX
65341D10,NXRT
86614U10,SUM
91325V10,UNIT
16961L10,KDNY
09627Y10,BPMC
48349710,KALV
17175710,CDTX
21833P10,CRBP
65342K10,NEXT
92825410,VIRT
92686J10,VKTX
98400H10,XBIT
38023710,GDDY
4548710,ASB
63787010,NSA
G4863A10,IGT
18539C20,CWEN
03784Y20,APLE
20369C10,CHCT
19459J10,COLL
33812L10,FIT
36473H10,GCI
12685J10,CABO
89055F10,BLD
16385110,CC
29272W10,ENR
G5480U15,LILAK
G5480U13,LILA
81255T10,SPNE
50075410,KHC
1164210,ALRM
03783C10,APPF
51654410,LNTH
81750R10,MCRB
72079510,PIRS
2134710,ALTA
97415510,WING
30050B10,EVH
37732210,GKOS
37937820,GNL
34484910,FL
4643310,ATRO
89400J10,TRU
91336L10,UNVR
70450Y10,PYPL
16706W10,CHMA
75956B10,RBNC
22905030,CYRX
76674Q10,RMNI
53803X10,LOB
57637H10,MCFT
63230710,NTRA
74383L10,PVBC
05580M10,RILY
75342210,RPD
91838510,VTVT
98954M20,Z
88250810,TXN
68341610,OOMA
81752R10,SRG
Y2685T13,GNK
6590810,BANC
44159310,HLI
74640Y10,PRPL
86771W10,RUN
78469X10,FLOW
69343T10,PJT
12640210,CSWI
23753F10,DSKE
75901B10,RGNX
4881610,ATRC
70975L10,PEN
G5509L10,LIVN
32008D10,FDC
42824C10,HPE
4826920,ACBI
30227H10,EXTN
35086T10,FCPT
28102010,EIX
71377A10,PFGC
44109J10,TWNK
74624M10,PSTG
01748H10,ABTX
3279730,AVXL
23284F10,CTMX
97137810,WSC
G8534710,SBBP
86881A10,SGRY
4552810,AC
85223410,SQ
05464T10,AXSM
26443V10,DLTH
29460X10,EQBK
32043P10,FGBI
50127T10,KURA
G1483810,MIME
57667L10,MTCH
74967R10,RMR
92915B10,VYGR
Y9530810,WVE
05351W10,AGR
69036R86,OSG
68235C10,OCX
83190L20,SMBK
G0624210,TEAM
98138J20,WKHS
36164Y10,GCP
94909010,WBT
28106W10,EDIT
6.54E+14,NCBS
87164F10,SNDX
92672L10,VRAY
90431120,UA
53122970,BATRA
53122988,BATRK
53122940,LSXMA
53122960,LSXMK
00773J10,AGLE
17107740,CDXC
37946310,GWRS
75700L10,RRR
81374A10,SCWX
15136A10,CDEV
2922710,ARA
91822J10,VBIV
45688C10,NGVT
00401C10,ACIA
59774210,MSBI
45826J10,NTLA
74587B10,PLSE
36251C10,GMS
82982L10,SITE
90041L10,TPB
91200810,USFD
34959J10,FTV
41165Y10,HONE
63010410,NH
81621210,SELB
87184Q10,SYRS
4764910,ATKR
247410,AZZ
37954A20,GMRE
90138F10,TWLO
G9078F10,TRTN
48283N10,KDMN
92531L20,VRS
49714P10,KNSL
93075210,WTRH
70387R10,PAVM
45320410,PI
87357P10,TCMD
87266J10,TPIC
04965B10,ATOM
32051X10,FHB
64132R10,NRBO
58506Q10,MEDP
7.44E+14,PTGX
04650Y10,HOME
00773T10,ASIX
25787G10,DFIN
92532W10,VSM
82900L10,SMPL
14070T10,CSTR
29978A10,EVBG
35966410,FLGT
67059N10,NTNX
87337910,TRHC
26856L10,ELF
30257X10,FBK
92047W10,VVV
G0772R20,NTB
G0084W10,ADNT
98850P10,YUMC
1387210,AA
09239B10,BL
34960W10,FRTA
45005610,IRTC
30227M30,XOG
37576610,G
51327210,LW
38255010,GT
509810,GOLF
03940R10,ARCH
13462K10,CWH
Y4105310,INSW
36240910,GTYH
74275G10,PRTH
57055L10,MRKR
G0684D10,ATH
20678710,CNDT
43283X10,HGV
70051710,PK
73317470,BPOP
5963510,BPOP
45781V10,IIPR
68621F10,ORGO
G4740B10,ICHR
70788V10,PVAC
88675R10,TIG
92214X10,VREX
6254010,BOH
47580P10,JELD
91345610,UVV
65290C10,NEX
74952710,REVG
3272410,ANAB
48111610,JNCE
18885T30,CLPR
35039210,FBM
46187W10,INVH
51861320,LAUR
65019410,NBEV
42786610,HSY
74347M10,PUMP
L0223L10,ARD
00973N10,AKTS
G1083010,BYSI
46005L10,IMXI
92511U10,VRRM
40749710,HLNE
65342T10,NODK
80689H10,SNDR
67929510,OKTA
98585N10,YEXT
93627C10,HCC
12739A10,CADE
18914U10,CLDR
29103W10,EEX
33975010,FND
81617J30,WTTR
68337310,OTRK
69324R10,PCSB
50104410,KR
70455110,BTU
38241084,GDP
48251K10,KREF
45687V10,IR
1.46E+14,CARS
96758W10,WOW
03782L10,APPN
30779N10,FMAO
3621LQ10,GTHX
69046910,OVID
G8232Y10,SGH
M9608810,URGN
92347M10,VERI
92840M10,VST
83418M10,SOI
G1119610,BHVN
12441110,BY
38741L10,GPMT
72964010,PLYM
78645L10,SAFE
55966310,MGY
04685N10,ATNX
05360L20,ATXI
10104410,BOMN
16282810,CKPT
29667J10,ESQ
59045L10,MRSN
G6375R10,NESR
82536T10,SSTI
46590V10,JBGS
87266M10,TRTX
10922N10,BHF
13173L10,CLXT
18976310,CODX
48311910,KALA
71639T10,PETQ
74930B10,RBB
75737F10,RDFN
90238J10,TYME
9630810,BVH
6646710,BKNG
G1757E11,CMCL
26614N10,DD
6452010,BPRN
04530L20,ASPU
00436Q10,ACEL
24984K10,DMTK
20670410,BBCP
62818Q10,MBIO
30607B10,FLMN
09215C10,BKI
40701T10,HBB
40417F10,HFFG
24344T10,DCPH
50114710,KRYS
57778K10,MAXR
34623210,FOR
87105L10,SWCH
14178810,CARG
63845R10,EYE
5475487,AYTU
13215210,CATC
31609R10,FDBC
92332W10,VERO
68752L10,KIDS
58844R10,MBIN
68404V10,OPTN
69290X10,PDLB
76243J10,RYTM
12665010,CVS
2136910,ALTR
30057T10,AQUA
13765N10,CNNE
78781P10,SAIL
86089710,SFIX
20854L10,CEIX
36100810,FNKO
84833T10,SPRO
09629F10,BXG
27032D30,ESTE
59177410,MCB
03753U10,APLS
98420X10,XFOR
05988J10,BAND
12481V10,CBTX
58958P10,MRBK
85917W10,SBT
81064810,SCPH
24823R10,DNLI
65158N10,NMRK
G9001E12,LILAK
G9001E10,LILA
03763A20,AMEH
14713L10,CASA
19249J10,CWBR
37033410,GIS
55055010,LBC
55381010,MVBF
67607910,ODT
74766Q10,QTRX
23131L10,CURO
G5698W11,LXFR
92854210,VVNT
53115L10,LBRT
45623710,ILPT
00090Q10,ADT
G3910810,GTES
05351X10,AVYA
72814N10,AGS
22978P10,CUE
92941V20,VYNE
64044220,NMRD
8.34E+14,SLDB
12720310,WHD
92565210,VICI
75321W10,PACK
14161W10,CDLX
30052C10,EOLS
53839L20,LIVX
00973W10,KERN
36164V30,GLIBA
75704L10,RDVT
7.51E+14,RFL
09075P10,BTAI
10862110,BWB
87615L10,TH
43808310,FIXX
30257810,FNCB
37244610,GNPX
67109R10,OPBK
68619K20,ORGS
03969F10,RCUS
98983V10,ZUO
78409V10,SPGI
38431350,EAF
G6700G10,NVT
08986R40,BHA
12326C10,BFST
19764110,CLBK
00653Q10,AHCO
25616310,DOCU
38267D10,GSHD
65487K10,LASR
52730D20,LEVL
15677J10,CDAY
22836810,CCK
8442310,WRB
49436810,KMB
15872M10,CHX
2.95E+14,EQH
21872L10,CPLG
2.69E+14,EVOP
71534710,PRSP
98311A10,WH
39572G10,GSKY
31948P10,FCBP
45773010,INSP
07272M10,BCML
21044C10,ROAD
84861D10,STXB
29973410,EVLO
30212W10,EXPI
G5269C10,KNSA
68621T10,OBNK
80706P10,SRRK
91381U10,UBX
76133Q10,RVI
05550J10,BJ
10948C10,BV
03836N10,APTX
05455M10,AVRO
25755410,DOMO
28249H10,EIDX
30041R10,EVER
46571Y10,IIIV
49372L10,KZR
54738L10,LOVE
55910K10,MGTA
G5966510,MGTX
68401U20,OPRX
89374L10,TBIO
89610F10,TCDA
92511W10,VRCA
98422L10,XERS
2.97E+14,EPRT
90268110,UGI
88025T10,TENB
78116T10,RUBY
01671P10,ALLK
9371210,BE
34417P10,FOCS
02607T10,AFIN
3.84E+13,AQST
08579X10,BRY
19046P20,CCB
21037310,CNST
22663K10,CRNX
53635D20,LQDA
33751L10,MYFW
74374N10,PRVB
76029N10,REPL
76029L10,RPAY
83570H10,SONO
G2717B10,CWK
04206A10,ARLO
2267110,AMAL
2357610,AMTB
59047913,MESA
69320M10,PCB
70451A10,PAYS
3.00E+14,EB
23156110,CW
04335A10,ARVN
09073N20,BSGM
06652N10,BSVN
13973710,CBNK
36120Q10,FVCB
39868T10,GRTS
86936710,STRO
98424110,YMAB
91688F10,UPWK
1977010,ALLO
53814L10,LTHM
76118Y10,REZI
3965310,ACA
98585X10,YETI
74271810,PG
05465P10,AXNX
06211J10,BFC
39813G10,GDYN
69290Y10,PAE
50015M10,KOD
54142F10,LOGC
G6S41R10,OSMT
71722410,PHAS
82570410,SIBN
90184D10,TWST
92210710,VAPO
05344R10,AVCO
29772L10,ETON
24703L20,DELL
2.94E+14,ENOB
52472M10,LEGH
98212N10,WRAP
22304C10,CVET
1444210,ALEC
38341P10,GOSS
41358P10,HARP
48334710,KLDO
84258710,SO
83425110,SOLY
87808K10,TCRR
98986M10,ZYXI
35137L10,FOXA
35137L20,FOX
P7368411,OSW
05875B10,BALY
Y2067610,DSSI
23255M10,CYCN
55087P10,LYFT
82489T10,SWAV
74019P10,DTIL
14610310,CARE
G9478710,WTRE
02128L10,ALTG
10918L10,MNRL
14912310,CAT
39533010,GNLN
43906K10,HOOK
56064Y10,MNSB
62921N10,NGM
69753M10,PLMR
82710M10,SILK
90041T10,TPTX
8.86E+13,BYND
70202L10,PSN
90353T10,UBER
50050N10,KTB
08862L10,XAIR
03828A10,APLT
05454B10,AXLA
22053A10,CRTX
10969610,BCO
35352510,FRAF
45166A10,IDYA
6.53E+14,NXTC
75686R20,RRBI
83946P10,SPFI
89377M10,TMDX
57860510,MEC
19416210,CL
10806X10,BBIO
00973Y10,AKRO
04965G10,BCEL
G1776610,CMBM
45258J10,IMVT
48576A10,KRTX
61775R10,MORF
74140Y10,PRVL
71535D10,PSNL
88339P10,REAL
86150R10,STOK
04546L10,AMK
42225T10,HCAT
71944F10,PHR
74349J10,PROS
86745K10,NOVA
14843C10,CSTL
35961610,FULC
45174J50,IHRT
60474910,MIRM
72356110,PBFS
76525P10,RMBI
30205M10,XCUR
98379L10,XPEL
22766M10,CFB
50127010,KRUS
92347D10,VERY
92663R10,VMD
72341T10,PING
7.08E+14,PNTG
15672710,CRNC
01446U10,ALRS
44958510,IGMS
68376D10,OPRT
80405P10,STSA
85205L10,SWTX
30068X10,XGN
7982310,BRBR
7.43E+14,PGNY
10467410,BRC
03836J10,APRE
05589G10,BRP
12674W10,CABA
35803L10,FREQ
40411110,HBT
59165J10,MCBS
69242L10,OYST
71722W10,PHAT
7.54E+14,RAPT
75955J40,RLMD
92661310,VIE
92764N10,VIR
11135B10,BRMK
10502010,BEAM
02083X10,PINE
82837P40,SI
N1976T10,CNTG
28255910,ETNB
36338D10,GRTX
82982T10,SITM
87238110,TELA
39986L10,GRWG
85209W10,SPT
30249130,FMC
9.20E+13,BDTX
68269G10,ONEM
03969K10,ARQT
9723510,BSBK
78501P20,SWKH
80810D10,SDGR
76155X10,RVMD
14762610,CSPR
07373V10,BEAM
17038610,COFS
68280L10,ONEW
70271210,PASG
74313910,PFHD
10876310,BRID
03966V10,ARNC
11275Q10,BIPC
13005U10,CALB
45249V10,IMRA
00187Y10,APG
49232710,KROS
24419910,DE
68622P10,ORIC
98943L10,ZNTL
81630730,SLQT
45332Y10,NARI
11012210,BMY
70213Q10,PTRS
G3728V10,GAN
55234L10,LYRA
34633R10,FMTX
00973J10,AKUS
03824M10,AMTI
37148K10,GBIO
92243G10,PCVX
72913910,PLRX
74319F10,PROG
05370A10,RNA
26484T10,DNB
4.37E+12,ACCD
65487U10,NKTX
75943R10,RLAY
93142710,WBA
11284V10,BEPC
61511110,MEG
1981810,ALVR
92847W10,VITL
00166B10,ALXO
03589W10,ANNX
11566020,TBI
31189V10,FTHM
45790W10,INZY
46565G10,ITOS
9702310,BA
67080M10,NRIX
69834010,PAND
73730P10,PSTX
89457R10,TIG
75010210,RXT
02875D10,AOUT
G491BT10,IVZ
Y5847310,MAXN
50157510,KYMR
90254950,UAL
64119V30,NTST
511110,AFIB
16281810,CMPI
41319710,HRMY
G4690M10,IBEX
45720L10,INBX
69014510,OM
85914M10,STEP
1.11E+24,BNL
69526K10,PTVE
86646P10,SUMO
82668L87,SIG
52634L10,LNSR
74065P10,PRLD
69353Y10,PMVP
92552R40,VVI
50736T10,LSF
04746L10,ATHA
22041X10,CRSR
26818M10,DYN
95058W10,WEN
38942Q10,GRAY
5.91E+14,MTCR
87761910,TSHA
50107A10,KRON
27627N10,EBC
58450V10,MAX
57632310,MTZ
36803610,GATO
78472W10,SQZ
04683R10,AVIR
01626L10,ALGS
00402L10,ASO
60510V10,AVO
12529R10,CCCC
19201010,CDAK
27008710,EAR
34417410,FHTX
74584810,LUNG
68236R10,ONCR
74006W10,PRAX
8.52E+14,SPRB
82024L10,STTK
87650L10,TARS
87161C50,SNV
00258W10,AAN
53815P10,RAMP
44181510,HI
22439910,CR
12660010,CVBF
47233W10,JEF
282410,ABT
12719030,CACI
12738210,CADE
16516773,CHK
12803020,CALM
14428510,CRS
12812610,CAMP
13078810,CWT
780010,AJRD
13133410,CLNY
02376R10,AAL
37153210,GCO
31540510,FOE
53983010,LMT
96145D10,WRK
65163910,NEM
14149Y10,CAH
81730H10,S
48214T30,GRUB
46014610,IP
14752810,CASY
30161N10,EXC
15189T10,CNP
14956710,CVCO
71708110,PFE
15185210,CBNK
15242010,CBAN
29101110,EMR
47816010,JNJ
15641010,CENT
21935010,GLW
69350610,PPG
69351T10,PPL
88579Y10,MMM
16076910,CAKE
58933Y10,MRK
16113310,CHRS
62007630,MSI
13809810,CMD
16172810,CDEV
16353210,CTRN
33793210,FE
16530310,CPK
12589610,CMS
10964110,EAT
43284810,HLT
17134010,CHD
17206210,CINF
92939U10,WEC
3041110,AWK
88320310,TXT
17290810,CTAS
74457310,PEG
17474010,CIA
40621610,HAL
55269010,MDU
98389B10,XEL
29364G10,ETR
30034W10,EVRG
2553710,AEP
65339F10,NEE
1852230,ALE
1371610,AL
4418610,ASH
26884L10,EQT
74956K10,RGS
67083710,OGE
19210850,CDE
72447910,PBI
19247910,COHR
19626710,TILE
66680710,NOC
19933510,COLM
75511150,RTN
05379B10,AVA
2360810,AEE
20030010,CMCSA
20034010,CMA
20052510,CBSH
68268010,OKE
41586410,HSC
13442910,CPB
20339910,COMM
96332010,WHR
5377410,CAR
50243110,LHX
63618010,NFG
34537086,F
26000310,DOV
82270360,SC
24736110,DAL
20582620,CMTL
25063810,PLAY
20619710,CE
25468710,DIS
29265N10,EGN
08986R30,BH
83851810,SJI
22948Q10,CTO
54042410,L
48783610,K
92220P10,VAR
85915810,STL
14233910,CSL
18589910,CLF
21683110,CTB
22410J10,CBRL
78354910,R
04538V10,APY
5380710,AVT
78462610,ST
40434L10,HPQ
7181310,BAX
22989910,CFR
26441C20,DUK
98421M10,XRX
72348410,PNW
62957910,NC
915810,APD
62671710,MUR
92904210,VNO
42809H10,HES
12650110,CTS
22160610,CSTR
1165910,ALK
G6359F13,NBR
4273510,ARW
03820C10,AIT
11563710,BFA
11563720,BFB
25357210,DCOM
25666910,DG
19257610,COHU
20172310,CMC
68191910,OMC
34354P10,FLS
22966910,CUB
26951010,EGLE
26209320,DRH
27631710,EML
27826510,EV
36480210,GAN
28541040,ELMD
29257310,DATA
42270410,HL
42280610,HEI
42345210,HP
43610610,HFC
44045210,HRL
44351060,HUBB
4956010,ATO
29410010,ENZ
29443520,EQIX
29534910,ERIE
29605610,ESCA
23291C10,BOOM
57459910,MAS
30767510,FARM
63721510,NPK
9282810,BL
65171850,NR
31677310,FITB
67034610,NUE
67459910,OXY
31758210,FISI
69149730,OXM
7591EP10,RF
70014A10,PKE
21871D10,CLGX
89840210,TRMK
31984610,FCBC
55261F10,MTB
74100420,PDLB
32020910,FFBC
32086710,FMBI
77513310,ROG
32055B10,FIBK
77571110,ROL
81154310,SEB
33690110,SRCE
32051710,FHN
82434810,SHW
06647C10,BKNG
33940530,FLIC
85858610,SCL
34060510,FBNC
86701710,SNR
34346810,FLOW
34443740,FONR
34984710,FORM
34988310,FOSL
35006010,FSTR
35351410,FELE
35461310,BEN
35969410,FUL
96214910,WEYS
36357610,AJG
96945710,WMB
84790A10,SPB
37190110,GNTX
94974610,WFC
65473P10,NI
83083010,SKY
95081710,WSC
85206110,S
85366610,SMP
38248610,GOOD
03743Q10,APA
57708110,MAT
38410910,GGG
7588710,BDX
6780610,B
38941430,GRAY
96216610,WY
23355L10,DXC
45950610,IFF
40179110,GILD
25365110,DBD
40412510,HCCI
87254010,TJX
23102110,CMI
41987010,HE
1933010,AMOT
41959610,HVT
42026110,HWKN
42190610,HCSG
70109410,PH
2003910,AT
G4388N10,HELE
46121H10,IIN
42721010,HRTG
94884910,WMK
71404610,PKI
97809710,WWW
43708310,HOME
74762010,NX
40425110,HNI
43900210,HOOK
47836610,JCI
65158710,NEU
83269640,SJM
58943310,MDP
44565810,JBHT
44615010,HBAN
44732410,HURC
01741R10,ATI
85450210,SWK
58013510,MCD
85423110,SXI
91820410,VFC
72450810,PDM
45337010,ISTR
45344030,IHC
45664510,INFO
48917010,KMT
45680910,INFN
30040W10,ES
00770F10,AEGN
87936910,TFX
45791510,INGN
5361110,AVY
5301510,ADP
45866530,TILE
45868310,INGR
15083760,CVM
25454310,DIOD
30065820,EXEL
45990210,IGT
45867G10,IDCC
G5150210,JCI
46120310,IVC
57174810,MMC
83088M10,SWKS
78644920,SFE
39843310,GFF
18905410,CLX
37246010,GPC
12705510,CBT
44107P10,HST
48248010,KLAC
76775487,RAD
7.42E+14,PNRG
48347610,KALV
48354810,KAMN
17273710,CC
50247010,LB
48815220,KELYA
29338910,EBF
12611710,CNA
17187150,CBB
31385510,FSS
49427410,KBAL
95710,ABM
53037010,LC
86835810,SGC
46625H10,JPM
87901J10,TGNA
50075930,KTOS
30274710,FIT
50187510,KIDS
50216110,LSI
50533610,LZB
51280710,LRCX
61536910,MCO
51384710,LANC
44485910,HUM
90781810,UNP
51790010,LASR
51868610,LAUR
52077610,LAWS
53418710,LNC
52200510,ANNX
52416410,LECO
8.76E+14,TGT
2917410,ARL
1475210,ALX
9367110,HRB
25406710,DDS
6405810,BK
23585110,DHR
73763010,PCH
53517110,LIND
75281A10,RRC
3071010,AMN
54714310,LOCO
60444210,MNST
90110910,TPC
88642R10,TDW
55377710,MTSC
55277P10,MGEE
53245710,LLY
81685010,SMTC
58441K10,MEG
97463710,WGO
56357140,MTW
88077010,TER
56633010,MCS
69036810,OSG
49455P10,KMI
81756510,SCI
57055910,MFAC
92240G10,VVC
57641110,MSTR
57685010,MTRX
57734510,MLP
87182910,SYY
57978020,MKC
77032310,RHI
36867810,GENC
88033G40,THC
93965310,WRE
29442910,EFX
5714910,BKR
38480210,GWW
52605710,LEN
43147510,HRC
58740510,MRBK
29670G10,WTRG
58940010,MCY
41805610,HAS
46069010,IPG
59064R10,MLAB
5652510,BMI
51549810,LAND
59152020,MEI
38463710,GHC
2932810,AROC
45005810,IRT
82617610,SIEB
59408710,MIK
59490810,FAST
38308210,GRC
59511210,MU
59513810,MSON
59668010,MSEX
85916010,SPR
59831110,MCBC
60054410,MLHR
74586710,PHM
78430510,SJW
36110,AIR
60782810,MOD
60941410,MLAB
89652210,TRN
60972010,MNR
61635010,MORF
78463510,SPXC
69349H10,PNM
57669010,MTRN
93114210,WMT
63040210,NSSC
63234610,NATH
54634710,LPX
20588710,CAG
89464410,TREC
45230810,ITW
21036910,CSTL
63851710,NWLI
5564530,BRT
63902710,NATR
87908010,TRC
63933810,NAVI
37732010,GLT
64121710,NSCO
66978210,NOVT
38241040,GDP
5849810,BLL
65410610,NKE
92829810,VSH
65566310,NDSN
65566410,JWN
105510,AFL
92243A20,VXRT
66585910,NTRS
88077910,TEX
66765N10,NWN
31374720,FRT
66979010,NOVA
36225V10,GPX
87157J10,SCOR
84474110,LUV
75875010,RBC
1880210,LNT
67523210,OII
36476010,GPS
49726610,KEX
2581610,AXP
67786410,ODC
17123210,CB
60871R20,TAP
90265310,UDR
45814010,INTC
68022310,ORI
6050510,BAC
8.94E+14,TRV
81725T10,SXT
68240610,OLP
55081910,LDL
68605010,OPRT
G5960L10,MDT
68964810,OTTR
69073210,OMI
83303410,SNA
69347510,PNC
38455610,GHM
69371810,PCAR
89109210,TTC
31428X10,FDX
2593210,AFG
3265410,ADI
52466010,LEG
65122910,NWL
69806510,PANW
69888410,PAR
84489510,SWX
790310,AMD
70066610,PKOH
25765110,DCI
54866110,LOW
635130,AE
70334310,PATK
9057220,BIO
42829110,HXL
70432610,PAYX
70432710,PAYC
G0403H10,AON
24801910,DLX
61539420,MOGA
9211310,BKH
75421210,RAVN
70963110,PNR
88355610,TMO
12640810,CSX
09257W10,BXMT
44559110,HUN
3.80E+14,GL
69327R10,PDCE
37429710,GTY
71690810,PETQ
95530610,WST
71722510,PHAS
59000710,MTOR
3216510,ASO
95059010,WEN
00847J10,AGYS
26414710,DCO
72452010,PFSI
11523610,BRO
73912810,POWL
84546710,SWN
87943382,TDS
58935440,MAX
92929710,WMS
12552310,CI
16359R10,CHE
65584410,NSC
74311610,CARE
74331510,PGR
64602510,NJR
74388510,PROV
74460D10,PSA
74622830,PCYO
4.01E+13,AGX
74730910,QUAD
74731610,KWR
25746U10,D
65343C10,NXGN
49326710,KEY
74912010,QUOT
74960710,RLI
90470810,UNF
74968510,RPM
52490110,LM
62846410,MYE
83186520,AOS
75040710,RDFN
21664840,COO
91192210,USLM
87815510,TISI
92343V10,VZ
00206R10,T
90297330,USB
43707610,HD
55267610,MDC
78442P10,SLM
20451210,CTT
75990310,REAL
94262220,WSO
95810210,WDC
76048010,REPH
74966010,RES
2687478,AIG
46564T10,ITI
91325910,UTL
77288710,ROCK
8930210,BIG
26842V20,EEX
42250P10,PEAK
78028710,RGLD
1.41E+54,CMO
86791410,STI
94874110,WRI
78411710,SEIC
81630010,SIGI
G9618E10,WTM
78662710,SAGE
78665010,SLAB
76162410,REX
61744644,MS
80707610,SCHL
3013710,AMK
80876810,SMSI
33587T10,FF
81001610,SSTI
55262020,NOW
N5946510,MYL
81170780,SBCF
65248770,NWS
75473010,RJF
81375910,SAFE
21036P10,STZ
81512610,STAG
41282210,HOG
48666K10,KBH
10536820,BDN
88947810,TOL
17296742,C
27886510,ECL
2127110,ALTA
29462810,EQC
72146710,PPC
83545310,SONA
91529Y10,UNM
83549510,SON
1717510,Y
2989910,AWR
5826410,BLD
89832Q10,TFC
31632610,FNF
82569810,SHYF
3938810,ARCH
45816D10,INS
85231230,STAA
63590610,NHC
85388720,SR
85525610,STAR
85747710,STT
9.14E+14,UHT
85959110,STRS
86034210,SVC
86037210,STC
86063010,SF
86366710,SYK
86415910,RGR
87157310,SCOR
87873610,TECH
91829F10,VOXX
05722G10,BKR
87927110,TELL
98147510,INT
88654710,TIF
365410,ABMD
14365830,CCL
55262C10,MBI
73106810,PII
80851310,SCHW
12552710,CIM
51508610,LE
92240M10,VGR
72378710,PXD
74683K10,PMT
26817Q88,DX
56418H10,MAN
14886520,CALA
91168410,USM
12201410,BR
26441150,DRE
59001A10,MTH
74971D10,RPT
88034510,TNC
59627810,MIDD
00724F10,ADBE
57307510,MRTN
22690110,CMD
66405S10,NBN
88337F10,ODP
2144110,ALTR
45167R10,IEX
32081710,FRME
66877110,NLOK
82301410,TFC
1849010,AGN
89465010,TG
19242210,CGNX
26951420,EGLE
42721110,HTBK
67061H10,GOGO
09073M10,TECH
31563330,FOCS
88033210,TISI
91329810,UNTY
92276F10,VTR
26875P10,EOG
28551210,EA
25379810,DGII
65333G10,NEXT
45031U10,STAR
98974P10,ZIXI
51841510,LSCC
45253H10,IMGN
06646L10,BKNG
36237H10,GIII
39090510,GSBC
69370C10,PTC
22052430,COR
64049110,NEOG
28556250,ECHO
89369110,TRGP
09062W20,BLFS
4990130,ATRA
23791410,DATA
17275R10,CSCO
88516010,THO
12709710,COG
83001810,SXC
43644010,HOLX
79014810,JOE
92581510,VICR
38732810,GVA
40411910,HCA
90225210,TYL
72367010,PFBC
98391910,XLNX
83001P10,SIX
08160H10,BHE
92556H20,VIAC
89623910,TRMB
30214U10,EXPO
92846910,VITL
70065810,PRK
22463320,CRDA
57685310,MTRX
05329W10,AN
12323910,BBCP
12990310,CALB
51861510,LAUR
58988910,MMSI
9.18E+14,VBIV
78477910,STOR
89641210,TACO
92536C10,VERU
29631510,ESE
14915010,CATY
2.23E+14,CVA
66676210,NRIM
62475610,MLI
69371P10,PRIM
25827810,DORM
69360J10,PSB
5333210,AZO
45853L10,ICBK
75886F10,REGN
91290910,X
46222210,IONS
75049110,RDNT
76128Y10,RVI
41012010,HWC
53222Q10,LCUT
74586510,PLSE
38000210,GLYC
00737L10,ATGE
45168D10,IDXX
75893210,RGS
00130H10,AES
795210,APTV
21775310,CORR
22100610,CRVL
85570710,STFC
25442310,DIN
G0176710,ALKS
92532F10,VRTX
61023610,MNRO
74331210,PRGS
88870R10,TVTY
98920710,ZBRA
30230110,EZPW
74267C10,PRA
63501710,FIZZ
09062X10,BIIB
33767D10,FCFS
42217B30,HASI
36020,AAON
04962P30,ATXI
05561Q20,BOKF
21684410,COOP
85924110,STRL
89352910,TRNS
16115710,SAIL
82980720,SITE
67958010,ODFL
63633D10,NHI
00215F10,ATNI
45669M10,INFO
98141910,WRLD
92956610,WNC
44032710,HMN
49446R10,KIM
67098H10,OI
80042210,JBSS
3011120,AMSC
74752510,QCOM
G9782210,PRGO
88162G10,TTEK
97717P10,WETF
42193930,HII
21867P10,CORE
22002T10,OFC
3939210,ARCH
37555810,GILD
60487110,MSON
57684410,MATX
69329Y10,PDLI
81018610,SMG
32022610,FFWM
77669610,ROP
80706610,SCHL
87160710,SNPS
13119310,ELY
32021810,THFF
37475810,PACK
54230710,STAR
71584310,PETS
62877810,NBTB
81766110,SERV
44930G10,ICUI
75382010,RARE
46636710,JACK
55616P10,M
60819010,MHK
21925D10,CNR
04649U10,ASUR
68394810,OPTN
89834920,TRST
108410,AGCO
7.60E+14,RNST
78385910,STBA
61769810,MSTR
97477B30,WINA
36352K10,GNL
31996310,FDC
5278610,CARS
11844010,BKE
03937C10,ARCB
50114810,KRYS
10113710,BSX
50025510,KSS
91347P10,OLED
90337L10,USPH
3849620,ARA
35346910,FC
31982910,FCF
G8473T10,STE
7589610,BBBY
22531010,CACC
23331A10,DHI
50105210,KRON
75915F10,RCII
19723610,COLB
84476910,SWBI
35952H60,FCEL
85524410,SBUX
59514510,MTSI
90249410,TSN
36929910,GENC
15352710,CENT
29256210,WIRE
86316720,STRS
70468310,PEAK
88579510,TNET
02926R10,AMRS
68193610,OHI
30024010,EVRG
50217510,LTC
33741H10,FUNC
16307210,CAKE
09247G10,BFC
00191U10,ASGN
53700810,LFUS
P1699413,BLX
20468010,CPRX
87342510,TACO
60315810,MTX
40413210,HCC
70339510,PDCO
75023610,RDN
77907710,RH
90467720,UFI
253520,AAN
48282T10,KAI
53220K50,LGND
87666410,TCO
62629K10,MIC
38869010,GPK
81190410,CKH
29396110,EVTC
40425J10,HMSY
45683610,INFU
78454L10,SM
91359V10,UVE
90389910,ULBI
68379710,OPY
00753M10,AERI
88554D20,DDD
91034010,UFCS
65338K10,NXGN
68752M10,OFIX
G7T16G10,SPNS
74167P10,PRMW
90278810,UMBF
44891N20,IAC
22890310,CRY
16516774,CHK
63234710,NATH
70978910,PEBO
77451510,RCKY
91348310,UEIC
G0177J10,AGN
82981J10,SITC
1644010,AAT
29472R10,ELS
1131110,ALG
05367P10,AVID
16861510,CHS
46120210,INTU
51509810,LSTR
59501710,MCHP
2501210,ACHC
82488910,SCVL
86102510,SYBT
17148410,CHDN
78659830,SGA
H1467J10,CB
21872870,CRM
05945F10,BANF
34988V10,FOSL
46631310,JBL
67103H10,ORLY
78647510,SAFT
80105610,SANM
33640910,SHEN
89609510,TCBK
11282X10,BPYU
3833610,ATR
V7780T10,RCL
3525510,ANIK
37386510,GABC
40624G30,HMHC
75935160,RGA
42194610,HR
423910,AKR
H8817H10,RIG
87546510,SKT
90329340,USG
37253A10,THRM
6846310,BBSI
30244510,FLIR
2000210,ALL
69881310,PZZA
80874P10,SGMS
23281510,CYRX
74052F10,PFC
61735810,MG
40049C10,RC
87484T10,TALO
13313110,CPT
00754R10,ASUR
97425010,WINA
36619910,GRMN
52729510,LEVL
60902710,MCRI
71375510,PFGC
89591210,TRIP
94947010,WELL
9972410,BWA
29476L10,EQR
80439510,BFS
59100U10,CASH
62458010,MOV
91390310,UHS
21079530,CAL
P7482310,PB
7745410,BDC
00507V10,ATVI
20160710,CLBK
24353710,DECK
36665110,IT
74727A10,QCRH
76131210,RUN
76939710,RVSB
04911A10,AUB
10330410,BYD
03939B10,ARCH
52904310,LXP
91748810,UTMD
75884910,REG
62944T10,NVR
04878P10,ABR
15649210,CNTY
32020R10,FFIN
46574110,ITRI
34985310,FWRD
68027710,OSBC
70348110,PTEN
64944510,NYCB
37468910,ROCK
91828410,VSEC
80688210,SCHN
90278Q10,UFPI
92555010,VIAV
91704710,URBN
45337C10,INCY
55305B10,MHO
89101310,TRU
12552558,CMCT
73814010,PTRS
55626910,SHOO
51861310,LAUR
90267310,UFPT
58470H10,MED
92343610,VRTS
04280A10,ARWR
91979410,VLY
19057T10,PAR
27743210,EMN
82880610,SPG
86667410,SUI
92025310,VMI
40521710,HAIN
31314830,AGM
92043710,VALU
59522J10,MAA
1265310,ALB
07556Q88,BZH
57328410,MLM
75490710,RYN
92178410,VERY
10111910,BPFH
23426410,DAKT
23332B10,DSPG
89235610,TSCO
74955L10,RGCO
3779710,APTX
09058V10,BCRX
20701410,CONE
21720410,CPRT
51504L10,LARK
62007110,MPAA
62933710,NNBR
80603710,SCSC
68162K10,ZEUS
5348410,AVB
55438210,MAC
74341010,PLD
849210,ADC
26969P10,EXP
52186510,LEA
2.55E+13,AEO
50568810,BOOT
12501N10,CUBE
36555810,GDI
12003510,RARE
78516210,SABR
84338010,SMBC
03076K10,ABCB
64026810,NKTR
58504P10,MEDP
70756910,PENN
82907310,SSD
04961R10,ATOM
4845610,ACBI
69046610,OVID
4.52E+14,IMAX
50345960,LJPC
59528210,MCBS
59266510,MTRN
82655910,SIGA
29717810,ESS
43128410,HIW
53117210,LPT
03748R74,AIV
39365710,GBX
45817Y10,ITGR
57712810,MATW
36162J10,GEO
55448910,CLI
00738A10,ADTN
60055120,MLR
57053810,MRKR
85340310,STND
92710740,VLGEA
75950910,RS
92763840,VRA
82968B10,SIRI
23726610,DAR
4532710,AZPN
22284P10,CVLG
49906410,KNX
86345110,STRO
90338N20,USX
75610910,O
14040H10,COF
58155Q10,MCK
2358610,UHAL
42217V20,FIT
66734010,NWBI
92241710,VECO
45068B10,ESI
45765U10,NSIT
76009N10,RCII
92904710,VRTX
11434010,BRKS
86189610,SNEX
45103N10,ICHR
449810,ACIW
92923610,WDFC
25674610,DLTR
63651810,NATI
3.07E+13,ABC
13722510,CNR
93882410,WAFD
12480510,CBZ
62482R10,COOP
849410,ABTX
97510,ANET
G2377310,CWCO
41316010,HLIT
65332910,NXGN
23719410,DRI
41987910,HA
53223X10,LSI
92974010,WAB
53390010,LECO
5348710,AVNT
5603910,BY
25470M10,DISH
76115210,RMD
82922610,SBGI
12518010,ENV
35671D85,FCX
46127U10,IVZ
81761L10,SVC
95709010,WABC
45798520,IART
49373210,KFRC
75807540,RWT
5047310,AUBN
27603910,EBAY
67000B10,NOVT
58502B10,MD
G0450A10,ACGL
81707050,SENEA
83215420,SMSI
41086710,THG
G3223R10,RE
23918K10,DVA
1747610,ALLE
23590610,DFIN
29530P10,ERIE
62855J10,MYGN
73278L10,POOL
74934Q10,RICK
16150R10,CCF
797310,AEIS
68375N10,OPK
34387310,FFIC
06652V20,BANR
80640710,HSIC
45766J10,INSG
46114810,IVAC
64110D10,NTAP
66774610,NWPX
12021X10,PARR
82705710,SSTI
59935P20,MLSS
11825510,BKI
51843910,EL
80854110,SWM
94184810,WAT
88322Q10,TGTX
14790510,CSTL
17737610,CTXS
29084Q10,EME
03168L10,AMRX
29089W10,ISEE
67020Y10,NUAN
41651510,HIG
55353010,MSM
67000240,NVAX
36111560,FRG
84265V10,SCCO
76974210,ROAD
78668010,SAGE
76152560,REV
96913310,WLL
96990410,WSM
1535110,ALXN
3416410,ANDE
19933310,CMCO
12634910,CSGS
46284V10,IRM
51476610,LNDC
67771910,OVBC
75381710,RAPT
39762410,GEF
15643110,CENX
39762420,GEFB
44332010,HUBG
M8411K10,SMPL
59283R10,CASA
14934810,CATB
89869720,TCX
48273810,KVHI
30049A10,EPM
80036310,SASR
84649210,SPLK
87123710,SYKE
69912Y10,PRG
89989610,TUP
4311320,ARTNA
98144710,WRLD
64125C10,NBIX
67010C20,NOVT
74050M10,PFBI
85227Q10,SSNC
00767T10,ASB
30307510,FDS
98181110,WOR
03662Q10,ANSS
23813410,DATA
20786W10,CNOB
14757U10,CASI
37155910,GWR
49338N10,KEYS
89785X10,TBI
74386810,PROV
N7248212,QGEN
75968A10,REGI
78184630,RUSHB
30239F10,FFG
G7496G10,RNR
14808P10,CASS
37416310,GERN
67523410,OCFC
70557310,PEGA
86272C10,STRA
25392210,DCOM
40161710,GES
55315D10,MMAC
4990510,ATRC
14390510,CSV
37892710,GOGO
38097510,JACK
51281610,LAMR
68404L20,OPCH
59163F20,INFO
64114W30,NTST
85891210,SRCL
89854H10,TTEC
5268610,ANET
84763A10,SPPI
45385410,INFN
97064610,WLFC
289620,ANF
5561760,BOX
38937510,GTN
90328M10,USNA
3979310,ARI
62955J10,NOV
89681810,TGI
70959W10,PAG
09180C10,BJRI
42856710,HIBB
45692110,INFN
82921310,SMCI
45769F10,INOV
98970110,ZION
67018T10,NUS
81105440,SSP
00430H10,AXDX
5376210,AVIR
8865810,BCOR
34656310,FORR
29426810,PLUS
77637810,PLUS
81169910,SEAC
85811910,STLD
91116310,UNFI
53679710,LAD
21891610,CNO
6.29E+14,NCR
74834L10,DGX
88034910,TEN
77390310,ROK
45778Q10,NSP
84044110,SSB
49427F10,KRC
89618L10,TGH
91329010,UNTY
03072M10,AMH
15708510,CERS
03782R10,APPS
42328H10,HLIO
92346J10,VCEL
13967410,CCBG
82704810,SLGN
74316410,PRTK
17273730,KMX
91879Q10,MTN
29873610,EEFT
97650W10,WTFC
16411R20,LNG
19202510,CVLY
33793070,FBC
87405410,TTWO
1527110,ARE
3209510,APH
39075210,GL
49890420,KNL
2313510,AMZN
75091710,RMBS
83185820,SCCO
85860310,TSC
80360710,SRPT
69478X10,PPBI
G6958610,PEAK
74736K10,QRVO
82921410,SLP
10112110,BXP
19990810,FIX
57793310,MMS
75121210,RL
85569C10,SRT
27727610,EGP
4592010,ATEN
42330P10,HLX
23337740,DXPE
28291410,EGHT
M4729810,GALT
4.28E+34,HSKA
06417N10,OZK
05548J10,BJ
21871N10,CXW
48020Q10,JLL
17038810,CPS
3110010,AME
78440X80,SLG
83437610,SOI
91913Y10,VLO
89417T10,TRIP
45766A10,INVA
51165610,LKFN
74318810,PGEN
6684910,BHB
G6577310,NAT
98849810,YUM
59001K10,MTOR
31164210,FARO
16890510,PLCE
74151110,PSMT
82691710,SIGA
3571040,NLY
13303410,CAC
26203710,DRQ
78377T10,RHP
39890510,GPI
86183P10,SRI
G3673810,FDP
12541W20,CHRW
14744810,CWST
15202L10,CSR
67104410,OSIS
3037910,AVID
16990510,CHH
10919510,BFAM
24822110,DNLI
12753720,CDZI
74340W10,PLD
825210,AMG
26884U10,EPR
59161010,MGM
59268810,MTD
83545G10,SAH
5276910,ADSK
45718710,INGR
4135620,AAIC
59540G10,MPB
91136310,URI
29414D10,EVHC
P7339810,NYMX
73927610,POWI
71363P10,PRDO
12466Q10,CFFI
24869P10,DENN
42722X10,HFWA
43940T10,HOPE
77437410,RMTI
88709810,TSBK
9.23E+14,VRSN
92936U10,WPC
44951W10,IESC
85309710,AJX
83169D10,SMED
05971J10,BXS
7.48E+14,PWR
85815520,SCS
13973310,CARS
37184C10,GNSS
11373M10,BRKL
19851610,COLM
45904410,IBOC
66954910,NWFL
69318J10,CNXN
86887310,SRDX
3734710,ANH
20563P10,CIX
38388F10,GRA
57190320,MAR
8651610,BBY
81211K10,SEE
93005910,WDR
55272X10,MFA
26842310,EFC
19623P10,CBAN
12618T10,CRAI
45580R10,INDT
56275010,MANH
77563410,ROLL
83568G10,SONO
90421410,UMPQ
18051W10,CLR
45768S10,IOSP
71833310,PHR
3165210,AMKR
40460910,HCKT
00246W10,AXTI
40076410,GNTY
62473L10,MPWR
84470P10,SBSI
18270P10,CLAR
31421110,FHI
03027X10,AMT
45845L10,ICPT
11766510,BMTC
56790810,HZO
81685110,SRE
G0260210,DOX
19244610,CTSH
8.86E+33,BYND
90385D10,ULTI
59497240,MSTR
76075910,RSG
46447810,IPI
7734730,BELFB
76028120,RBCAA
22160N10,CSGP
90116710,TWTR
42692710,HTBK
79522610,SAL
91728620,UBA
22822V10,CCI
19074W10,CBZ
27864210,EBAY
51475710,LAND
21869Q10,COMM
12073840,BNL
31938320,BUSE
12612810,CCNE
35138T10,FOX
42221N10,HPP
74360610,PB
31431B10,FNHC
45773H20,INO
12768710,CZR
88550210,TRV
83125X10,SNBR
9522910,BCOR
2406110,AXL
16358210,CMCL
42782550,HT
31942S10,FCAP
38101310,GDEN
67066G10,NVDA
85917A10,STL
27900H10,ECOM
36143810,GBL
50064320,KFY
93119210,WLDN
10138810,EPAY
27579R10,EWBC
85512C20,SGH
55306N10,MKSI
68267P10,ONEM
09857L10,BKNG
12653C10,CNX
47231910,JEF
2774510,AMNB
25264R20,DHIL
04914Y10,ATLC
14057J10,CFFN
30226D10,EXTR
42281910,HSII
42190310,HEAR
20164710,CFB
38141G10,GS
95082P10,WCC
63910B10,NLS
20360710,CBU
82709410,SILK
12651410,DDD
83056610,SKX
31561610,FFIV
31758540,FISI
20846410,CNC
48203R10,JNPR
75156710,RAMP
78410G10,SBAC
85285720,STMP
91307C10,UTHR
82620P10,BSRR
73931J10,PWFL
2756810,AMC
52610710,LII
25383010,DOC
70458630,PAE
74790650,QMCO
36872P10,GNSS
22160K10,COST
09061G10,BMRN
62914B10,EGOV
31866P10,FNLC
39435710,GCBC
48123V10,JCOM
29255410,ECPG
01988P10,MDRX
92823T10,VHC
71375U10,PRFT
58737610,MBWM
25179M10,DVN
68243Q10,FLWS
66986W20,NOVA
64115T10,NTCT
53216A10,QUOT
3.02E+34,FB
28225C80,EGAN
36519910,GDEN
09247X10,BLK
17273K10,CIR
17471510,CIZN
19576110,CFX
29410P10,EPC
64123410,NEU
25525P10,DHC
96945510,WCG
00971T10,AKAM
26894810,EGBN
36269P10,GAIA
63935M20,NAVI
72704940,PLRX
72919P20,PLUG
86149C10,STOK
86722Q20,TPC
69325Q10,PCTI
01167P10,ALSK
16117M10,CHTR
19421R20,CLCT
30212510,EXPE
45252110,IMMR
N6451310,MTCH
69371Y10,PACW
50189K10,LCII
50077B20,KTOS
00846U10,A
26929N10,EVI
45817G20,IDN
87936010,TDY
91131210,UPS
6342510,BMRC
25380710,DMRC
05541T10,BGCP
55422510,MCBC
63486510,NKSH
71709820,PFSW
47214R15,JAZZ
58401N10,MED
69515610,PKG
30225510,EXTN
00847G70,AGEN
14450030,CONE
51163710,LBAI
00289Y10,ABEO
2.82E+14,EW
28035Q10,EPC
92553H10,VG
30213010,EXPD
45774W10,IIIN
M0861T11,ALVR
18060610,CLAR
5.50E+14,LMNX
70214P10,PRTS
82691910,SLAB
30253510,FNWB
2077210,APT
31961010,FBK
59156R10,MET
12738A10,CADE
37637Q10,GBCI
61174X10,MNST
12571T10,CCMP
30161Q10,EXEL
74638910,PRPL
42222N10,HSTM
52887230,LXRX
53814610,LPSN
66996710,NUAN
68218910,ON
80067710,SGMO
36027110,FULT
68287N10,OSPN
62937710,NRG
70211Y10,PRTH
72581M30,PXLW
76254410,RBBN
8468010,BHLB
15986410,CRL
20366810,CYH
92839U20,VC
M0169010,ACCD
14172610,CARE
42047610,HWBK
69526310,PACW
45766930,INSM
4.61E+64,ISRG
37246N10,GDYN
57387410,MRVL
63741710,NNN
8.62E+14,STOR
5454020,ACLS
4004760,ARNA
9569850,BLUE
G3040110,ENDP
45232710,ILMN
14817C10,SAVA
29382R10,EVC
11679410,BRKR
25400W10,APPS
29444U10,EQIX
29664R10,ESPR
86882C10,SRGA
84721510,SPTN
2.65E+14,DNB
05368V10,AVNT
92851S20,V
45826H10,ITGR
05349M10,AVGO
04537Y10,AWH
26660510,DRRX
87305R10,TTMI
87603010,TPR
42628110,JKHY
94271210,WW
G0533010,AX
46119F10,INGN
82312B10,SHEN
44934S20,ICAD
777930,AEGN
45782B10,INSG
76655960,RIGL
70469910,PGC
H2906T10,GRMN
41690610,HBIO
76122Q10,RGP
20557C10,CIO
34341210,FLR
84749R10,SP
98718410,YORW
1625510,ALGN
30063P10,EXAS
41049520,HAFC
21075N20,MCF
37940X10,GPN
56842710,MPX
67802610,OIS
3664210,ATRS
7400210,BE
45383860,IBCP
00845V30,AGR
34349810,FLO
82619750,SI
31983A10,FCBC
81181C10,SGEN
25770120,DGICA
17886710,CIVB
82510710,SHBI
81619610,SEM
91146010,UBFO
44894750,IDT
70454920,BTU
76129W10,RVP
1858110,ADS
31620M10,FIS
60920710,MDLZ
G9662910,WLTW
63905010,NTUS
29911Q20,EVBN
69328210,PDFS
98956P10,ZBH
G1151C10,ACN
55457110,MFNC
68213N10,OMCL
45913010,IBIO
53071810,L
69047Q10,OVV
G1696210,BG
G3682E19,FRO
74044410,PLPC
21989G10,CXP
22748310,CCRN
3675210,ANTM
74251V10,PFG
78408D10,SBFG
70843010,PWOD
174410,AMN
00508Y10,AYI
00751Y10,AAP
15135B10,CNC
98262P10,WW
33832D20,FVE
74432010,PRU
95889210,WNEB
31986N10,FCCY
87157D10,SYNA
19239V30,CCOI
36467W10,GME
56456310,MANT
70450810,PYPL
89361720,TCI
90984P30,UCBI
4343610,ABG
47714310,JBLU
51601210,LCI
76253710,RNA
02148M10,ATRS
20530610,CPSI
64110L10,NFLX
69037010,OSTK
72346Q10,PNFP
92343X10,VRNT
29355X10,NPO
29014R10,ELOX
43903810,HOFT
95123P10,WTBA
00763M10,EYE
96176510,WHG
09060J10,BDSI
211310,COMM
12824610,CVGW
75689M10,RRGB
78184620,RUSHA
50216C10,LYTS
12558110,CIT
05990K10,BANC
29358R10,ESGR
36866T10,GPRO
78709Y10,SAIA
14313010,KMX
17179810,XEC
20030N10,CMCSA
98313410,WYNN
25339310,DKS
21036U10,CNST
15721010,CEVA
70088510,PKBK
69354N10,PRAA
78648T10,SAFT
83175410,SWBI
388130,ACTG
29444U70,EQIX
G9456A10,GLNG
12572Q10,CME
92928R10,WMC
31983510,FCCO
74386T10,PFS
62944520,NVEC
4004910,ARD
42234Q10,HTLF
34637510,FORM
59132420,MUSA
60855R10,MOH
G0692U10,AXS
87968A10,TELL
14956810,CVCO
64111Q10,NTGR
38868910,GPK
37653610,GOOD
88224Q10,TCBI
91527110,UVSP
1.26E+14,CNO
50188920,LKQ
00182C10,ANIP
14622910,CRI
03837C10,APYX
96638750,WLL
20824210,CONN
57115710,MRLN
58058910,MGRC
98390M10,XPER
26821110,DZSI
55279B20,MEIP
2567620,AEL
20451N10,CMP
50105F10,KRO
64031N10,NNI
6.70E+24,NG
72407810,PIPR
74963F10,RMR
88023U10,TPX
91391510,UTI
33942T20,FLT
72376110,PBF
55907920,MGLN
71638210,PETS
26815820,DVAX
05969F10,TBBK
43274810,HTH
04621X10,AIZ
78402X10,DDD
62937750,NRG
23210910,CUTR
15568510,CVCY
82886710,SMPL
82669G10,SBNY
78573L10,SBRA
90385V10,UCTT
80511110,SVRA
3892310,ABR
G0585R10,AGO
21835210,CORT
23282W60,CYTK
74268T10,PROS
4350910,ASB
37247D10,GNW
39525910,GHL
98379310,XPO
02043Q10,ALNY
03475V10,ANGO
21924P10,CRTX
67070410,NUVA
03525Y10,PUMP
78469C10,SP
00686U10,KAR
12504L10,CBRE
60935Y20,MGI
64960450,NYMT
79466L30,CRM
G7738W10,SFL
06424J10,BOCH
25754A20,DPZ
29275Y10,ENS
94946T10,WCG
09227Q10,BLKB
56400P70,MNKD
2483510,ACC
19247A10,CNS
30225T10,EXR
49803T30,KRG
63936L10,NVT
96041310,WLK
02079K30,GOOGL
85916J40,STXS
26817R10,DYN
7368510,BECN
84287310,SFST
25386810,DLR
68334410,ONTO
61945C10,MOS
86789210,SHO
22966310,CUBE
00770C10,ADES
44746210,HURN
45781M10,INVA
88268110,TXRH
31447P10,FENC
40637H10,HALO
64007910,NP
68668810,ORA
83171G10,SPRO
57060D10,MKTX
60983910,MPWR
66807430,NWE
73618720,PLAY
84863T10,SPOK
3100110,ATLO
43710G10,HOME
13219310,OLED
05969A10,TBBK
51783410,LVS
55608B10,MIC
G4412G10,HLF
15087010,CE
92922P10,WTI
17292210,CZNC
86606G10,SMMF
92554J10,VIAC
25659T10,DLB
44701110,HUN
74112D10,PBH
29366810,EBTC
29371210,EFSC
48716P10,KRNY
63110310,NDAQ
74036740,PFBC
60855010,MTEM
91388P10,ULH
05465C10,AX
74431A10,PBIP
25213110,DXCM
25278430,DRH
26745T10,DYAI
G5405010,LAZ
17306X10,CTRN
61770010,MORN
72927310,PLBC
98981710,ZUMZ
00922R10,ATSG
06643P10,BFIN
12008R10,BLDR
Y2187A15,EGLE
50187A10,LHCG
25056510,DBI
35471R10,FSP
68823920,OSK
35903210,FRG
89469A10,THS
95763810,WAL
33734710,FHI
58463J30,MPW
20903410,CNSL
25470F10,DISCA
30212P30,EXPE
Y2685T10,GNK
00081T10,ACCO
69945P10,KIDS
12526910,CF
G3163G10,CNR
63900P50,NSP
04963C20,ATRC
47035910,JRVR
68209510,OFLX
75524B10,ROLL
78333210,RUTH
03076C10,AMP
30034T10,EVRI
G2143T10,CMPR
9623110,BXG
31620R30,FNF
86216810,SCU
Y2065G12,DHT
31939010,FBIZ
46146L10,ISBC
94188P10,WSBF
03071H10,AMSF
46272610,IRBT
86765240,SPWR
90431110,UAA
71057710,PEBK
11246310,BKD
45866F10,ICE
5529810,BCBP
21868110,CORE
54388110,LORL
53803410,LYV
92553P20,VIAB
92765V10,REX
P3107610,CPA
16965610,CMG
40403010,HEES
75885Y10,RGP
22704610,CROX
53635B10,LQDT
91004710,UAL
50060P10,KOP
89364110,TDG
39322210,GPRE
65333910,NEXT
9560210,BLUE
14888D20,CBIO
92165910,VNDA
73650884,POR
24665A10,DK
57636Q10,MA
62475810,MWA
92886T20,VG
4916420,AAWW
31891610,FBMS
74915M10,QRTEA
69937430,PRTK
33691810,FPI
36982210,GFN
02081G20,ATEC
38168Y10,GOLF
43689320,HOMB
55035110,LUNA
81617L10,SLCT
69336V10,PGTI
14161910,CSII
87157B10,SNCR
7.56E+14,H
H0153110,AWH
16856510,CBNK
22362110,COWN
16115Q30,GTLS
48300770,KALU
29977A10,EVR
41034510,HBI
20361210,ESXB
95980210,WU
20416610,CVLT
44925C10,ICFI
53262L10,LMST
98973P10,ZIOP
28238P10,EHTH
30208110,EXLS
52555820,LMAT
04247X10,AWI
25960P10,DEI
69074210,OC
52532710,LDOS
77829610,ROST
83310,ACA
29089Q10,EBS
42704L10,HRI
48242W10,KBR
84857410,SPR
14888U10,CPRX
33643310,FSLR
68555P10,ORBC
96924N10,WLDN
02208R10,AIMC
01748X10,ALGT
39060710,GLDD
44980X10,IPGP
58468P20,MNOV
14574X10,TAST
7.95E+14,SBH
29221810,EIG
807310,AVAV
34520320,FRPT
45675Y10,III
74347R66,USD
21870U50,CORR
439710,ARAY
15352720,CENTA
G3075P10,ESGR
63530910,NCMI
14427M10,PRTS
55886810,MDGL
11133T10,BR
25755920,UFS
82873020,SFNC
37989010,GLUU
36241U10,GSIT
42087720,HAYN
86800U10,SMCI
17243V10,CNK
24736170,DAL
87259010,TMUS
29667D10,ESSA
87240R10,TFSL
00766T10,ACM
05508R10,BGS
12477X10,CAI
21201510,CLR
74972L10,RRR
89621520,TRS
01345P10,ALBO
18449910,CLNE
03152W10,FOLD
G4095J10,GLRE
45841N10,IBKR
45784P10,PODD
87874R10,TTGT
39270910,GRBK
45667G10,INFN
G5087110,JAZZ
53261M10,LLNW
20564W10,SCOR
85528P10,STAR
02078A10,HDS
88822Q10,TIPT
25470910,DFS
74346Y10,PRO
G2112510,CNR
23331S10,DHX
92927K10,WBC
55002110,LULU
57479510,MASI
92827P10,VRTU
20605P10,CXO
03957W10,AROC
92856340,VMW
G3922B10,G
88076W10,TDC
91689610,UEC
89214P10,TOWN
90384S30,ULTA
12662P10,CVI
16942J10,CSR
76131N10,ROIC
74731Q10,PZN
G8766E10,TGH
16934Q20,CIM
29275620,ES
55003T10,LL
55354G10,MSCI
81124610,SCU
88580F10,PAR
02913V10,APEI
29358P10,ENSG
66611T10,NFBK
04744L10,ATHX
G1991C10,CATM
68627510,OESX
27876810,SATS
88830R10,TITN
4231550,ARR
34623310,FOR
34380C10,FLNT
86333M10,LRN
48939810,KW
89674910,GTS
92934F20,WH
58958U10,EBSB
23582520,DAN
9067210,BEAT
42726M10,HCCI
59851110,MOFG
46269C10,IRDM
43157110,HI
71817210,PM
92826C83,V
3042010,AWK
2.61E+14,DPS
46121Y20,IPI
64118K20,FRC
74761910,NX
19401410,CFX
91324P10,UNH
92531L10,VRS
Y7388L10,SB
00123Q10,AGNC
3.01E+14,EVTC
90300210,UMH
78355W66,RFL
25432X10,DCOM
47783910,JBT
29270J10,ERII
74164F10,PRIM
25470F30,DISCK
4.04E+14,HCI
55405W10,MYRG
57633B10,MHH
25381B10,DMRC
3.36E+14,FSFG
4.37E+14,HBCP
74347W67,CMD
38526M10,LOPE
00950G10,ASO
18538R10,CLW
92828Q10,VRTS
67180710,OVLY
68738010,ORRF
82001710,SMED
67623C10,OPI
46131B10,IVR
70931T10,PMT
L0175J10,ASPS
54142L10,LOGM
88145X10,TBNK
85571B10,STWD
11135F10,AVGO
03762U10,ARI
19624R10,CLNY
81619Q10,SEM
60649T10,MG
90187B40,TWO
673910,ADUS
27875T10,ECHO
68214310,OMER
92345Y10,VRSK
25667710,DG
44857910,H
52186520,LEA
22362260,COWN
3.50E+14,FTNT
12558180,CIT
97415210,WING
48238T10,KAR
50077C10,KRA
70509V10,PEB
72147K10,PPC
55357310,MSGN
72019020,PDM
88146M10,TRNO
15118V20,CELH
46333X10,IRWD
74874Q10,QNST
13100M50,CALX
98927210,ZNTL
57776J10,MXL
84763R10,SPB
G8060N10,ST
Y7542C13,STNG
5358830,AVEO
32055Y20,FIBK
78467J10,SSNC
16208T10,CLDT
59132A10,MUSA
G6331P10,AOSL
19200510,CDXS
21036U20,CNST
78463M10,SPSC
26942G10,EBMT
74939710,RCM
21900C30,CRMD
25960R10,PLOW
3.02E+14,EXPR
31847R10,FAF
37230910,GNMK
53274610,LMNR
87945510,TNAV
44409710,HPP
83001A10,SIX
92835K10,VPG
G3323L10,FN
12503M10,CBOE
88160R10,TSLA
