permno,ticker
10026,JJSF
10028,ELA
10032,PLXS
10051,HNGR
10104,ORCL
10107,MSFT
10138,TROW
10145,HON
10158,AMRC
10201,AT
10220,BWXT
10225,BEAM
10239,PTVCB
10252,INDB
10254,STRL
10286,PROS
10302,CY
10308,TMP
10318,BCPC
10333,XOMA
10340,FGBI
10355,DJCO
10368,TSBK
10375,TCF
10382,ASTE
10397,WERN
10401,T
10421,SKYW
10443,FRPH
10463,REFR
10473,TIPT
10501,AMWD
10516,ADM
10517,PRG
10528,COMM
10530,VIVO
10547,CLFD
10556,STAR
10568,SERV
10606,WTS
10623,FRC
10629,FNB
10645,LAKE
10649,PTSI
10673,BSBK
10693,EHC
10696,FISV
10703,CARE
10725,CF
10777,FCNCA
10812,HTLD
10822,GAN
10857,PLAY
10860,OSUR
10866,CAL
10874,BC
10888,SEAS
10890,UIS
10892,WSFS
10901,ITIC
10909,CERN
10917,PAHC
10932,WBS
10933,MKL
10966,AXGN
10973,MTCH
11006,FLIC
11018,FBP
11056,STSA
11081,DELL
11138,SAFE
11144,AVD
11145,MSBI
11154,PLAB
11162,MESA
11174,CRMT
11193,KIDS
11203,ARGO
11208,OFG
11221,CDTX
11235,TENB
11247,PDCO
11267,CATO
11270,EIGR
11272,TTEC
11275,KRMD
11285,FBNC
11293,WSBC
11308,KO
11313,DATA
11343,SAFM
11348,CNBKA
11369,UBSI
11370,ENV
11393,SWTX
11397,WASH
11403,CDNS
11404,ED
11410,RESI
11423,INBK
11442,CHCO
11457,PGEN
11478,BRY
11481,EBIX
11499,CECE
11522,BEAM
11533,FICO
11545,KIDS
11547,CNMD
11552,CELG
11565,HBNC
11581,EPAC
11587,ATRI
11593,SNFCA
11600,XRAY
11602,EQBK
11618,FAST
11628,CPF
11634,RBNC
11636,HRTX
11644,CRK
11664,GDOT
11674,DTE
11691,MATX
11701,IMKTA
11703,DD
11731,AIN
11735,GPRO
11739,ACEL
11752,IIVI
11762,ETN
11766,LUNG
11775,JOUT
11786,SIVB
11790,ALCO
11803,MITK
11809,CLH
11825,CYBE
11843,ALEC
11844,CTBI
11850,XOM
11884,IPAR
11891,MGM
11896,MXIM
11898,MTSI
11910,TEAM
11915,HOPE
11940,SILK
11955,WM
11992,TCF
11995,COKE
12008,DY
12009,QUAD
12036,GATX
12049,GORO
12052,GD
12060,GE
12062,LH
12068,ONB
12070,WSR
12073,PBCT
12076,SIG
12078,ELMD
12079,GM
12084,NXPI
12089,RP
12093,COR
12136,CASH
12141,ALTA
12146,CSBR
12166,FRBK
12181,GRAY
12188,EAR
12189,HIFS
12211,LNN
12214,LOGC
12226,MGPI
12242,PANL
12252,GOLF
12256,AMBA
12265,EYE
12266,CDMO
12307,AMRS
12308,CHTR
12320,AIZ
12329,EFC
12342,BOX
12345,LYB
12360,PACB
12362,STND
12363,VRA
12366,BAH
12369,GM
12373,HHC
12380,PCYG
12391,CMRE
12400,LPLA
12402,PRMW
12413,ZGNX
12448,FRC
12449,FLT
12452,INFU
12456,MMI
12458,RYI
12473,KNX
12476,TRGP
12477,WD
12480,ACNB
12490,IBM
12491,AMBC
12493,QADA
12497,ASMB
12502,OFED
12503,NAV
12513,AAT
12515,BKU
12527,IBIO
12542,NLSN
12558,KMI
12559,NPTN
12566,INN
12570,ITT
12573,ACRX
12577,FLDM
12583,PCRX
12588,USCR
12614,FBM
12615,FF
12622,HCA
12623,HII
12639,CSOD
12640,SREV
12641,AL
12650,KSU
12668,APTS
12681,STAG
12718,BRP
12756,RLJ
12758,ECOL
12781,SR
12783,THR
12788,KOS
12796,SAVE
12798,WIFI
12872,MPC
12880,AMCX
18490,BLUE
12905,SXC
12913,CHEF
12914,DNKN
12927,ZG
12981,FBHS
13003,VER
13006,FMNB
13007,LCNB
13019,GNE
13035,XYL
13046,UI
13085,VAC
13103,APTV
13105,ACHC
13107,CLVS
13108,GRPN
13116,BCEI
13141,WPX
13142,CPRI
13159,FBIO
13168,TRIP
13169,ZNGA
13181,GWRE
13188,POST
13196,RLGT
13201,REGI
13202,VSTM
13210,EPAM
13244,MTDR
13249,PRLB
13253,SLCA
13260,BCOV
13261,BV
13262,CCXI
13267,CZR
13278,HMST
13284,ALSN
13302,RM
13303,NL
13305,RXN
13314,WP
13316,VCRA
13318,YELP
13320,ARCT
13321,CSTE
13324,GALT
13407,FB
13326,MTSI
13328,HEAR
13332,ACRE
13343,MRC
13356,PSX
13358,RPAI
13375,FRGI
13377,PFPT
13379,SPLK
13384,EVER
13399,TLYS
13401,WMC
13410,SUPN
13429,ALEX
13439,HTA
13447,NOW
13452,TROX
13453,CEMI
13456,TSRO
13507,ANAT
13508,NGVC
13511,PANW
13520,CHUY
13528,FSBW
13532,HBMD
13534,HTBI
13537,FRG
13548,BLMN
13567,ADT
13577,HY
13579,NBHC
13580,SRC
13586,PNR
13599,LFVN
13600,QLYS
13603,AMPH
13604,BERY
13610,OLN
13617,LXFR
13621,PBYI
13622,RLGY
13625,SSTK
13628,WDAY
13634,AMBA
13641,FANG
13643,ICPT
13646,AMRC
13687,RH
13688,PCG
13694,CHMG
13704,NEO
13706,PRTA
13712,UIHC
13718,AMRS
13721,ABBV
13723,RESI
13730,PBF
13739,BFAM
13743,VTOL
13748,TPH
13752,CONE
13756,LAND
13757,FWONA
13760,NCLH
13766,BCC
13775,ORC
13777,AMSWA
13787,RC
13788,ZTS
13791,CNOB
13796,HROW
13797,INBK
13799,XONE
13802,APAM
13816,MODN
13818,PF
13825,ENTA
13837,EVTC
13843,HASI
13856,PEP
13860,SEAS
13862,TMHC
13863,TXMD
13870,CMRX
13876,HMTV
13877,IBTX
13881,TNET
13887,AHH
13890,ECOM
13947,BLUE
13894,EARN
13900,AMTI
13901,MO
13904,VOYA
13907,NRZ
13908,PFSI
13911,IQV
13914,DATA
13918,ARCT
13919,AMBC
13921,CUBI
13924,EPZM
13928,COP
13935,NRC
13936,PVH
13943,TSC
13949,CDW
13954,ESPR
13956,GOGO
13957,HDS
13959,NDLS
13962,NSTG
13963,NWSA
13964,NWS
13965,NBSE
13967,PTCT
13968,RNA
13969,SAMG
13983,COTY
13993,GTT
14008,AMGN
14030,CWENA
14036,DOC
14039,SRC
14040,S
14044,AGIO
14045,LIND
14054,MRTX
14061,AMH
14065,EVHC
14071,IRT
14072,PGEN
14076,MUSA
14089,FI
14092,ASC
14097,FOXF
14099,MBII
14102,SFM
14136,RNG
14145,AAOI
14149,BNFT
14159,FEYE
14161,FPRX
14166,NVEE
14167,ISEE
14169,PINC
14175,TCFC
14177,DOOR
14179,AR
14181,BRX
14182,BURL
14183,CHMI
14184,CXP
14185,CPS
14196,ESRT
14213,MMI
14220,QTS
14221,RMAX
14229,OMF
14231,VEEV
14235,ESNT
14238,AERI
14239,COMM
14244,EIGI
14245,FATE
14252,GLPI
14257,MGNX
14262,SRNE
14263,VCYT
14274,TCS
14276,KODK
14277,SLB
14279,STAY
14295,TWTR
14297,ALLE
14299,ESGC
14310,FRBA
14312,HMHC
14316,KPTI
14317,LGIH
14318,NMIH
14322,S
14328,AMC
14329,ARMK
14334,CTT
14336,UUUU
14338,HLT
14352,KIN
14353,PANL
14359,XNCR
14401,OGS
14406,ESI
14408,RSPP
14414,SC
14422,CARA
14423,EIGR
14426,DRNA
14431,GLYC
14432,ITCI
14433,TACO
14434,MBUU
14436,RARE
14440,TVTX
14451,CNCE
14456,EGRX
14457,FLXN
14459,INGN
14467,RVNC
14472,VRNS
14479,IBP
14487,KN
14489,LADR
14490,GCI
14495,ATEN
14500,BRG
14503,OUT
14504,QUOT
14516,QTWO
14521,TNET
14526,APOG
14528,AGTC
14531,AKBA
14532,AMRK
14535,NLTX
14541,CVX
14542,GOOG
14543,BLBD
14544,LE
14550,REPH
14554,TWOU
14555,ARAV
14558,ALLY
14559,CIO
14566,FPI
14567,GRUB
14574,MC
14579,PAYC
14580,MGNI
14590,AGFS
14593,AAPL
14601,NAVI
14603,PAHC
14604,PFIS
14608,SABR
14609,SPWH
14615,IMUX
14625,HRTG
14632,DNOW
14634,PE
14641,ZEN
14642,LPG
14645,AGRX
14650,BWFG
14651,CTRE
14653,FMBH
14657,TOWN
14666,QTNT
14667,RESN
14670,SFBS
14674,TBPH
14682,RYAM
14684,TMST
14688,AMPH
14690,ARDX
14691,CBAY
14693,CBMG
14694,GPRO
14696,MIK
14702,AMAT
14704,INFO
14707,RDUS
14714,ANET
14715,ASPN
14716,CCS
14751,VRTV
14755,TSE
14759,WMS
14761,TREC
14763,CTLT
14773,PARR
14776,SYF
14781,TPCO
14782,TRUP
14786,OEC
14790,ADVM
14795,TKR
14796,AQUA
14797,CDNA
14803,HQY
14807,IRMD
14810,ISTR
14811,FWONK
14812,LOCO
14815,MRNS
14816,TR
14822,NERV
14823,OCUL
14825,ARCH
14828,SAGE
14836,XENT
14855,RYI
31310,ETON
14872,LTRPA
14882,CZR
14884,VEC
14889,CFG
14927,CFRX
14923,AFMD
14925,BCLI
14926,CDK
14930,GWGH
14932,MBCN
14939,KEYS
14941,AVNS
14942,KE
14943,CBFV
14944,LBRDA
14951,BGSF
14953,BOOT
14960,ENVA
14969,GWB
14974,SNR
14983,W
14984,ZAYO
14985,BSIG
14988,LBRDK
14991,ATRA
14995,CALA
15014,PLAY
15015,TARA
15016,SIEN
15022,VBTX
15046,NVRO
15048,PGRE
15051,ARAY
15052,STOR
15053,AXTA
15056,ADMA
15058,SLNO
15059,CHRS
15064,FFWM
15065,FGEN
15067,FRPT
15069,MRO
15070,AROW
15072,JYNT
15075,EVFM
15079,PRAH
15084,TBK
15087,UPLD
15092,LC
15119,WK
15127,CTSO
15133,JRVR
15142,UE
15145,BOX
15167,SHAK
15168,VSTO
15178,FNWB
15180,ICBK
15194,DEA
15196,AJX
15198,NVTA
15202,VMC
15215,VNRX
15216,XHR
15218,BLPH
15220,INOV
15221,RCKT
15226,ATEX
15231,NXRT
15264,SUM
15279,UNIT
15282,KDNY
15284,BPMC
15285,KALV
15286,CDTX
15287,CRBP
15293,NEXT
15302,VIRT
15303,VKTX
15305,XBIT
15315,GDDY
15318,ASB
15323,NSA
15331,IGT
15332,CWEN
15338,APLE
15343,CHCT
15371,COLL
15390,FIT
15391,GCI
15395,CABO
15397,BLD
15398,CC
15400,ENR
15402,LILAK
15403,LILA
15407,SPNE
15408,KHC
15409,ALRM
15410,APPF
15429,LNTH
15431,MCRB
15433,PIRS
15435,ALTA
15440,WING
15452,EVH
15454,GKOS
15455,GNL
15456,FL
15457,ATRO
15478,TRU
15482,UNVR
15488,PYPL
15497,CHMA
15505,RBNC
15506,CYRX
15525,RMNI
15527,LOB
15530,MCFT
15534,NTRA
15539,PVBC
15540,RILY
15541,RPD
15542,VTVT
15546,Z
15579,TXN
15582,OOMA
15584,SRG
15597,GNK
15617,BANC
15623,HLI
15639,PRPL
15643,RUN
15647,FLOW
15650,PJT
15651,CSWI
15654,DSKE
15658,RGNX
15676,ATRC
15694,PEN
15702,LIVN
15703,FDC
15707,HPE
15709,ACBI
15710,EXTN
15719,FCPT
15720,EIX
15724,PFGC
15785,TWNK
15729,PSTG
15774,ABTX
15776,AVXL
15779,CTMX
15782,WSC
15794,SBBP
15795,SGRY
15802,AC
15826,SQ
15831,AXSM
15837,DLTH
15838,EQBK
15840,FGBI
15847,KURA
15849,MIME
15850,MTCH
15853,RMR
15856,VYGR
15857,WVE
15859,AGR
15860,OSG
15863,OCX
15906,SMBK
15909,TEAM
15914,WKHS
15917,GCP
15921,WBT
15937,EDIT
15948,NCBS
15976,SNDX
15978,VRAY
15980,UA
15996,BATRA
15997,BATRK
15998,LSXMA
16000,LSXMK
16005,AGLE
16007,CDXC
16008,GWRS
16019,RRR
16020,SCWX
16021,CDEV
16024,ARA
16043,VBIV
16044,NGVT
16051,ACIA
16063,MSBI
16064,NTLA
16066,PLSE
16076,GMS
16082,SITE
16083,TPB
16084,USFD
16087,FTV
16097,HONE
16100,NH
16108,SELB
16111,SYRS
16119,ATKR
16126,AZZ
16136,GMRE
16140,TWLO
16143,TRTN
16154,KDMN
16158,VRS
16171,KNSL
16173,WTRH
16181,PAVM
16182,PI
16186,TCMD
16188,TPIC
16250,ATOM
16253,FHB
16255,NRBO
16260,MEDP
16263,PTGX
16268,HOME
16276,ASIX
16277,DFIN
16279,VSM
16284,SMPL
16285,CSTR
16287,EVBG
16290,FLGT
16304,NTNX
16308,TRHC
16318,ELF
16319,FBK
16338,VVV
16339,NTB
16342,ADNT
16343,YUMC
16347,AA
16381,BL
16384,FRTA
16386,IRTC
16402,XOG
16424,G
16431,LW
16432,GT
16434,GOLF
16436,ARCH
16437,CWH
16454,INSW
16464,GTYH
16465,PRTH
16472,MRKR
16496,ATH
16497,CNDT
16498,HGV
16499,PK
16505,BPOP
16513,BPOP
16515,IIPR
16522,ORGO
16525,ICHR
16529,PVAC
16534,TIG
16543,VREX
16548,BOH
16554,JELD
16555,UVV
16557,NEX
16560,REVG
16562,ANAB
16570,JNCE
16577,CLPR
16579,FBM
16581,INVH
16591,LAUR
16593,NBEV
16600,HSY
16617,PUMP
16624,ARD
16625,AKTS
16626,BYSI
16630,IMXI
16631,VRRM
16632,HLNE
16638,NODK
16648,SNDR
16649,OKTA
16650,YEXT
16653,HCC
16654,CADE
16657,CLDR
16660,EEX
16664,FND
16667,WTTR
16670,OTRK
16676,PCSB
16678,KR
16689,BTU
16690,GDP
16691,KREF
16692,IR
16696,CARS
16697,WOW
16698,APPN
16703,FMAO
16705,GTHX
16709,OVID
16710,SGH
16711,URGN
16712,VERI
16736,VST
16750,SOI
16751,BHVN
16756,BY
16764,GPMT
16768,PLYM
16770,SAFE
16771,MGY
16777,ATNX
16778,ATXI
16779,BOMN
16781,CKPT
16784,ESQ
16792,MRSN
16794,NESR
16805,SSTI
16809,JBGS
16813,TRTX
16816,BHF
16818,CLXT
16820,CODX
16824,KALA
16827,PETQ
16828,RBB
16829,RDFN
16834,TYME
16837,BVH
16839,BKNG
16849,CMCL
16851,DD
16853,BPRN
16856,ASPU
16874,ACEL
16880,DMTK
16895,BBCP
16903,MBIO
16905,FLMN
16917,BKI
16920,HBB
16922,HFFG
16924,DCPH
16928,KRYS
16939,MAXR
16965,FOR
16966,SWCH
16967,CARG
16971,EYE
16974,AYTU
16976,CATC
16982,FDBC
16987,VERO
16989,KIDS
16991,MBIN
16992,OPTN
16995,PDLB
17000,RYTM
17005,CVS
17034,ALTR
17035,AQUA
17036,CNNE
17037,SAIL
17038,SFIX
17039,CEIX
17043,FNKO
17044,SPRO
17047,BXG
17073,ESTE
17093,MCB
17104,APLS
17105,XFOR
17106,BAND
17108,CBTX
17117,MRBK
17121,SBT
17122,SCPH
17125,DNLI
17126,NMRK
17130,LILAK
17131,LILA
17133,AMEH
17135,CASA
17139,CWBR
17144,GIS
17148,LBC
17151,MVBF
17154,ODT
17155,QTRX
17178,CURO
17200,LXFR
17201,VVNT
17221,LBRT
17222,ILPT
17223,ADT
17227,GTES
17234,AVYA
17252,AGS
17262,CUE
17266,VYNE
17269,NMRD
17271,SLDB
17281,WHD
17307,VICI
17309,PACK
17315,CDLX
17317,EOLS
17323,LIVX
17326,KERN
17334,GLIBA
17343,RDVT
17344,RFL
17349,BTAI
17350,BWB
17357,TH
17358,FIXX
17359,FNCB
17360,GNPX
17368,OPBK
17370,ORGS
17374,RCUS
17382,ZUO
17478,SPGI
17672,EAF
17676,NVT
17677,BHA
17679,BFST
17683,CLBK
17684,AHCO
17685,DOCU
17688,GSHD
17691,LASR
17692,LEVL
17700,CDAY
17726,CCK
17743,WRB
17750,KMB
17783,CHX
17787,EQH
17789,CPLG
17790,EVOP
17792,PRSP
17794,WH
17795,GSKY
17798,FCBP
17799,INSP
17800,BCML
17801,ROAD
17802,STXB
17811,EVLO
17812,EXPI
17817,KNSA
17818,OBNK
17821,SRRK
17825,UBX
17860,RVI
17864,BJ
17867,BV
17868,APTX
17871,AVRO
17876,DOMO
17878,EIDX
17880,EVER
17887,IIIV
17889,KZR
17891,LOVE
17892,MGTA
17893,MGTX
17895,OPRX
17899,TBIO
17900,TCDA
17906,VRCA
17908,XERS
17919,EPRT
17929,UGI
17944,TENB
17947,RUBY
17948,ALLK
17949,BE
17950,FOCS
17952,AFIN
17955,AQST
17956,BRY
17957,CCB
17958,CNST
17959,CRNX
17968,LQDA
17970,MYFW
17973,PRVB
17974,REPL
17976,RPAY
18011,SONO
18012,CWK
18013,ARLO
18043,AMAL
18049,AMTB
18051,MESA
18052,PCB
18058,PAYS
18063,EB
18091,CW
18100,ARVN
18103,BSGM
18106,BSVN
18108,CBNK
18115,FVCB
18116,GRTS
18128,STRO
18133,YMAB
18134,UPWK
18137,ALLO
18138,LTHM
18142,REZI
18144,ACA
18145,YETI
18163,PG
18190,AXNX
18191,BFC
18192,GDYN
18202,PAE
18203,KOD
18205,LOGC
18209,OSMT
18210,PHAS
18212,SIBN
18214,TWST
18247,VAPO
18253,AVCO
18257,ETON
18267,DELL
18309,ENOB
18311,LEGH
18322,WRAP
18327,CVET
18376,ALEC
18377,GOSS
18401,HARP
18408,KLDO
18411,SO
18414,SOLY
18415,TCRR
18418,ZYXI
18420,FOXA
18421,FOX
18423,OSW
18425,BALY
18426,DSSI
18427,CYCN
18452,LYFT
18456,SWAV
18458,DTIL
18459,CARE
18460,WTRE
18514,ALTG
18515,MNRL
18542,CAT
18556,GNLN
18559,HOOK
18560,MNSB
18561,NGM
18563,PLMR
18566,SILK
18567,TPTX
18572,BYND
18575,PSN
18576,UBER
18578,KTB
18643,XAIR
18644,APLT
18646,AXLA
18648,CRTX
18649,BCO
18652,FRAF
18656,IDYA
18664,NXTC
18668,RRBI
18671,SPFI
18676,TMDX
18709,MEC
18729,CL
18770,BBIO
18772,AKRO
18774,BCEL
18775,CMBM
18776,IMVT
18777,KRTX
18779,MORF
18782,PRVL
18783,PSNL
18784,REAL
18785,STOK
18786,AMK
18789,HCAT
18808,PHR
18810,PROS
18815,NOVA
18832,CSTL
18838,FULC
18845,IHRT
18846,MIRM
18847,PBFS
18851,RMBI
18855,XCUR
18856,XPEL
18895,CFB
18898,KRUS
18903,VERY
18904,VMD
18912,PING
18913,PNTG
18915,CRNC
18941,ALRS
18955,IGMS
18958,OPRT
18960,STSA
18961,SWTX
18963,XGN
18967,BRBR
18968,PGNY
18973,BRC
18997,APRE
19002,BRP
19004,CABA
19008,FREQ
19012,HBT
19015,MCBS
19016,OYST
19017,PHAT
19021,RAPT
19024,RLMD
19031,VIE
19032,VIR
19033,BRMK
19036,BEAM
19037,PINE
19058,SI
19067,CNTG
19070,ETNB
19072,GRTX
19081,SITM
19082,TELA
19137,GRWG
19145,SPT
19166,FMC
19176,BDTX
19177,ONEM
19184,ARQT
19185,BSBK
19198,SWKH
19200,SDGR
19201,RVMD
19202,CSPR
19228,BEAM
19231,COFS
19250,ONEW
19251,PASG
19252,PFHD
19271,BRID
19283,ARNC
19284,BIPC
19310,CALB
19313,IMRA
19317,APG
19349,KROS
19350,DE
19353,ORIC
19356,ZNTL
19357,SLQT
19358,NARI
19393,BMY
19396,PTRS
19398,GAN
19402,LYRA
19410,FMTX
19461,AKUS
19462,AMTI
19476,GBIO
19484,PCVX
19485,PLRX
19486,PROG
19488,RNA
19495,DNB
19496,ACCD
19499,NKTX
19501,RLAY
19502,WBA
19514,BEPC
19534,MEG
19540,ALVR
19541,VITL
19542,ALXO
19544,ANNX
19546,TBI
19555,FTHM
19559,INZY
19560,ITOS
19561,BA
19566,NRIX
19567,PAND
19568,PSTX
19572,TIG
19576,RXT
19579,AOUT
19583,IVZ
19584,MAXN
19585,KYMR
19596,UAL
19601,NTST
19619,AFIB
19622,CMPI
19635,HRMY
19638,IBEX
19639,INBX
19653,OM
19655,STEP
19658,BNL
19659,PTVE
19660,SUMO
19662,SIG
19680,LNSR
19681,PRLD
19682,PMVP
19721,VVI
19778,LSF
19812,ATHA
19822,CRSR
19825,DYN
19828,WEN
19833,GRAY
19837,MTCR
19847,TSHA
19850,KRON
19854,EBC
19859,MAX
19880,MTZ
19894,GATO
19918,SQZ
19939,AVIR
19944,ALGS
19945,ASO
19946,AVO
19953,CCCC
19954,CDAK
19958,EAR
19962,FHTX
19979,LUNG
19981,ONCR
19986,PRAX
19993,SPRB
19994,STTK
19995,TARS
20053,SNV
20064,AAN
20117,RAMP
20124,HI
20204,CR
20395,CVBF
20415,JEF
20482,ABT
20512,CACI
20547,CADE
20583,CHK
20598,CALM
20618,CRS
20670,CAMP
20750,CWT
20765,AJRD
20811,CLNY
21020,AAL
21055,GCO
21135,FOE
21178,LMT
21186,WRK
21207,NEM
21371,CAH
21415,S
21548,GRUB
21573,IP
21742,CASY
21776,EXC
21792,CNP
21806,CVCO
21936,PFE
21996,CBNK
22024,CBAN
22103,EMR
22111,JNJ
22270,CENT
22293,GLW
22509,PPG
22517,PPL
22592,MMM
22737,CAKE
22752,MRK
22753,CHRS
22779,MSI
22825,CMD
22841,CDEV
22999,CTRN
23026,FE
23182,CPK
23229,CMS
23297,EAT
23309,HLT
23393,CHD
23473,CINF
23536,WEC
23544,AWK
23579,TXT
23660,CTAS
23712,PEG
23799,CIA
23819,HAL
23835,MDU
23931,XEL
24010,ETR
24053,EVRG
24109,AEP
24205,NEE
24248,ALE
24264,AL
24272,ASH
24328,EQT
24379,RGS
24440,OGE
24441,CDE
24459,PBI
24476,COHR
24716,TILE
24766,NOC
24890,COLM
24942,RTN
24969,AVA
24985,AEE
25022,CMCSA
25081,CMA
25129,CBSH
25232,OKE
25304,HSC
25320,CPB
25401,COMM
25419,WHR
25487,CAR
25582,LHX
25590,NFG
25785,F
25953,DOV
26083,SC
26112,DAL
26201,CMTL
29541,PLAY
26332,CE
26403,DIS
26470,EGN
26607,BH
26614,SJI
26650,CTO
26710,L
26825,K
27043,VAR
27254,STL
27334,CSL
27422,CLF
27430,CTB
27562,CBRL
27633,R
27642,APY
27684,AVT
27780,ST
27828,HPQ
27887,BAX
27888,CFR
27959,DUK
27983,XRX
27991,PNW
28118,NC
28222,APD
28345,MUR
28388,VNO
28484,HES
28564,CTS
28661,CSTR
28804,ALK
29102,NBR
29209,ARW
29612,AIT
29938,BFA
29946,BFB
29947,DCOM
30382,DG
30648,COHU
30680,CMC
30681,OMC
30940,FLS
31077,CUB
31369,EGLE
31376,DRH
31480,EML
31500,EV
32096,GAN
32118,ELMD
32599,DATA
32651,HL
32678,HEI
32707,HP
32803,HFC
32870,HRL
32942,HUBB
32986,ATO
33209,ENZ
33284,EQIX
33516,ERIE
33532,ESCA
33823,BOOM
34032,MAS
34367,FARM
34497,NPK
34649,BL
34673,NR
34746,FITB
34817,NUE
34833,OXY
34877,FISI
34948,OXM
35044,RF
35107,PKE
35124,CLGX
35263,TRMK
35386,FCBC
35554,MTB
35561,PDLB
35685,FFBC
35917,FMBI
35991,ROG
35992,FIBK
36003,ROL
36281,SEB
36346,SRCE
36397,FHN
36468,SHW
36506,BKNG
36784,FLIC
36898,SCL
36899,FBNC
37022,SNR
37058,FLOW
37154,FONR
37373,FORM
37400,FOSL
37402,FSTR
37568,FELE
37584,BEN
37875,FUL
38033,WEYS
38093,AJG
38156,WMB
38295,SPB
38659,GNTX
38703,WFC
38762,NI
38850,SKY
38906,WSC
39087,S
39220,SMP
39432,GOOD
39490,APA
39538,MAT
39571,GGG
39642,BDX
39693,B
39758,GRAY
39917,WY
40125,DXC
40272,IFF
40361,GILD
40440,DBD
40505,HCCI
40539,TJX
41080,CMI
41187,HE
41188,AMOT
41217,HVT
41241,HWKN
41292,HCSG
41355,PH
41443,AT
41452,HELE
41574,IIN
41604,HRTG
42059,WMK
42200,PKI
42286,WWW
42287,HOME
42307,NX
42439,HNI
42447,HOOK
42534,JCI
42550,NEU
42585,SJM
42796,MDP
42877,JBHT
42906,HBAN
42922,HURC
43123,ATI
43350,SWK
43449,MCD
43481,SXI
43553,VFC
43588,PDM
43618,ISTR
43837,IHC
44071,INFO
44134,KMT
44170,INFN
44206,ES
44274,AEGN
44329,TFX
44410,INGN
44601,AVY
44644,ADP
44768,TILE
44792,INGR
44813,CVM
44943,DIOD
44987,EXEL
45277,IGT
45306,IDCC
45356,JCI
45728,IVC
45751,MMC
45911,SWKS
46340,SFE
46463,GFF
46578,CLX
46674,GPC
46690,CBT
46703,HST
46886,KLAC
46922,RAD
46923,PNRG
46974,KALV
47002,KAMN
47175,CC
47255,LB
47379,KELYA
47511,EBF
47626,CNA
47677,CBB
47706,FSS
47715,KBAL
47730,ABM
47802,LC
47861,SGC
47896,JPM
47941,TGNA
48099,KTOS
48143,FIT
48216,KIDS
48267,LSI
48347,LZB
48486,LRCX
48506,MCO
48523,LANC
48653,HUM
48725,UNP
48769,LASR
48900,LAUR
48961,LAWS
49015,LNC
49059,ANNX
49104,LECO
49154,TGT
49322,ARL
49330,ALX
49373,HRB
49429,DDS
49656,BK
49680,DHR
49744,PCH
49745,LIND
50017,RRC
50091,AMN
50199,LOCO
50470,MNST
50550,TPC
50606,TDW
50623,MTSC
50789,MGEE
50876,LLY
50948,SMTC
50972,MEG
51086,WGO
51263,MTW
51369,TER
51423,MCS
51457,OSG
51596,KMI
51625,SCI
51626,MFAC
51633,VVC
51861,MSTR
51909,MTRX
51925,MLP
52038,SYY
52090,MKC
52230,RHI
52250,GENC
52337,THC
52425,WRE
52476,EFX
52484,BKR
52695,GWW
52708,LEN
52716,HRC
52840,MRBK
52898,WTRG
52936,MCY
52978,HAS
53065,IPG
53074,MLAB
53110,BMI
53188,LAND
53197,MEI
53225,GHC
53293,AROC
53372,IRT
53373,SIEB
53381,MIK
53517,FAST
53604,GRC
53613,MU
53648,MSON
53859,MSEX
53946,SPR
53947,MCBC
54114,MLHR
54148,PHM
54199,SJW
54594,AIR
54704,MOD
54966,MLAB
55001,TRN
55029,MNR
55133,MORF
55212,SPXC
55511,PNM
55597,MTRN
55976,WMT
55993,NSSC
56064,NATH
56223,LPX
56274,CAG
56338,TREC
56573,ITW
56742,CSTL
56822,NWLI
56856,BRT
56945,NATR
57007,TRC
57016,NAVI
57154,GLT
57155,NSCO
57402,NOVT
57509,GDP
57568,BLL
57665,NKE
57808,VSH
57809,NDSN
57817,JWN
57904,AFL
57913,VXRT
58246,NTRS
58318,TEX
58334,NWN
58413,FRT
58457,NOVA
58501,GPX
58625,SCOR
58683,LUV
58771,RBC
58819,LNT
58975,OII
59010,GPS
59045,KEX
59176,AXP
59185,ODC
59192,CB
59248,TAP
59300,UDR
59328,INTC
59396,ORI
59408,BAC
59459,TRV
59619,SXT
59628,OLP
59774,LDL
59919,OPRT
60097,MDT
60098,OTTR
60186,OMI
60206,SNA
60442,PNC
60468,GHM
60506,PCAR
60580,TTC
60628,FDX
60687,AFG
60871,ADI
60943,LEG
60986,NWL
61023,PANW
61146,PAR
61188,SWX
61241,AMD
61269,PKOH
61313,DCI
61399,LOW
61487,AE
61496,PATK
61516,BIO
61567,HXL
61621,PAYX
61640,PAYC
61735,AON
61743,DLX
61807,MOGA
61946,BKH
62033,RAVN
62034,PNR
62092,TMO
62148,CSX
62156,BXMT
62287,HUN
62308,GL
62341,PDCE
62367,GTY
62464,PETQ
62498,WST
62579,PHAS
62595,MTOR
62770,ASO
63060,WEN
63125,AGYS
63132,DCO
63176,PFSI
63467,BRO
63715,POWL
63765,SWN
63773,TDS
64004,MAX
64135,WMS
64186,CI
64194,CHE
64311,NSC
64312,CARE
64390,PGR
64450,NJR
64523,PROV
64653,PSA
64742,PCYO
64785,AGX
64902,QUAD
64929,KWR
64936,D
64961,NXGN
64995,KEY
65198,QUOT
65294,RLI
65306,UNF
65307,RPM
65330,LM
65365,MYE
65402,AOS
65462,RDFN
65541,COO
65700,USLM
65752,TISI
65875,VZ
66093,T
66157,USB
66181,HD
66245,MDC
66325,SLM
66368,CTT
66369,REAL
66376,WSO
66384,WDC
66449,REPH
66683,RES
66800,AIG
67029,ITI
67360,UTL
67361,ROCK
67467,BIG
67491,EEX
67598,PEAK
67847,RGLD
68021,CMO
68144,STI
68187,WRI
68196,SEIC
68292,SIGI
68419,WTM
68524,SAGE
68559,SLAB
68830,REX
69032,MS
69156,SCHL
69200,AMK
69316,SMSI
69382,FF
69455,SSTI
69526,NOW
69550,MYL
69586,SBCF
69593,NWS
69649,RJF
69754,SAFE
69796,STZ
69877,STAG
70033,HOG
70092,KBH
70121,BDN
70228,TOL
70519,C
70578,ECL
70691,ALTA
70703,EQC
70965,PPC
71168,SONA
71175,UNM
71176,SON
71271,Y
71475,AWR
71538,BLD
71563,TFC
71909,FNF
71985,SHYF
71993,ARCH
72119,INS
72304,STAA
72338,NHC
72494,SR
72654,STAR
72726,STT
72864,UHT
72937,STRS
72961,SVC
72980,STC
72996,SF
73139,SYK
73219,RGR
73964,SCOR
74924,TECH
75033,VOXX
75034,BKR
75054,TELL
75070,INT
75100,TIF
75107,ABMD
75154,CCL
75175,MBI
75182,PII
75186,SCHW
75212,CIM
75232,LE
75233,VGR
75241,PXD
75243,PMT
75269,DX
75285,MAN
75286,CALA
75320,USM
75333,BR
75341,DRE
75342,MTH
75416,RPT
75460,TNC
75470,MIDD
75510,ADBE
75517,MRTN
75545,CMD
75556,NBN
75573,ODP
75577,ALTR
75591,IEX
75605,FRME
75607,NLOK
75631,TFC
75646,AGN
75649,TG
75654,CGNX
75659,EGLE
75662,HTBK
75671,GOGO
75694,TECH
75747,FOCS
75753,TISI
75756,UNTY
75819,VTR
75825,EOG
75828,EA
75831,DGII
75835,NEXT
75846,STAR
75853,ZIXI
75854,LSCC
75860,IMGN
75901,BKNG
75905,GIII
75906,GSBC
75912,PTC
75962,COR
75976,NEOG
75998,ECHO
76016,TRGP
76038,BLFS
76042,ATRA
76044,DATA
76076,CSCO
76081,THO
76082,COG
76089,SXC
76095,HOLX
76123,JOE
76128,VICR
76135,GVA
76171,HCA
76185,TYL
76192,PFBC
76201,XLNX
76209,SIX
76224,BHE
76226,VIAC
76230,TRMB
76261,EXPO
76265,VITL
76266,PRK
76274,CRDA
76279,MTRX
76282,AN
76312,BBCP
76316,CALB
76380,LAUR
76392,MMSI
76415,VBIV
76434,STOR
76449,TACO
76461,VERU
76478,ESE
76504,CATY
76515,CVA
76529,NRIM
76573,MLI
76580,PRIM
76582,DORM
76602,PSB
76605,AZO
76611,ICBK
76614,REGN
76644,X
76661,IONS
76672,RDNT
76673,RVI
76684,HWC
76686,LCUT
76696,PLSE
76700,GLYC
76708,ATGE
76709,IDXX
76711,RGS
76712,AES
76715,APTV
76716,CORR
76721,CRVL
76722,STFC
76732,DIN
76736,ALKS
76744,VRTX
76750,MNRO
76752,PRGS
76788,TVTY
76795,ZBRA
76798,EZPW
76838,PRA
76839,FIZZ
76841,BIIB
76856,FCFS
76865,HASI
76868,AAON
76883,ATXI
76892,BOKF
76904,COOP
76927,STRL
76946,TRNS
76982,SAIL
76987,SITE
77037,ODFL
77057,NHI
77090,ATNI
77104,INFO
77114,WRLD
77117,WNC
77120,HMN
77129,KIM
77157,OI
77165,JBSS
77175,AMSC
77178,QCOM
77182,PRGO
77191,TTEK
77217,WETF
77219,HII
77237,CORE
77239,OFC
77265,ARCH
77274,GILD
77282,MSON
77291,MATX
77292,PDLI
77300,SMG
77328,FFWM
77338,ROP
77354,SCHL
77357,SNPS
77366,ELY
77379,THFF
77390,PACK
77405,STAR
77406,PETS
77415,NBTB
77422,SERV
77447,ICUI
77448,RARE
77453,JACK
77462,M
77496,MHK
77501,CNR
77505,ASUR
77517,OPTN
77519,TRST
77520,AGCO
77526,RNST
77528,STBA
77534,MSTR
77537,WINA
77541,GNL
77546,FDC
77564,CARS
77584,BKE
77595,ARCB
77601,KRYS
77605,BSX
77606,KSS
77610,OLED
77629,USPH
77633,ARA
77637,FC
77643,FCF
77649,STE
77659,BBBY
77660,CACC
77661,DHI
77662,KRON
77664,RCII
77679,COLB
77696,SWBI
77699,FCEL
77702,SBUX
77710,MTSI
77730,TSN
77772,GENC
77780,CENT
77785,WIRE
77790,STRS
77833,PEAK
77841,TNET
77852,AMRS
77857,OHI
77871,EVRG
77878,LTC
77889,FUNC
77902,CAKE
77905,BFC
77917,ASGN
77918,LFUS
77920,BLX
77975,CPRX
77992,TACO
78015,MTX
78033,HCC
78034,PDCO
78038,RDN
78042,RH
78044,UFI
78049,AAN
78077,KAI
78081,LGND
78089,TCO
78110,MIC
78117,GPK
78137,CKH
78146,EVTC
78156,HMSY
78161,INFU
78170,SM
78211,UVE
78213,ULBI
78451,OPY
78523,AERI
78664,DDD
78693,UFCS
78698,NXGN
78756,OFIX
78759,SPNS
78763,PRMW
78829,UMBF
78840,IAC
78876,CRY
78877,CHK
78900,NATH
78903,PEBO
78908,RCKY
78915,UEIC
78916,AGN
78927,SITC
78935,AAT
78947,ELS
78950,ALG
78955,AVID
78963,CHS
78975,INTU
78981,LSTR
78987,MCHP
78992,ACHC
79007,SCVL
79013,SYBT
79026,CHDN
79033,SGA
79057,CB
79059,CRM
79072,BANF
79089,FOSL
79094,JBL
79103,ORLY
79107,SAFT
79108,SANM
79110,SHEN
79116,TCBK
79129,BPYU
79133,ATR
79145,RCL
79150,ANIK
79166,GABC
79206,HMHC
79210,RGA
79233,HR
79235,AKR
79237,RIG
79238,SKT
79244,USG
79248,THRM
79249,BBSI
79265,FLIR
79323,ALL
79299,PZZA
79338,SGMS
79377,CYRX
79382,PFC
79404,MG
79436,RC
79444,TALO
79452,CPT
79471,ASUR
79491,WINA
79495,GRMN
79503,LEVL
79507,MCRI
79517,PFGC
79530,TRIP
79533,WELL
79545,BWA
79547,EQR
79558,BFS
79571,CASH
79611,MOV
79637,UHS
79641,CAL
79662,PB
79668,BDC
79678,ATVI
79682,CLBK
79686,DECK
79698,IT
79731,QCRH
79732,RUN
79734,RVSB
79747,AUB
79758,BYD
79760,ARCH
79770,LXP
79776,UTMD
79782,REG
79785,NVR
79786,ABR
79791,CNTY
79824,FFIN
79839,ITRI
79841,FWRD
79851,OSBC
79857,PTEN
79859,NYCB
79862,ROCK
79864,VSEC
79866,SCHN
79878,UFPI
79879,VIAV
79881,URBN
79906,INCY
79909,MHO
79923,TRU
80014,CMCT
80024,PTRS
80034,SHOO
80037,LAUR
80050,UFPT
80054,MED
80055,VRTS
80069,ARWR
80072,VLY
80076,PAR
80080,EMN
80100,SPG
80102,SUI
80128,VMI
80167,HAIN
80169,AGM
80179,VALU
80183,MAA
80191,ALB
80193,BZH
80204,MLM
80210,RYN
80216,VERY
80223,BPFH
80233,DAKT
80236,DSPG
80286,TSCO
80294,RGCO
80301,APTX
80306,BCRX
80319,CONE
80320,CPRT
80336,LARK
80341,MPAA
80343,NNBR
80362,SCSC
80375,ZEUS
80381,AVB
80399,MAC
80406,PLD
80412,ADC
80415,EXP
80422,LEA
80432,AEO
80434,BOOT
80441,CUBE
80446,GDI
80472,RARE
80475,SABR
80478,SMBC
80498,ABCB
80539,NKTR
80552,MEDP
80563,PENN
80575,SSD
80583,ATOM
80607,ACBI
80615,OVID
80635,IMAX
80640,LJPC
80642,MCBS
80651,MTRN
80660,SIGA
80681,ESS
80688,HIW
80691,LPT
80711,AIV
80719,GBX
80756,ITGR
80759,MATW
80774,GEO
80779,CLI
80791,ADTN
80828,MLR
80832,MRKR
80844,STND
80857,VLGEA
80864,RS
80900,VRA
80924,SIRI
80928,DAR
80957,AZPN
80969,CVLG
80987,KNX
81011,STRO
81021,USX
81045,O
81055,COF
81061,MCK
81073,UHAL
81085,FIT
81095,NWBI
81116,VECO
81128,ESI
81220,NSIT
81222,RCII
81227,VRTX
81241,BRKS
81254,SNEX
81269,ICHR
81282,ACIW
81294,WDFC
81481,DLTR
81501,NATI
81540,ABC
81561,CNR
81577,WAFD
81584,CBZ
81593,COOP
81596,ABTX
81599,ANET
81610,CWCO
81621,HLIT
81633,NXGN
81655,DRI
81666,HA
81675,LSI
81677,WAB
81678,LECO
81683,AVNT
81687,BY
81696,DISH
81736,RMD
81740,SBGI
81769,ENV
81774,FCX
81910,IVZ
81917,SVC
82107,WABC
82179,IART
82212,KFRC
82213,RWT
82251,AUBN
82259,EBAY
82261,NOVT
82272,MD
82276,ACGL
82279,SENEA
82281,SMSI
82292,THG
82303,RE
82307,DVA
82469,ALLE
82483,DFIN
82486,ERIE
82508,MYGN
82515,POOL
82518,RICK
82542,CCF
82547,AEIS
82567,OPK
82573,FFIC
82575,BANR
82581,HSIC
82585,INSG
82587,IVAC
82598,NTAP
82599,NWPX
82601,PARR
82619,SSTI
82621,MLSS
82635,BKI
82642,EL
82649,SWM
82651,WAT
82670,TGTX
82685,CSTL
82686,CTXS
82694,EME
82702,AMRX
82713,ISEE
82759,NUAN
82775,HIG
82777,MSM
82779,NVAX
82792,FRG
82800,SCCO
82843,ROAD
82845,SAGE
82859,REV
82959,WLL
83011,WSM
83111,ALXN
83112,ANDE
83120,CMCO
83124,CSGS
83143,IRM
83148,LNDC
83155,OVBC
83160,RAPT
83233,GEF
83244,CENX
83264,GEFB
83272,HUBG
83285,SMPL
83362,CASA
83363,CATB
83382,TCX
83390,KVHI
83411,EPM
83414,SASR
83419,SPLK
83422,SYKE
83427,PRG
83462,TUP
83469,ARTNA
83492,WRLD
83534,NBIX
83535,NOVT
83547,PFBI
83559,SSNC
83592,ASB
83597,FDS
83601,WOR
83621,ANSS
83632,DATA
83642,CNOB
83651,CASI
83661,GWR
83669,KEYS
83671,TBI
83683,PROV
83686,QGEN
83688,REGI
83690,RUSHB
83720,FFG
83728,RNR
83738,CASS
83756,GERN
83774,OCFC
83779,PEGA
83799,STRA
83815,DCOM
83822,GES
83827,MMAC
83843,ATRC
83856,CSV
83867,GOGO
83878,JACK
83879,LAMR
83883,OPCH
83884,INFO
83889,NTST
83906,SRCL
83916,TTEC
83946,ANET
83950,SPPI
83964,INFN
83969,WLFC
83976,ANF
83980,BOX
83989,GTN
84010,USNA
84015,ARI
84032,NOV
84041,TGI
84042,PAG
84062,BJRI
84084,HIBB
84091,INFN
84124,SMCI
84125,INOV
84129,ZION
84172,NUS
84176,SSP
84184,AXDX
84192,AVIR
84194,BCOR
84210,FORR
84234,PLUS
84246,PLUS
84255,SEAC
84262,STLD
84275,UNFI
84319,LAD
84363,CNO
84372,NCR
84373,DGX
84375,TEN
84381,ROK
84385,NSP
84389,SSB
84392,KRC
84396,TGH
84397,UNTY
84406,AMH
84413,CERS
84432,APPS
84438,HLIO
84511,VCEL
84516,CCBG
84563,SLGN
84572,PRTK
84577,KMX
84588,MTN
84606,EEFT
84636,WTFC
84723,LNG
84725,CVLY
84734,FBC
84761,TTWO
84767,ARE
84769,APH
84777,GL
84780,KNL
84788,AMZN
84827,RMBS
84829,SCCO
84911,TSC
85002,SRPT
85020,PPBI
85029,PEAK
85035,QRVO
85040,SLP
85058,BXP
85059,FIX
85067,MMS
85072,RL
85077,SRT
85082,EGP
85159,ATEN
85168,HLX
85176,DXPE
85177,EGHT
85182,GALT
85187,HSKA
85198,OZK
85232,BJ
85234,CXW
85246,JLL
85255,CPS
85257,AME
85265,SLG
85266,SOI
85269,VLO
85274,TRIP
85297,INVA
85299,LKFN
85313,PGEN
85332,BHB
85346,NAT
85348,YUM
85349,MTOR
85372,FARO
85390,PLCE
85394,PSMT
85401,SIGA
85414,NLY
85418,CAC
85424,DRQ
85426,RHP
85427,GPI
85440,SRI
85449,FDP
85459,CHRW
85464,CWST
85472,CSR
85488,OSIS
85490,AVID
85517,CHH
85531,BFAM
85542,DNLI
85570,CDZI
85592,PLD
85593,AMG
85604,EPR
85620,MGM
85621,MTD
85627,SAH
85631,ADSK
85645,INGR
85653,AAIC
85656,MPB
85663,URI
85675,EVHC
85706,NYMX
85710,POWI
85724,PRDO
85725,CFFI
85726,DENN
85731,HFWA
85741,HOPE
85744,RMTI
85751,TSBK
85753,VRSN
85763,WPC
85768,IESC
85775,AJX
85779,SMED
85789,BXS
85792,PWR
85796,SCS
85806,CARS
85825,GNSS
85860,BRKL
85863,COLM
85875,IBOC
85883,NWFL
85886,CNXN
85889,SRDX
85897,ANH
85903,CIX
85908,GRA
85913,MAR
85914,BBY
85926,SEE
85931,WDR
85935,MFA
85943,EFC
85966,CBAN
85972,CRAI
85982,INDT
85992,MANH
86000,ROLL
86003,SONO
86004,UMPQ
86011,CLR
86026,IOSP
86027,PHR
86047,AMKR
86048,HCKT
86051,AXTI
86067,GNTY
86077,MPWR
86091,SBSI
86092,CLAR
86102,FHI
86111,AMT
86123,ICPT
86124,BMTC
86128,HZO
86136,SRE
86144,DOX
86158,CTSH
86193,BYND
86196,ULTI
86211,MSTR
86228,RSG
86230,IPI
86242,BELFB
86287,RBCAA
86288,CSGP
86298,TWTR
86302,HTBK
86312,SAL
86313,UBA
86339,CCI
86350,CBZ
86356,EBAY
86359,LAND
86363,COMM
86366,BNL
86382,BUSE
86384,CCNE
86401,FOX
86423,HPP
86432,PB
86435,FNHC
86444,INO
86447,CZR
86460,TRV
86489,SNBR
86544,BCOR
86547,AXL
86562,CMCL
86563,HT
86573,FCAP
86578,GDEN
86580,NVDA
86582,STL
86585,ECOM
86593,GBL
86594,KFY
86706,WLDN
86717,EPAY
86719,EWBC
86760,SGH
86778,MKSI
86782,ONEM
86783,BKNG
86799,CNX
86804,JEF
86814,AMNB
86818,DHIL
86819,ATLC
86820,CFFN
86822,EXTR
86827,HSII
86860,HEAR
86861,CFB
86868,GS
86876,WCC
86889,NLS
86896,CBU
86918,SILK
86940,DDD
86949,SKX
86964,FFIV
86965,FISI
86976,CNC
86979,JNPR
86994,RAMP
86996,SBAC
87000,STMP
87006,UTHR
87014,BSRR
87016,PWFL
87026,AMC
87034,LII
87035,DOC
87038,PAE
87043,QMCO
87053,GNSS
87055,COST
87056,BMRN
87066,EGOV
87067,FNLC
87069,GCBC
87075,JCOM
87077,ECPG
87078,MDRX
87084,VHC
87086,PRFT
87114,MBWM
87137,DVN
87162,FLWS
87178,NOVA
87179,NTCT
87183,QUOT
87208,FB
87227,EGAN
87232,GDEN
87267,BLK
87268,CIR
87269,CIZN
87271,CFX
87272,EPC
87284,NEU
87289,DHC
87295,WCG
87299,AKAM
87318,EGBN
87321,GAIA
87333,NAVI
87336,PLRX
87337,PLUG
87348,STOK
87349,TPC
87361,PCTI
87373,ALSK
87378,CHTR
87379,CLCT
87388,EXPE
87394,IMMR
87401,MTCH
87407,PACW
87426,LCII
87430,KTOS
87432,A
87437,EVI
87439,IDN
87445,TDY
87447,UPS
87476,BMRC
87482,DMRC
87487,BGCP
87501,MCBC
87505,NKSH
87510,PFSW
87524,JAZZ
87535,MED
87541,PKG
87572,EXTN
87583,AGEN
87593,CONE
87614,LBAI
87656,ABEO
87657,EW
87659,EPC
87668,VG
87717,EXPD
87725,IIIN
87755,ALVR
87757,CLAR
87789,LMNX
87803,PRTS
87812,SLAB
87821,FNWB
87832,APT
87836,FBK
87842,MET
87843,CADE
87952,GBCI
88031,MNST
88152,CCMP
88159,EXEL
88165,PRPL
88167,HSTM
88173,LXRX
88174,LPSN
88180,NUAN
88182,ON
88195,SGMO
88197,FULT
88203,OSPN
88232,NRG
88259,PRTH
88260,PXLW
88264,RBBN
88280,BHLB
88281,CRL
88284,CYH
88319,VC
88320,ACCD
88328,CARE
88341,HWBK
88343,PACW
88351,INSM
88352,ISRG
88357,GDYN
88360,MRVL
88373,NNN
88378,STOR
88417,ACLS
88421,ARNA
88425,BLUE
88436,ENDP
88446,ILMN
88462,SAVA
88485,EVC
88504,BRKR
88518,APPS
88519,EQIX
88521,ESPR
88564,SRGA
88568,SPTN
88590,DNB
88597,AVNT
88614,V
88615,ITGR
88618,AVGO
88620,AWH
88626,DRRX
88648,TTMI
88661,TPR
88664,JKHY
88681,WW
88717,AX
88730,INGN
88742,SHEN
88779,ICAD
88785,AEGN
88807,INSG
88810,RIGL
88820,PGC
88837,GRMN
88839,HBIO
88841,RGP
88849,CIO
88853,FLR
88855,SP
88857,YORW
88860,ALGN
88863,EXAS
88865,HAFC
88871,MCF
88873,GPN
88895,MPX
88897,OIS
88905,ATRS
88910,BE
88912,IBCP
88917,AGR
88924,FLO
88935,SI
88944,FCBC
88949,SGEN
88963,DGICA
88965,CIVB
88970,SHBI
88972,SEM
88984,UBFO
88988,IDT
88991,BTU
88994,RVP
89002,ADS
89003,FIS
89006,MDLZ
89017,WLTW
89036,NTUS
89038,EVBN
89044,PDFS
89070,ZBH
89071,ACN
89109,MFNC
89110,OMCL
89114,IBIO
89130,L
89134,OVV
89138,BG
89139,FRO
89141,PLPC
89151,CXP
89167,CCRN
89179,ANTM
89195,PFG
89202,SBFG
89211,PWOD
89215,AMN
89216,AYI
89217,AAP
89269,CNC
89244,WW
89252,FVE
89258,PRU
89262,WNEB
89270,FCCY
89290,SYNA
89297,CCOI
89301,GME
89307,MANT
89311,PYPL
89317,TCI
89323,UCBI
89327,ABG
89353,JBLU
89369,LCI
89375,RNA
89383,ATRS
89387,CPSI
89393,NFLX
89394,OSTK
89395,PNFP
89397,VRNT
89406,NPO
89411,ELOX
89416,HOFT
89425,WTBA
89426,EYE
89443,WHG
89445,BDSI
89446,COMM
89447,CVGW
89453,RRGB
89455,RUSHA
89456,LYTS
89463,CIT
89482,BANC
89500,ESGR
89502,GPRO
89506,SAIA
89508,KMX
89509,XEC
89525,CMCSA
89533,WYNN
89540,DKS
89566,CNST
89572,CEVA
89573,PKBK
89574,PRAA
89575,SAFT
89606,SWBI
89611,ACTG
89617,EQIX
89618,GLNG
89626,CME
89639,WMC
89643,FCCO
89653,PFS
89655,NVEC
89727,ARD
89736,HTLF
89753,FORM
89769,MUSA
89781,MOH
89789,AXS
89790,TELL
89792,CVCO
89800,NTGR
89810,GPK
89823,GOOD
89826,TCBI
89828,UVSP
89841,CNO
89866,LKQ
89875,ANIP
89876,CRI
89891,APYX
89901,WLL
89908,CONN
89913,MRLN
89915,MGRC
89922,XPER
89925,DZSI
89935,MEIP
89946,AEL
89952,CMP
89960,KRO
89964,NNI
89965,NG
89968,PIPR
89969,RMR
89971,TPX
89973,UTI
89986,FLT
89991,PBF
90011,MGLN
90012,PETS
90029,DVAX
90036,TBBK
90037,HTH
90038,AIZ
90049,DDD
90071,NRG
90081,CUTR
90082,CVCY
90085,SMPL
90090,SBNY
90092,SBRA
90097,UCTT
90101,SVRA
90102,ABR
90120,AGO
90125,CORT
90126,CYTK
90134,PROS
90159,ASB
90162,GNW
90164,GHL
90175,XPO
90178,ALNY
90179,ANGO
90183,CRTX
90188,NUVA
90190,PUMP
90194,SP
90197,KAR
90199,CBRE
90213,MGI
90214,NYMT
90215,CRM
90219,SFL
90221,BOCH
90248,DPZ
90249,ENS
90272,WCG
90276,BLKB
90285,MNKD
90300,ACC
90303,CNS
90305,EXR
90307,KRG
90309,NVT
90312,WLK
90319,GOOGL
90325,STXS
90352,DYN
90353,BECN
90358,SFST
90373,DLR
90377,ONTO
90386,MOS
90394,SHO
90396,CUBE
90400,ADES
90409,HURN
90423,INVA
90427,TXRH
90430,FENC
90436,HALO
90440,NP
90444,ORA
90447,SPRO
90454,MKTX
90455,MPWR
90458,NWE
90459,PLAY
90464,SPOK
90470,ATLO
90482,HOME
90485,OLED
90490,TBBK
90505,LVS
90507,MIC
90516,HLF
90520,CE
90533,WTI
90534,CZNC
90544,SMMF
90546,VIAC
90550,DLB
90558,HUN
90564,PBH
90590,EBTC
90591,EFSC
90600,KRNY
90601,NDAQ
90603,PFBC
90604,MTEM
90605,ULH
90634,AX
90637,PBIP
90664,DXCM
90680,DRH
90682,DYAI
90701,LAZ
90706,CTRN
90708,MORN
90710,PLBC
90715,ZUMZ
90716,ATSG
90718,BFIN
90720,BLDR
90724,EGLE
90734,LHCG
90751,DBI
90755,FSP
90756,OSK
90757,FRG
90775,THS
90776,WAL
90782,FHI
90790,MPW
90803,CNSL
90805,DISCA
90808,EXPE
90813,GNK
90825,ACCO
90826,KIDS
90829,CF
90840,CNR
90842,NSP
90856,ATRC
90864,JRVR
90868,OFLX
90870,ROLL
90871,RUTH
90880,AMP
90885,EVRI
90913,CMPR
90916,BXG
90925,FNF
90938,SCU
90943,DHT
90949,FBIZ
90952,ISBC
90961,WSBF
90963,AMSF
90971,IRBT
90978,SPWR
90979,UAA
90983,PEBK
90988,BKD
90993,ICE
91015,BCBP
91018,CORE
91024,LORL
91041,LYV
91063,VIAB
91064,REX
91065,CPA
91068,CMG
91080,HEES
91084,RGP
91090,CROX
91095,LQDT
91103,UAL
91114,KOP
91152,TDG
91161,GPRE
91166,NEXT
91170,BLUE
91184,CBIO
91186,VNDA
91204,POR
91215,DK
91233,MA
91234,MWA
91237,VG
91262,AAWW
91274,FBMS
91277,QRTEA
91279,PRTK
91296,FPI
91299,GFN
91348,ATEC
91354,GOLF
91356,HOMB
91359,LUNA
91360,SLCT
91363,PGTI
91365,CSII
91366,SNCR
91388,H
91393,AWH
91397,CBNK
91398,COWN
91402,GTLS
91403,KALU
91413,EVR
91416,HBI
91446,ESXB
91461,WU
91463,CVLT
91468,ICFI
91472,LMST
91488,ZIOP
91498,EHTH
91500,EXLS
91503,LMAT
91516,AWI
91519,DEI
91531,OC
91547,LDOS
91556,ROST
91561,ACA
91571,EBS
91575,HRI
91579,KBR
91594,SPR
91606,CPRX
91611,FSLR
91618,ORBC
91625,WLDN
91658,AIMC
91659,ALGT
91665,GLDD
91668,IPGP
91672,MNOV
91678,TAST
91683,SBH
91688,EIG
91733,AVAV
91735,FRPT
91754,III
91787,USD
91801,CORR
91814,ARAY
91815,CENTA
91818,ESGR
91822,NCMI
91826,PRTS
91832,MDGL
91849,BR
91854,UFS
91855,SFNC
91900,GLUU
91901,GSIT
91902,HAYN
91907,SMCI
91915,CNK
91926,DAL
91937,TMUS
91959,ESSA
91968,TFSL
91975,ACM
91977,BGS
91979,CAI
91983,CLR
92018,RRR
92029,TRS
92032,ALBO
92035,CLNE
92040,FOLD
92041,GLRE
92043,IBKR
92050,PODD
92052,TTGT
92089,GRBK
92095,INFN
92096,JAZZ
92097,LLNW
92102,SCOR
92104,STAR
92106,HDS
92111,TIPT
92121,DFS
92143,PRO
92159,CNR
92172,DHX
92188,WBC
92203,LULU
92220,MASI
92229,VRTU
92239,CXO
92245,AROC
92257,VMW
92261,G
92293,TDC
92294,UEC
92318,TOWN
92322,ULTA
92326,CVI
92328,CSR
92343,ROIC
92354,PZN
92379,TGH
92385,CIM
92389,ES
92400,LL
92402,MSCI
92405,SCU
92424,PAR
92428,APEI
92432,ENSG
92443,NFBK
92456,ATHX
92457,CATM
92466,OESX
92469,SATS
92471,TITN
92477,ARR
92478,FOR
92486,FLNT
92493,LRN
92502,KW
92506,GTS
92515,WH
92523,EBSB
92570,DAN
92587,BEAT
92588,HCCI
92593,MOFG
92596,IRDM
92597,HI
92602,PM
92611,V
92614,AWK
92618,DPS
92621,IPI
92624,FRC
92635,NX
92648,CFX
92655,UNH
92670,VRS
92679,SB
92680,AGNC
92683,EVTC
92690,UMH
92706,RFL
92716,DCOM
92729,JBT
92753,ERII
92773,PRIM
92778,DISCK
92780,HCI
92782,MYRG
92797,MHH
92808,DMRC
92809,FSFG
92810,HBCP
92841,CMD
92852,LOPE
92853,ASO
92854,CLW
92871,VRTS
92878,OVLY
92919,ORRF
92935,SMED
92948,OPI
92951,IVR
92976,PMT
92981,ASPS
92984,LOGM
92987,TBNK
92999,STWD
93002,AVGO
93014,ARI
93018,CLNY
93035,SEM
93065,MG
93070,TWO
93073,ADUS
93079,ECHO
93085,OMER
93089,VRSK
93096,DG
93098,H
93101,LEA
93128,COWN
93132,FTNT
93150,CIT
93164,WING
93174,KAR
93175,KRA
93178,PEB
93179,PPC
93233,MSGN
93251,PDM
93261,TRNO
93263,CELH
93264,IRWD
93266,QNST
93272,CALX
93287,ZNTL
93289,MXL
93295,SPB
93296,ST
93299,STNG
93301,AVEO
93304,FIBK
93312,SSNC
93314,CLDT
93323,MUSA
93340,AOSL
93345,CDXS
93348,CNST
93356,SPSC
93368,EBMT
93369,RCM
93371,CRMD
93372,PLOW
93373,EXPR
93374,FAF
93393,GNMK
93397,LMNR
93401,TNAV
93419,HPP
93423,SIX
93426,VPG
93427,FN
93429,CBOE
93436,TSLA
