date,ticker,otcvol,otcshortvol
1/2/2019,AAPL,30912844,17782452
1/2/2019,AMZN,2041632,945899
1/2/2019,FB,6613580,2628392
1/2/2019,GOOGL,343725,144906
1/2/2019,NFLX,3199351,1899170
1/3/2019,AAPL,101236612,40881252
1/3/2019,AMZN,1679619,760325
1/3/2019,FB,4569885,1702153
1/3/2019,GOOGL,401244,160895
1/3/2019,NFLX,4142255,2745276
1/4/2019,AAPL,57093304,21386236
1/4/2019,AMZN,2171634,905942
1/4/2019,FB,4911618,2128652
1/4/2019,GOOGL,454797,208995
1/4/2019,NFLX,5492095,3525883
1/7/2019,AAPL,55734368,20566708
1/7/2019,AMZN,1963846,885456
1/7/2019,FB,4584625,1587876
1/7/2019,GOOGL,683689,193794
1/7/2019,NFLX,5074518,3223688
1/8/2019,AAPL,62425344,25581744
1/8/2019,AMZN,3526259,1626455
1/8/2019,FB,9785909,3604629
1/8/2019,GOOGL,448046,178773
1/8/2019,NFLX,7336489,4730081
1/9/2019,AAPL,47573720,30689152
1/9/2019,AMZN,1475264,735662
1/9/2019,FB,5669715,2264483
1/9/2019,GOOGL,288582,135511
1/9/2019,NFLX,3714541,2142910
1/10/2019,AAPL,34545212,15934652
1/10/2019,AMZN,1549034,640374
1/10/2019,FB,4386623,1531373
1/10/2019,GOOGL,286223,114133
1/10/2019,NFLX,3546133,2281175
1/11/2019,AAPL,25274412,13132292
1/11/2019,AMZN,998955,431136
1/11/2019,FB,3181142,1151477
1/11/2019,GOOGL,366375,128402
1/11/2019,NFLX,5663336,3445812
1/14/2019,AAPL,41930900,21712760
1/14/2019,AMZN,2331174,1053794
1/14/2019,FB,7582640,3048925
1/14/2019,GOOGL,383822,155144
1/14/2019,NFLX,5102969,3120842
1/15/2019,AAPL,47284852,31410212
1/15/2019,AMZN,2480993,967826
1/15/2019,FB,8965918,3668238
1/15/2019,GOOGL,525278,222773
1/15/2019,NFLX,10421344,6581612
1/16/2019,AAPL,45018532,27673220
1/16/2019,AMZN,2609393,1119563
1/16/2019,FB,6417544,2148590
1/16/2019,GOOGL,537766,231048
1/16/2019,NFLX,7442846,4430138
1/17/2019,AAPL,46324580,27669860
1/17/2019,AMZN,1757243,778034
1/17/2019,FB,5368044,1688720
1/17/2019,GOOGL,340267,174436
1/17/2019,NFLX,7042754,4240456
1/18/2019,AAPL,45604068,25135672
1/18/2019,AMZN,1985874,792488
1/18/2019,FB,10079468,4018622
1/18/2019,GOOGL,511065,206280
1/18/2019,NFLX,13019540,7847751
1/22/2019,AAPL,36039496,19717200
1/22/2019,AMZN,2769292,995607
1/22/2019,FB,7464658,2502798
1/22/2019,GOOGL,429530,134996
1/22/2019,NFLX,8439120,5102054
1/23/2019,AAPL,29948088,17497576
1/23/2019,AMZN,2410124,956344
1/23/2019,FB,7157605,2700172
1/23/2019,GOOGL,356918,160720
1/23/2019,NFLX,6418055,4096874
1/24/2019,AAPL,29315324,16066300
1/24/2019,AMZN,1613063,633009
1/24/2019,FB,7722135,3061445
1/24/2019,GOOGL,374478,130547
1/24/2019,NFLX,5090765,3209611
1/25/2019,AAPL,49490816,28977296
1/25/2019,AMZN,1888114,728900
1/25/2019,FB,7278865,2378703
1/25/2019,GOOGL,297121,126372
1/25/2019,NFLX,4769536,3187624
1/28/2019,AAPL,36496784,21412600
1/28/2019,AMZN,1889839,734813
1/28/2019,FB,4727640,1463951
1/28/2019,GOOGL,348569,161272
1/28/2019,NFLX,3540698,2229124
1/29/2019,AAPL,61899892,35427504
1/29/2019,AMZN,1909223,675579
1/29/2019,FB,6946351,2005065
1/29/2019,GOOGL,287197,71269
1/29/2019,NFLX,3679194,2315994
1/30/2019,AAPL,97544664,56836288
1/30/2019,AMZN,2266720,795865
1/30/2019,FB,14198903,5225559
1/30/2019,GOOGL,397553,134919
1/30/2019,NFLX,4122301,2513294
1/31/2019,AAPL,53715528,28754828
1/31/2019,AMZN,3699358,1399508
1/31/2019,FB,31213324,11111914
1/31/2019,GOOGL,553139,293410
1/31/2019,NFLX,3591773,1993367
2/1/2019,AAPL,43658460,26677524
2/1/2019,AMZN,4465461,1820776
2/1/2019,FB,12822971,4726514
2/1/2019,GOOGL,438905,238302
2/1/2019,NFLX,3759563,2101958
2/4/2019,AAPL,49341736,30296024
2/4/2019,AMZN,2226802,828900
2/4/2019,FB,8557415,3239706
2/4/2019,GOOGL,1016209,521807
2/4/2019,NFLX,4552620,2908996
2/5/2019,AAPL,59704460,41498448
2/5/2019,AMZN,1789521,660644
2/5/2019,FB,8450970,2476095
2/5/2019,GOOGL,1384285,639474
2/5/2019,NFLX,4283438,2439028
2/6/2019,AAPL,48008192,30086544
2/6/2019,AMZN,1569603,665831
2/6/2019,FB,5480680,1339886
2/6/2019,GOOGL,792348,368917
2/6/2019,NFLX,3274907,1918385
2/7/2019,AAPL,31733276,15396720
2/7/2019,AMZN,1128188,445846
2/7/2019,FB,4702559,1940522
2/7/2019,GOOGL,420491,176723
2/7/2019,NFLX,1986958,1142301
2/8/2019,AAPL,34430824,19717688
2/8/2019,AMZN,2384173,841851
2/8/2019,FB,4746668,1839625
2/8/2019,GOOGL,319723,134527
2/8/2019,NFLX,3604101,2140014
2/11/2019,AAPL,27763404,12249908
2/11/2019,AMZN,1337011,531953
2/11/2019,FB,3720733,1267774
2/11/2019,GOOGL,238177,79676
2/11/2019,NFLX,2238364,1311535
2/12/2019,AAPL,28367148,14678216
2/12/2019,AMZN,1922194,704155
2/12/2019,FB,6216800,2162949
2/12/2019,GOOGL,484331,173046
2/12/2019,NFLX,4845748,2734170
2/13/2019,AAPL,31412472,17336060
2/13/2019,AMZN,1390314,542414
2/13/2019,FB,5328390,1755372
2/13/2019,GOOGL,337614,121356
2/13/2019,NFLX,5092848,3164134
2/14/2019,AAPL,25004052,13751576
2/14/2019,AMZN,1626527,672118
2/14/2019,FB,4199149,1442971
2/14/2019,GOOGL,340685,129402
2/14/2019,NFLX,4878490,2955708
2/15/2019,AAPL,28674384,14990924
2/15/2019,AMZN,1499877,576019
2/15/2019,FB,5988682,2031771
2/15/2019,GOOGL,339624,97674
2/15/2019,NFLX,4422057,2569278
2/19/2019,AAPL,26798120,11979496
2/19/2019,AMZN,1358355,421914
2/19/2019,FB,5488353,1370740
2/19/2019,GOOGL,272000,72068
2/19/2019,NFLX,3762812,2192163
2/20/2019,AAPL,35110480,16854964
2/20/2019,AMZN,1490796,651742
2/20/2019,FB,4242752,1245527
2/20/2019,GOOGL,333361,108534
2/20/2019,NFLX,4388642,2510242
2/21/2019,AAPL,22574872,10838624
2/21/2019,AMZN,1363772,547428
2/21/2019,FB,5831958,1815133
2/21/2019,GOOGL,435080,133809
2/21/2019,NFLX,2854186,1785661
2/22/2019,AAPL,22703048,9847360
2/22/2019,AMZN,1023423,347113
2/22/2019,FB,4409169,1468884
2/22/2019,GOOGL,383512,124715
2/22/2019,NFLX,3460294,2018755
2/25/2019,AAPL,28969696,13287160
2/25/2019,AMZN,1183380,530631
2/25/2019,FB,7013999,1609581
2/25/2019,GOOGL,343009,157120
2/25/2019,NFLX,3731471,2153116
2/26/2019,AAPL,22493472,10430588
2/26/2019,AMZN,1008371,548000
2/26/2019,FB,5359695,1469327
2/26/2019,GOOGL,545531,233647
2/26/2019,NFLX,2434459,1475832
2/27/2019,AAPL,23203004,11287132
2/27/2019,AMZN,1183458,671565
2/27/2019,FB,4980934,1580348
2/27/2019,GOOGL,336223,144031
2/27/2019,NFLX,2740716,1705729
2/28/2019,AAPL,25548008,13761340
2/28/2019,AMZN,994169,537039
2/28/2019,FB,3806654,1174069
2/28/2019,GOOGL,355449,154439
2/28/2019,NFLX,2830908,1730256
3/1/2019,AAPL,30011964,14514360
3/1/2019,AMZN,1715321,828272
3/1/2019,FB,3956915,961868
3/1/2019,GOOGL,433223,191445
3/1/2019,NFLX,2391779,1328588
3/4/2019,AAPL,36184888,18620828
3/4/2019,AMZN,2573680,935471
3/4/2019,FB,6655035,1874048
3/4/2019,GOOGL,501036,186523
3/4/2019,NFLX,3108326,1751355
3/5/2019,AAPL,23095180,12662384
3/5/2019,AMZN,1543128,653676
3/5/2019,FB,9975965,3141228
3/5/2019,GOOGL,536439,222772
3/5/2019,NFLX,2900995,1770775
3/6/2019,AAPL,21751076,12173044
3/6/2019,AMZN,1620964,925270
3/6/2019,FB,7740765,3210819
3/6/2019,GOOGL,339928,131241
3/6/2019,NFLX,2814707,1706481
3/7/2019,AAPL,24811452,13775696
3/7/2019,AMZN,1665388,932630
3/7/2019,FB,6638256,2735145
3/7/2019,GOOGL,387638,164026
3/7/2019,NFLX,2802531,1693486
3/8/2019,AAPL,23739116,11650948
3/8/2019,AMZN,1717106,982867
3/8/2019,FB,4787119,1628581
3/8/2019,GOOGL,320770,125138
3/8/2019,NFLX,3166171,1878320
3/11/2019,AAPL,38207464,21180252
3/11/2019,AMZN,1532441,512056
3/11/2019,FB,7271649,1775585
3/11/2019,GOOGL,322857,123116
3/11/2019,NFLX,1989661,1095469
3/12/2019,AAPL,44360012,27819496
3/12/2019,AMZN,1301950,429353
3/12/2019,FB,3915826,1407777
3/12/2019,GOOGL,567418,254356
3/12/2019,NFLX,1991003,1113502
3/13/2019,AAPL,37874536,22350728
3/13/2019,AMZN,1299541,452551
3/13/2019,FB,3873700,1237332
3/13/2019,GOOGL,342450,114343
3/13/2019,NFLX,2719620,1322997
3/14/2019,AAPL,31077664,19054204
3/14/2019,AMZN,1044289,379224
3/14/2019,FB,6609667,2259322
3/14/2019,GOOGL,352388,113138
3/14/2019,NFLX,2316471,1119704
3/15/2019,AAPL,42150564,24153688
3/15/2019,AMZN,1852776,724655
3/15/2019,FB,12418047,4152807
3/15/2019,GOOGL,527178,214595
3/15/2019,NFLX,2908415,1696850
3/18/2019,AAPL,39323632,26087512
3/18/2019,AMZN,1995360,1104394
3/18/2019,FB,14464708,4267081
3/18/2019,GOOGL,370824,117325
3/18/2019,NFLX,3090683,1707307
3/19/2019,AAPL,48336288,29745388
3/19/2019,AMZN,2501583,1419768
3/19/2019,FB,9793911,2960823
3/19/2019,GOOGL,420934,164385
3/19/2019,NFLX,3351770,1998462
3/20/2019,AAPL,38339576,22300340
3/20/2019,AMZN,2522636,1511843
3/20/2019,FB,7515960,2389055
3/20/2019,GOOGL,624010,219398
3/20/2019,NFLX,5079126,3037427
3/21/2019,AAPL,75066420,47430136
3/21/2019,AMZN,2199452,1241440
3/21/2019,FB,5751312,2040005
3/21/2019,GOOGL,428624,170633
3/21/2019,NFLX,3791183,2125349
3/22/2019,AAPL,69853828,40856912
3/22/2019,AMZN,2604052,1430183
3/22/2019,FB,5107778,1674981
3/22/2019,GOOGL,462373,128249
3/22/2019,NFLX,3827442,2207927
3/25/2019,AAPL,75036984,42706320
3/25/2019,AMZN,2182731,1245192
3/25/2019,FB,4573238,1427071
3/25/2019,GOOGL,339671,96387
3/25/2019,NFLX,3927837,2540480
3/26/2019,AAPL,82093804,44492880
3/26/2019,AMZN,1909044,1125493
3/26/2019,FB,5722080,1526096
3/26/2019,GOOGL,378352,140994
3/26/2019,NFLX,3203731,2003047
3/27/2019,AAPL,50985956,29060480
3/27/2019,AMZN,1835204,1061170
3/27/2019,FB,3585413,1177347
3/27/2019,GOOGL,385446,108369
3/27/2019,NFLX,3746716,2275421
3/28/2019,AAPL,32402008,18572208
3/28/2019,AMZN,1211810,488774
3/28/2019,FB,4267244,1282833
3/28/2019,GOOGL,325758,94106
3/28/2019,NFLX,2088564,1280967
3/29/2019,AAPL,28212804,17366372
3/29/2019,AMZN,1081703,417123
3/29/2019,FB,3661453,1203601
3/29/2019,GOOGL,307433,106499
3/29/2019,NFLX,1713524,996637
4/1/2019,AAPL,37779620,22595908
4/1/2019,AMZN,1583131,548860
4/1/2019,FB,3335291,970914
4/1/2019,GOOGL,388201,110305
4/1/2019,NFLX,3213505,1818064
4/2/2019,AAPL,30213712,17799508
4/2/2019,AMZN,1279933,473371
4/2/2019,FB,10065304,2918654
4/2/2019,GOOGL,253359,95273
4/2/2019,NFLX,2178012,1258128
4/3/2019,AAPL,32871032,18835640
4/3/2019,AMZN,1517854,585328
4/3/2019,FB,12181785,3878511
4/3/2019,GOOGL,296070,106343
4/3/2019,NFLX,2395182,1414353
4/4/2019,AAPL,25925720,14700988
4/4/2019,AMZN,1398540,524761
4/4/2019,FB,7616947,2568367
4/4/2019,GOOGL,272742,101213
4/4/2019,NFLX,2166129,1301291
4/5/2019,AAPL,26443916,14818676
4/5/2019,AMZN,1236119,512776
4/5/2019,FB,3728728,1161527
4/5/2019,GOOGL,305721,79009
4/5/2019,NFLX,1545248,902510
4/8/2019,AAPL,41234956,24867672
4/8/2019,AMZN,1411690,763255
4/8/2019,FB,2732196,772746
4/8/2019,GOOGL,327376,81373
4/8/2019,NFLX,1847056,1098836
4/9/2019,AAPL,61515240,38024008
4/9/2019,AMZN,1285811,714000
4/9/2019,FB,7477269,2607722
4/9/2019,GOOGL,251084,85457
4/9/2019,NFLX,2203851,1119936
4/10/2019,AAPL,33654336,19001776
4/10/2019,AMZN,1105105,626057
4/10/2019,FB,4052992,1455349
4/10/2019,GOOGL,235796,92346
4/10/2019,NFLX,1916443,988979
4/11/2019,AAPL,28362664,13924124
4/11/2019,AMZN,930842,512081
4/11/2019,FB,3017779,948402
4/11/2019,GOOGL,275008,97538
4/11/2019,NFLX,2838102,1575619
4/12/2019,AAPL,43516992,20474912
4/12/2019,AMZN,950868,495323
4/12/2019,FB,4082856,1189428
4/12/2019,GOOGL,277747,124223
4/12/2019,NFLX,6899692,4008120
4/15/2019,AAPL,22656708,11023096
4/15/2019,AMZN,1306422,666174
4/15/2019,FB,4076630,1629837
4/15/2019,GOOGL,323703,88421
4/15/2019,NFLX,4482295,1758706
4/16/2019,AAPL,37958580,15602060
4/16/2019,AMZN,1125472,413578
4/16/2019,FB,3744740,1294835
4/16/2019,GOOGL,304141,92330
4/16/2019,NFLX,7997877,4243759
4/17/2019,AAPL,43205048,20912124
4/17/2019,AMZN,995132,357105
4/17/2019,FB,3009747,1069907
4/17/2019,GOOGL,415192,133544
4/17/2019,NFLX,8793208,5416325
4/18/2019,AAPL,27849424,13548708
4/18/2019,AMZN,734254,284279
4/18/2019,FB,3154324,1380943
4/18/2019,GOOGL,232061,107085
4/18/2019,NFLX,3833852,2277667
4/22/2019,AAPL,23332548,12495724
4/22/2019,AMZN,1551326,538518
4/22/2019,FB,4839931,1626656
4/22/2019,GOOGL,277828,110726
4/22/2019,NFLX,5251764,2186045
4/23/2019,AAPL,29804812,14526724
4/23/2019,AMZN,1870754,672166
4/23/2019,FB,7300693,2483907
4/23/2019,GOOGL,455920,222278
4/23/2019,NFLX,4856434,2317849
4/24/2019,AAPL,24796088,11953164
4/24/2019,AMZN,1281334,479284
4/24/2019,FB,9887422,3494998
4/24/2019,GOOGL,288985,133957
4/24/2019,NFLX,2948521,1430590
4/25/2019,AAPL,22997940,10044636
4/25/2019,AMZN,1812378,695558
4/25/2019,FB,22416033,7070410
4/25/2019,GOOGL,466534,213991
4/25/2019,NFLX,2702629,1218318
4/26/2019,AAPL,25296800,12281908
4/26/2019,AMZN,3231902,1423608
4/26/2019,FB,8509923,2052033
4/26/2019,GOOGL,414542,170234
4/26/2019,NFLX,2276214,1246110
4/29/2019,AAPL,25353776,15127984
4/29/2019,AMZN,1515658,426869
4/29/2019,FB,7429435,1795313
4/29/2019,GOOGL,938227,386496
4/29/2019,NFLX,1662480,656606
4/30/2019,AAPL,61104312,28797564
4/30/2019,AMZN,1310545,360074
4/30/2019,FB,9882043,2812977
4/30/2019,GOOGL,2189637,907118
4/30/2019,NFLX,1682296,878497
5/1/2019,AAPL,106826572,53394040
5/1/2019,AMZN,1179928,358154
5/1/2019,FB,6662934,1840138
5/1/2019,GOOGL,1517331,399381
5/1/2019,NFLX,4020371,1966590
5/2/2019,AAPL,51598100,23339976
5/2/2019,AMZN,1625530,667577
5/2/2019,FB,5153458,1332031
5/2/2019,GOOGL,746612,293579
5/2/2019,NFLX,2660170,1567041
5/3/2019,AAPL,32851116,15476140
5/3/2019,AMZN,2177686,690826
5/3/2019,FB,5293259,1394312
5/3/2019,GOOGL,640103,259358
5/3/2019,NFLX,2125481,1037507
5/6/2019,AAPL,51227008,26202964
5/6/2019,AMZN,2223658,838347
5/6/2019,FB,5055522,1264615
5/6/2019,GOOGL,479380,245913
5/6/2019,NFLX,2166563,1182051
5/7/2019,AAPL,57027048,27258620
5/7/2019,AMZN,2359564,918767
5/7/2019,FB,5223384,1277827
5/7/2019,GOOGL,490079,193786
5/7/2019,NFLX,2606295,1538738
5/8/2019,AAPL,36811016,17955160
5/8/2019,AMZN,1479216,553840
5/8/2019,FB,4350215,1020987
5/8/2019,GOOGL,338913,150468
5/8/2019,NFLX,2809856,1547859
5/9/2019,AAPL,49681732,22751016
5/9/2019,AMZN,1996007,750941
5/9/2019,FB,3970397,969889
5/9/2019,GOOGL,439871,191692
5/9/2019,NFLX,2368564,1337434
5/10/2019,AAPL,57763064,29187568
5/10/2019,AMZN,2147491,785052
5/10/2019,FB,4485733,1078544
5/10/2019,GOOGL,451601,250777
5/10/2019,NFLX,2267509,1305612
5/13/2019,AAPL,88778632,44561524
5/13/2019,AMZN,2429829,867355
5/13/2019,FB,5481415,1090685
5/13/2019,GOOGL,659849,338383
5/13/2019,NFLX,3195290,1648679
5/14/2019,AAPL,51248220,27563872
5/14/2019,AMZN,1817562,714969
5/14/2019,FB,7133110,2104307
5/14/2019,GOOGL,561842,307203
5/14/2019,NFLX,2071085,1106789
5/15/2019,AAPL,36589664,21638084
5/15/2019,AMZN,1768340,723433
5/15/2019,FB,5690841,2257398
5/15/2019,GOOGL,994867,524360
5/15/2019,NFLX,2316494,1245607
5/16/2019,AAPL,46840812,27860080
5/16/2019,AMZN,1790131,1021146
5/16/2019,FB,4859615,1293259
5/16/2019,GOOGL,600149,313808
5/16/2019,NFLX,2423221,1188643
5/17/2019,AAPL,41590708,22764820
5/17/2019,AMZN,1721491,988605
5/17/2019,FB,3653168,902039
5/17/2019,GOOGL,344982,185147
5/17/2019,NFLX,1735157,1092702
5/20/2019,AAPL,55123684,28559812
5/20/2019,AMZN,1641293,632590
5/20/2019,FB,3521714,791144
5/20/2019,GOOGL,358401,194899
5/20/2019,NFLX,1648883,860753
5/21/2019,AAPL,37850428,19656220
5/21/2019,AMZN,1388480,488950
5/21/2019,FB,2597560,631745
5/21/2019,GOOGL,279781,146629
5/21/2019,NFLX,1395166,888632
5/22/2019,AAPL,44233768,23983152
5/22/2019,AMZN,1162556,412468
5/22/2019,FB,3054540,887320
5/22/2019,GOOGL,204466,102002
5/22/2019,NFLX,2297678,1365714
5/23/2019,AAPL,47642552,21738320
5/23/2019,AMZN,1803910,758673
5/23/2019,FB,3973610,965721
5/23/2019,GOOGL,351873,193454
5/23/2019,NFLX,2005814,1293543
5/24/2019,AAPL,33521896,16723848
5/24/2019,AMZN,1264058,521298
5/24/2019,FB,2906416,709472
5/24/2019,GOOGL,233394,115214
5/24/2019,NFLX,1307574,747644
5/28/2019,AAPL,35673052,16894960
5/28/2019,AMZN,1245603,672343
5/28/2019,FB,3667499,1038301
5/28/2019,GOOGL,269846,108588
5/28/2019,NFLX,1466870,857744
5/29/2019,AAPL,42941236,20200412
5/29/2019,AMZN,1691371,992827
5/29/2019,FB,4173748,1368955
5/29/2019,GOOGL,496211,148874
5/29/2019,NFLX,1711682,1048442
5/30/2019,AAPL,29199636,13398332
5/30/2019,AMZN,1313977,802591
5/30/2019,FB,2966440,789914
5/30/2019,GOOGL,280661,91548
5/30/2019,NFLX,1560056,865244
5/31/2019,AAPL,34397376,16371900
5/31/2019,AMZN,1646927,985423
5/31/2019,FB,5772197,1640770
5/31/2019,GOOGL,387829,160726
5/31/2019,NFLX,1740204,1031644
6/3/2019,AAPL,60458364,33665868
6/3/2019,AMZN,3605346,1679129
6/3/2019,FB,23696536,7572867
6/3/2019,GOOGL,1553387,579164
6/3/2019,NFLX,3176448,1601551
6/4/2019,AAPL,42890588,27260488
6/4/2019,AMZN,2246050,1345984
6/4/2019,FB,21399346,8037302
6/4/2019,GOOGL,945142,425287
6/4/2019,NFLX,3096218,1770402
6/5/2019,AAPL,40690168,26336160
6/5/2019,AMZN,1727492,991530
6/5/2019,FB,7677513,2629568
6/5/2019,GOOGL,629875,251071
6/5/2019,NFLX,2159247,1267386
6/6/2019,AAPL,27546496,17245752
6/6/2019,AMZN,1449304,818090
6/6/2019,FB,4548955,1539964
6/6/2019,GOOGL,522289,207281
6/6/2019,NFLX,1425028,842041
6/7/2019,AAPL,44768116,27523296
6/7/2019,AMZN,1831335,1022965
6/7/2019,FB,6493929,1783368
6/7/2019,GOOGL,714541,168565
6/7/2019,NFLX,1916445,1088830
6/10/2019,AAPL,40431236,25090316
6/10/2019,AMZN,2071703,1175728
6/10/2019,FB,6094743,1519574
6/10/2019,GOOGL,417537,180186
6/10/2019,NFLX,3388381,1665671
6/11/2019,AAPL,40852032,24138324
6/11/2019,AMZN,1682067,996196
6/11/2019,FB,6684458,2609742
6/11/2019,GOOGL,448852,191868
6/11/2019,NFLX,2057907,1209999
6/12/2019,AAPL,28508512,17776776
6/12/2019,AMZN,987435,575989
6/12/2019,FB,7648602,3054208
6/12/2019,GOOGL,330248,149323
6/12/2019,NFLX,1953033,1014512
6/13/2019,AAPL,27478984,15944020
6/13/2019,AMZN,1098849,657609
6/13/2019,FB,4919241,1867865
6/13/2019,GOOGL,300563,133369
6/13/2019,NFLX,2708039,1418650
6/14/2019,AAPL,23938136,13909412
6/14/2019,AMZN,942737,556700
6/14/2019,FB,6499996,2243966
6/14/2019,GOOGL,230540,124198
6/14/2019,NFLX,1847957,1009520
6/17/2019,AAPL,18722304,10349384
6/17/2019,AMZN,1025384,326701
6/17/2019,FB,13915608,5514497
6/17/2019,GOOGL,297922,101411
6/17/2019,NFLX,2174722,1026008
6/18/2019,AAPL,32788192,16023868
6/18/2019,AMZN,1318993,350520
6/18/2019,FB,15427794,5427823
6/18/2019,GOOGL,391924,181043
6/18/2019,NFLX,1763459,785526
6/19/2019,AAPL,26387928,12263392
6/19/2019,AMZN,1011223,305122
6/19/2019,FB,9454546,3295562
6/19/2019,GOOGL,312254,132863
6/19/2019,NFLX,2214088,1083822
6/20/2019,AAPL,24880144,13260736
6/20/2019,AMZN,1148869,408900
6/20/2019,FB,5520887,1642242
6/20/2019,GOOGL,269522,141613
6/20/2019,NFLX,2125068,937201
6/21/2019,AAPL,27664256,12845240
6/21/2019,AMZN,996320,344800
6/21/2019,FB,5153485,1492724
6/21/2019,GOOGL,416817,205388
6/21/2019,NFLX,2052464,1221095
6/24/2019,AAPL,19426232,8224692
6/24/2019,AMZN,787125,414704
6/24/2019,FB,6146711,1981235
6/24/2019,GOOGL,254950,88405
6/24/2019,NFLX,1816721,1109714
6/25/2019,AAPL,21546948,7402148
6/25/2019,AMZN,1182115,638556
6/25/2019,FB,6953455,2245389
6/25/2019,GOOGL,490205,163739
6/25/2019,NFLX,2175527,1136269
6/26/2019,AAPL,32024372,10608256
6/26/2019,AMZN,753967,412306
6/26/2019,FB,4775452,1840085
6/26/2019,GOOGL,459167,215972
6/26/2019,NFLX,1280792,740151
6/27/2019,AAPL,24434008,8114032
6/27/2019,AMZN,781696,385709
6/27/2019,FB,4005937,1494001
6/27/2019,GOOGL,303959,151783
6/27/2019,NFLX,1496169,896675
6/28/2019,AAPL,28080100,8320764
6/28/2019,AMZN,841684,287076
6/28/2019,FB,5022887,1662605
6/28/2019,GOOGL,311012,130776
6/28/2019,NFLX,1488012,742557
7/1/2019,AAPL,37130832,12716260
7/1/2019,AMZN,1144842,520253
7/1/2019,FB,5502054,1546148
7/1/2019,GOOGL,336023,138155
7/1/2019,NFLX,1845906,930725
7/2/2019,AAPL,25356448,8179260
7/2/2019,AMZN,930312,521350
7/2/2019,FB,3538796,903344
7/2/2019,GOOGL,268338,125212
7/2/2019,NFLX,1329892,847458
7/3/2019,AAPL,15732716,4399148
7/3/2019,AMZN,592843,302243
7/3/2019,FB,4091890,1167298
7/3/2019,GOOGL,293830,121862
7/3/2019,NFLX,1322966,786117
7/5/2019,AAPL,21870544,6862984
7/5/2019,AMZN,833201,437130
7/5/2019,FB,4212148,1504208
7/5/2019,GOOGL,333957,195461
7/5/2019,NFLX,1502599,897794
7/8/2019,AAPL,36939200,9436776
7/8/2019,AMZN,1048311,392329
7/8/2019,FB,3896657,1384700
7/8/2019,GOOGL,359617,164255
7/8/2019,NFLX,1162023,464148
7/9/2019,AAPL,26875184,6903500
7/9/2019,AMZN,1560312,537366
7/9/2019,FB,5406881,2059073
7/9/2019,GOOGL,357405,156928
7/9/2019,NFLX,2938064,1193034
7/10/2019,AAPL,23484012,6457000
7/10/2019,AMZN,1886401,506295
7/10/2019,FB,7909444,2548812
7/10/2019,GOOGL,381939,168811
7/10/2019,NFLX,2434620,1064671
7/11/2019,AAPL,24989596,9029172
7/11/2019,AMZN,1782520,586602
7/11/2019,FB,6045410,1988540
7/11/2019,GOOGL,384919,182298
7/11/2019,NFLX,1604522,645694
7/12/2019,AAPL,23418588,6661960
7/12/2019,AMZN,968053,381999
7/12/2019,FB,5358380,2012889
7/12/2019,GOOGL,268425,124437
7/12/2019,NFLX,2549822,1241065
7/15/2019,AAPL,22639408,6219552
7/15/2019,AMZN,1126333,361590
7/15/2019,FB,6959162,2253577
7/15/2019,GOOGL,265008,158481
7/15/2019,NFLX,3324363,1875246
7/16/2019,AAPL,22832868,6223844
7/16/2019,AMZN,1107837,379129
7/16/2019,FB,4842928,1370922
7/16/2019,GOOGL,340187,163394
7/16/2019,NFLX,2529250,1000035
7/17/2019,AAPL,9950180,2744868
7/17/2019,AMZN,617451,261839
7/17/2019,FB,3042200,800741
7/17/2019,GOOGL,231778,127364
7/17/2019,NFLX,2816437,1092853
7/18/2019,AAPL,24503924,7417908
7/18/2019,AMZN,1433214,682937
7/18/2019,FB,4378538,1468274
7/18/2019,GOOGL,307403,130673
7/18/2019,NFLX,11885397,5158352
7/19/2019,AAPL,23709128,8434656
7/19/2019,AMZN,1019601,603418
7/19/2019,FB,3634868,1258096
7/19/2019,GOOGL,265315,113516
7/19/2019,NFLX,6432167,2661981
7/22/2019,AAPL,28733444,13529608
7/22/2019,AMZN,1187658,668355
7/22/2019,FB,5610146,2272584
7/22/2019,GOOGL,350018,144955
7/22/2019,NFLX,8290749,2802798
7/23/2019,AAPL,24007140,12848952
7/23/2019,AMZN,1099462,596674
7/23/2019,FB,5784026,2023094
7/23/2019,GOOGL,301696,145620
7/23/2019,NFLX,4378995,1645391
7/24/2019,AAPL,21015360,10159708
7/24/2019,AMZN,1047654,523010
7/24/2019,FB,10604532,4106152
7/24/2019,GOOGL,355610,136023
7/24/2019,NFLX,5406411,2126497
7/25/2019,AAPL,16463348,7759152
7/25/2019,AMZN,1252738,702673
7/25/2019,FB,17486036,8871713
7/25/2019,GOOGL,611059,324544
7/25/2019,NFLX,4532686,1891182
7/26/2019,AAPL,22271428,9722848
7/26/2019,AMZN,1888604,1012877
7/26/2019,FB,9454395,4155932
7/26/2019,GOOGL,1544348,746103
7/26/2019,NFLX,4474098,1880942
7/29/2019,AAPL,31164504,8968752
7/29/2019,AMZN,1744985,909954
7/29/2019,FB,6284187,1611461
7/29/2019,GOOGL,576824,243992
7/29/2019,NFLX,2795162,900931
7/30/2019,AAPL,27473032,11712460
7/30/2019,AMZN,620917,322711
7/30/2019,FB,2816493,1032176
7/30/2019,GOOGL,282927,98444
7/30/2019,NFLX,1605190,692267
7/31/2019,AAPL,109244088,52079076
7/31/2019,AMZN,1596773,924803
7/31/2019,FB,5207704,1855559
7/31/2019,GOOGL,464624,195221
7/31/2019,NFLX,2786436,1234556
8/1/2019,AAPL,90166852,28136804
8/1/2019,AMZN,1753431,1019219
8/1/2019,FB,6736747,2642139
8/1/2019,GOOGL,492799,249900
8/1/2019,NFLX,2612172,1049301
8/2/2019,AAPL,55707304,17323488
8/2/2019,AMZN,1798559,1008852
8/2/2019,FB,5581852,1833015
8/2/2019,GOOGL,474001,213350
8/2/2019,NFLX,2146007,995688
8/5/2019,AAPL,72999964,21836916
8/5/2019,AMZN,2266718,1205141
8/5/2019,FB,8197601,2196100
8/5/2019,GOOGL,663350,317222
8/5/2019,NFLX,3320976,1318716
8/6/2019,AAPL,52134824,19291120
8/6/2019,AMZN,1970820,1137063
8/6/2019,FB,6150528,2357977
8/6/2019,GOOGL,473973,251018
8/6/2019,NFLX,2238515,877824
8/7/2019,AAPL,42699624,19477988
8/7/2019,AMZN,1684545,967615
8/7/2019,FB,4886931,2105474
8/7/2019,GOOGL,355067,190723
8/7/2019,NFLX,3903774,1289184
8/8/2019,AAPL,31518440,14105268
8/8/2019,AMZN,1312763,731599
8/8/2019,FB,4722782,2030865
8/8/2019,GOOGL,331893,146199
8/8/2019,NFLX,2376156,849900
8/9/2019,AAPL,29265732,11649072
8/9/2019,AMZN,1032825,588467
8/9/2019,FB,3397612,1244857
8/9/2019,GOOGL,259643,112878
8/9/2019,NFLX,2461164,921025
8/12/2019,AAPL,34194168,13183940
8/12/2019,AMZN,1118930,619557
8/12/2019,FB,3724718,1259257
8/12/2019,GOOGL,302605,149144
8/12/2019,NFLX,2684293,1079803
8/13/2019,AAPL,75413288,26395840
8/13/2019,AMZN,1524498,861782
8/13/2019,FB,4721629,1572094
8/13/2019,GOOGL,355251,163866
8/13/2019,NFLX,2205912,751319
8/14/2019,AAPL,52842092,21119224
8/14/2019,AMZN,1786493,1059389
8/14/2019,FB,7633936,2325373
8/14/2019,GOOGL,547973,205482
8/14/2019,NFLX,2954560,1222959
8/15/2019,AAPL,39235140,16066724
8/15/2019,AMZN,1397103,778664
8/15/2019,FB,4508721,1694448
8/15/2019,GOOGL,361434,150458
8/15/2019,NFLX,4188693,1484437
8/16/2019,AAPL,37091620,14715496
8/16/2019,AMZN,1006618,551617
8/16/2019,FB,4404364,1585077
8/16/2019,GOOGL,255459,120263
8/16/2019,NFLX,2712216,1122177
8/19/2019,AAPL,36622464,11916636
8/19/2019,AMZN,1060752,504014
8/19/2019,FB,3788769,1294005
8/19/2019,GOOGL,368655,200280
8/19/2019,NFLX,1915915,622433
8/20/2019,AAPL,22460404,8050596
8/20/2019,AMZN,375775,182205
8/20/2019,FB,2369490,1069783
8/20/2019,GOOGL,178719,103201
8/20/2019,NFLX,1962829,908100
8/21/2019,AAPL,33570776,11755096
8/21/2019,AMZN,796455,423816
8/21/2019,FB,3361969,1131993
8/21/2019,GOOGL,203393,95039
8/21/2019,NFLX,2570326,991458
8/22/2019,AAPL,30760296,12763476
8/22/2019,AMZN,914582,525918
8/22/2019,FB,4201042,1583041
8/22/2019,GOOGL,230699,108329
8/22/2019,NFLX,2269123,848636
8/23/2019,AAPL,66232136,25401008
8/23/2019,AMZN,1743104,1003674
8/23/2019,FB,5201121,1836240
8/23/2019,GOOGL,427276,236745
8/23/2019,NFLX,2521736,1015454
8/26/2019,AAPL,41520916,15958652
8/26/2019,AMZN,1066452,525036
8/26/2019,FB,2565226,844000
8/26/2019,GOOGL,256292,102920
8/26/2019,NFLX,1970081,687700
8/27/2019,AAPL,33549264,12865584
8/27/2019,AMZN,1100421,558431
8/27/2019,FB,4646666,1767128
8/27/2019,GOOGL,257541,110346
8/27/2019,NFLX,2459822,857667
8/28/2019,AAPL,21386384,8910928
8/28/2019,AMZN,804722,418646
8/28/2019,FB,2840558,946185
8/28/2019,GOOGL,161965,63264
8/28/2019,NFLX,1565319,532975
8/29/2019,AAPL,19109668,6766164
8/29/2019,AMZN,665985,312861
8/29/2019,FB,2765308,945823
8/29/2019,GOOGL,223423,85828
8/29/2019,NFLX,1040939,411456
8/30/2019,AAPL,25027548,8679696
8/30/2019,AMZN,973403,505981
8/30/2019,FB,3119005,1294534
8/30/2019,GOOGL,170032,86570
8/30/2019,NFLX,1606731,688194
9/3/2019,AAPL,28919712,11690072
9/3/2019,AMZN,1185914,636450
9/3/2019,FB,2861467,1112343
9/3/2019,GOOGL,439421,135361
9/3/2019,NFLX,1313858,573880
9/4/2019,AAPL,24869904,9780552
9/4/2019,AMZN,811800,379599
9/4/2019,FB,3348811,1172062
9/4/2019,GOOGL,265142,80746
9/4/2019,NFLX,1975940,917835
9/5/2019,AAPL,31565128,12544344
9/5/2019,AMZN,1051566,542553
9/5/2019,FB,4388238,1585626
9/5/2019,GOOGL,309441,80401
9/5/2019,NFLX,4001714,1820687
9/6/2019,AAPL,22495416,8891880
9/6/2019,AMZN,805315,419876
9/6/2019,FB,5621217,2023711
9/6/2019,GOOGL,256408,77076
9/6/2019,NFLX,1941668,742405
9/9/2019,AAPL,34921420,14903988
9/9/2019,AMZN,1025974,557987
9/9/2019,FB,4436601,1600639
9/9/2019,GOOGL,464010,145589
9/9/2019,NFLX,3037784,1233733
9/10/2019,AAPL,46855164,21395360
9/10/2019,AMZN,844182,435076
9/10/2019,FB,4340271,1344350
9/10/2019,GOOGL,407987,142094
9/10/2019,NFLX,5165087,2478506
9/11/2019,AAPL,64189292,29595212
9/11/2019,AMZN,776238,400063
9/11/2019,FB,3616361,1053369
9/11/2019,GOOGL,332162,92546
9/11/2019,NFLX,2976244,1410833
9/12/2019,AAPL,47216664,24705780
9/12/2019,AMZN,922658,456427
9/12/2019,FB,4076774,1433057
9/12/2019,GOOGL,457980,188677
9/12/2019,NFLX,2060473,890155
9/13/2019,AAPL,63968144,32580328
9/13/2019,AMZN,595388,305833
9/13/2019,FB,3817375,1253028
9/13/2019,GOOGL,241625,114708
9/13/2019,NFLX,2599583,1176909
9/16/2019,AAPL,32241160,18037580
9/16/2019,AMZN,1077201,593575
9/16/2019,FB,2662778,1057367
9/16/2019,GOOGL,242616,56829
9/16/2019,NFLX,2307412,987315
9/17/2019,AAPL,28953432,18421796
9/17/2019,AMZN,651301,324801
9/17/2019,FB,3826012,1244478
9/17/2019,GOOGL,229629,68245
9/17/2019,NFLX,1939392,828821
9/18/2019,AAPL,37364736,23114392
9/18/2019,AMZN,879705,474436
9/18/2019,FB,3728412,1179142
9/18/2019,GOOGL,193564,74496
9/18/2019,NFLX,3038038,1244500
9/19/2019,AAPL,31543640,17309596
9/19/2019,AMZN,668069,308278
9/19/2019,FB,4047832,1381752
9/19/2019,GOOGL,237607,65088
9/19/2019,NFLX,3325299,1250991
9/20/2019,AAPL,36277620,20910084
9/20/2019,AMZN,1318503,727449
9/20/2019,FB,4737496,1666235
9/20/2019,GOOGL,281709,79573
9/20/2019,NFLX,9290523,2949879
9/23/2019,AAPL,26434568,11481984
9/23/2019,AMZN,1065618,573953
9/23/2019,FB,4572234,1887310
9/23/2019,GOOGL,221104,82374
9/23/2019,NFLX,6121032,2214568
9/24/2019,AAPL,44463136,17773452
9/24/2019,AMZN,1754927,968917
9/24/2019,FB,5769514,1930123
9/24/2019,GOOGL,421762,132361
9/24/2019,NFLX,7542967,2003591
9/25/2019,AAPL,28360600,11204084
9/25/2019,AMZN,1328575,682085
9/25/2019,FB,6472434,2189145
9/25/2019,GOOGL,327941,141784
9/25/2019,NFLX,4838288,1792142
9/26/2019,AAPL,24133956,8361648
9/26/2019,AMZN,1234233,648503
9/26/2019,FB,6141902,1881862
9/26/2019,GOOGL,253223,101992
9/26/2019,NFLX,3462544,1516920
9/27/2019,AAPL,17856112,8096984
9/27/2019,AMZN,906444,485988
9/27/2019,FB,3288430,1051282
9/27/2019,GOOGL,505506,120640
9/27/2019,NFLX,1784172,740092
9/30/2019,AAPL,36378428,15014820
9/30/2019,AMZN,972090,434462
9/30/2019,FB,3097721,1141015
9/30/2019,GOOGL,283565,81046
9/30/2019,NFLX,1846829,641742
10/1/2019,AAPL,54347020,22453300
10/1/2019,AMZN,1110901,471702
10/1/2019,FB,7111911,1608582
10/1/2019,GOOGL,370407,98584
10/1/2019,NFLX,3267944,1355643
10/2/2019,AAPL,51254748,19011768
10/2/2019,AMZN,1135340,600266
10/2/2019,FB,5315883,1709678
10/2/2019,GOOGL,436570,138146
10/2/2019,NFLX,2616388,1185661
10/3/2019,AAPL,44123576,17734980
10/3/2019,AMZN,1407271,756870
10/3/2019,FB,6055564,2165827
10/3/2019,GOOGL,346834,123246
10/3/2019,NFLX,3528734,1443970
10/4/2019,AAPL,52290788,21935760
10/4/2019,AMZN,782210,440998
10/4/2019,FB,3586880,1431046
10/4/2019,GOOGL,259637,121436
10/4/2019,NFLX,3809252,1724293
10/7/2019,AAPL,28755392,11914724
10/7/2019,AMZN,458369,216599
10/7/2019,FB,2196614,693510
10/7/2019,GOOGL,171902,76502
10/7/2019,NFLX,1517625,666166
10/8/2019,AAPL,40439328,17009424
10/8/2019,AMZN,902328,486275
10/8/2019,FB,2879349,1070606
10/8/2019,GOOGL,234321,99385
10/8/2019,NFLX,1907832,759685
10/9/2019,AAPL,27592592,11568868
10/9/2019,AMZN,669645,348950
10/9/2019,FB,2452676,961520
10/9/2019,GOOGL,180450,57116
10/9/2019,NFLX,2556383,1204096
10/10/2019,AAPL,40791548,16576524
10/10/2019,AMZN,922531,425652
10/10/2019,FB,2821860,886703
10/10/2019,GOOGL,161127,53529
10/10/2019,NFLX,4026727,2055565
10/11/2019,AAPL,69170312,29915824
10/11/2019,AMZN,1095221,446939
10/11/2019,FB,4903295,1765301
10/11/2019,GOOGL,230361,78688
10/11/2019,NFLX,3257675,1456296
10/14/2019,AAPL,44910884,22496724
10/14/2019,AMZN,753294,301386
10/14/2019,FB,2380215,913355
10/14/2019,GOOGL,143150,35766
10/14/2019,NFLX,2378387,1003191
10/15/2019,AAPL,29797916,17018600
10/15/2019,AMZN,1254829,632355
10/15/2019,FB,6213930,2230656
10/15/2019,GOOGL,283317,97666
10/15/2019,NFLX,2826828,1162201
10/16/2019,AAPL,26639620,12840772
10/16/2019,AMZN,1031943,518237
10/16/2019,FB,3639573,1212167
10/16/2019,GOOGL,309368,72931
10/16/2019,NFLX,5285700,2149170
10/17/2019,AAPL,26945592,14629748
10/17/2019,AMZN,935625,474656
10/17/2019,FB,3376974,1336777
10/17/2019,GOOGL,321630,114570
10/17/2019,NFLX,16549345,8954565
10/18/2019,AAPL,27793632,16148464
10/18/2019,AMZN,1206348,657744
10/18/2019,FB,5271252,1976385
10/18/2019,GOOGL,301267,107921
10/18/2019,NFLX,9900795,5382732
10/21/2019,AAPL,33865816,19875916
10/21/2019,AMZN,879625,402451
10/21/2019,FB,3195898,1449963
10/21/2019,GOOGL,223313,54725
10/21/2019,NFLX,5841977,3493192
10/22/2019,AAPL,33025700,19234812
10/22/2019,AMZN,790677,402899
10/22/2019,FB,7928118,4075830
10/22/2019,GOOGL,346216,105643
10/22/2019,NFLX,5025692,2719494
10/23/2019,AAPL,29805200,17571260
10/23/2019,AMZN,847007,407876
10/23/2019,FB,5364654,2949158
10/23/2019,GOOGL,308263,110724
10/23/2019,NFLX,2763254,1810278
10/24/2019,AAPL,28590484,16091512
10/24/2019,AMZN,1415012,719771
10/24/2019,FB,4590091,2364987
10/24/2019,GOOGL,272774,82570
10/24/2019,NFLX,1853236,1055729
10/25/2019,AAPL,27881976,16489516
10/25/2019,AMZN,3879916,2417206
10/25/2019,FB,3042252,1614485
10/25/2019,GOOGL,367752,138254
10/25/2019,NFLX,1654379,997159
10/28/2019,AAPL,40412168,23157064
10/28/2019,AMZN,1528161,799095
10/28/2019,FB,5585652,3024555
10/28/2019,GOOGL,966666,300666
10/28/2019,NFLX,2742910,1667758
10/29/2019,AAPL,63269256,34639368
10/29/2019,AMZN,862549,463396
10/29/2019,FB,5645144,3129795
10/29/2019,GOOGL,809044,346383
10/29/2019,NFLX,1668708,1007013
10/30/2019,AAPL,46216404,24721020
10/30/2019,AMZN,894415,468947
10/30/2019,FB,8881451,4401781
10/30/2019,GOOGL,389843,150509
10/30/2019,NFLX,3962025,2515994
10/31/2019,AAPL,56761180,32403888
10/31/2019,AMZN,887863,458277
10/31/2019,FB,17967877,9486551
10/31/2019,GOOGL,314241,141288
10/31/2019,NFLX,1551664,925505
11/1/2019,AAPL,31307556,18655052
11/1/2019,AMZN,483337,236954
11/1/2019,FB,5002129,2763037
11/1/2019,GOOGL,243484,113356
11/1/2019,NFLX,1080960,582800
11/4/2019,AAPL,44973860,27499804
11/4/2019,AMZN,967272,467082
11/4/2019,FB,7445268,3749729
11/4/2019,GOOGL,386101,134892
11/4/2019,NFLX,2402290,1484644
11/5/2019,AAPL,32883876,17236992
11/5/2019,AMZN,664273,344538
11/5/2019,FB,3509232,1889858
11/5/2019,GOOGL,334237,131483
11/5/2019,NFLX,1580745,986037
11/6/2019,AAPL,15159432,8315312
11/6/2019,AMZN,388678,202836
11/6/2019,FB,2480542,1143059
11/6/2019,GOOGL,232877,99860
11/6/2019,NFLX,794488,404599
11/7/2019,AAPL,39600556,19550492
11/7/2019,AMZN,940849,399159
11/7/2019,FB,4761078,2321602
11/7/2019,GOOGL,553192,221318
11/7/2019,NFLX,2313247,1325964
11/8/2019,AAPL,27733360,14804996
11/8/2019,AMZN,657793,332763
11/8/2019,FB,3830800,1852357
11/8/2019,GOOGL,478147,135691
11/8/2019,NFLX,1500176,944802
11/11/2019,AAPL,31698308,17473196
11/11/2019,AMZN,603120,324069
11/11/2019,FB,3125298,1479051
11/11/2019,GOOGL,226737,89531
11/11/2019,NFLX,1498449,919447
11/12/2019,AAPL,35157656,19613936
11/12/2019,AMZN,606680,302880
11/12/2019,FB,6609664,3308140
11/12/2019,GOOGL,310427,107153
11/12/2019,NFLX,2186622,1360986
11/13/2019,AAPL,44458044,25334712
11/13/2019,AMZN,915802,487654
11/13/2019,FB,4327636,2205058
11/13/2019,GOOGL,210559,66806
11/13/2019,NFLX,3902096,2602851
11/14/2019,AAPL,33107744,18735636
11/14/2019,AMZN,837246,345859
11/14/2019,FB,3458051,1805202
11/14/2019,GOOGL,507529,165265
11/14/2019,NFLX,2734255,1665831
11/15/2019,AAPL,38710780,17297516
11/15/2019,AMZN,1201755,609891
11/15/2019,FB,3754380,1843665
11/15/2019,GOOGL,468859,199439
11/15/2019,NFLX,2399919,1530509
11/18/2019,AAPL,33448704,19269244
11/18/2019,AMZN,1065194,493270
11/18/2019,FB,6292570,1891154
11/18/2019,GOOGL,340832,134978
11/18/2019,NFLX,3403846,1984801
11/19/2019,AAPL,27028948,15584676
11/19/2019,AMZN,709022,340260
11/19/2019,FB,6658332,2140534
11/19/2019,GOOGL,265310,102246
11/19/2019,NFLX,2123662,1135416
11/20/2019,AAPL,37869724,21146736
11/20/2019,AMZN,921714,398995
11/20/2019,FB,4055004,2174741
11/20/2019,GOOGL,326811,117462
11/20/2019,NFLX,1906157,1165684
11/21/2019,AAPL,38002968,26357816
11/21/2019,AMZN,825262,414904
11/21/2019,FB,4076037,2169714
11/21/2019,GOOGL,286361,106482
11/21/2019,NFLX,3403065,2017172
11/22/2019,AAPL,23775736,13657532
11/22/2019,AMZN,785642,346838
11/22/2019,FB,3419011,1695486
11/22/2019,GOOGL,245559,93458
11/22/2019,NFLX,2724762,1731210
11/25/2019,AAPL,24340072,8299548
11/25/2019,AMZN,1043373,284336
11/25/2019,FB,5319926,2326243
11/25/2019,GOOGL,254343,80043
11/25/2019,NFLX,3548426,2407695
11/26/2019,AAPL,24750760,8460796
11/26/2019,AMZN,1066308,360235
11/26/2019,FB,3370753,1217506
11/26/2019,GOOGL,209182,74611
11/26/2019,NFLX,1583288,967277
11/27/2019,AAPL,24054216,9121712
11/27/2019,AMZN,1155809,422793
11/27/2019,FB,5050983,2598985
11/27/2019,GOOGL,225782,72565
11/27/2019,NFLX,1746929,1002136
11/29/2019,AAPL,20299056,9479232
11/29/2019,AMZN,807848,404501
11/29/2019,FB,3116305,1730876
11/29/2019,GOOGL,185409,61688
11/29/2019,NFLX,918491,532292
12/2/2019,AAPL,34614196,14754516
12/2/2019,AMZN,1437203,452373
12/2/2019,FB,3514825,1759327
12/2/2019,GOOGL,276591,96999
12/2/2019,NFLX,2452039,1057633
12/3/2019,AAPL,47991948,15479284
12/3/2019,AMZN,1264729,476945
12/3/2019,FB,3985888,2341829
12/3/2019,GOOGL,299197,101879
12/3/2019,NFLX,1908548,1037621
12/4/2019,AAPL,26716288,9925856
12/4/2019,AMZN,1017051,341620
12/4/2019,FB,2787908,1455199
12/4/2019,GOOGL,464877,183394
12/4/2019,NFLX,1360030,784659
12/5/2019,AAPL,27612668,10776648
12/5/2019,AMZN,973221,490270
12/5/2019,FB,3190066,1808742
12/5/2019,GOOGL,353250,148283
12/5/2019,NFLX,1928101,971834
12/6/2019,AAPL,43503428,14608760
12/6/2019,AMZN,948716,418497
12/6/2019,FB,4889435,2221851
12/6/2019,GOOGL,411400,153014
12/6/2019,NFLX,1761335,1090237
12/9/2019,AAPL,53847012,21758124
12/9/2019,AMZN,874369,230324
12/9/2019,FB,3930714,2255837
12/9/2019,GOOGL,406228,194151
12/9/2019,NFLX,2293120,1065852
12/10/2019,AAPL,38413680,13498868
12/10/2019,AMZN,797082,283580
12/10/2019,FB,3693239,2373792
12/10/2019,GOOGL,236500,81746
12/10/2019,NFLX,4831693,3050045
12/11/2019,AAPL,34091932,13389968
12/11/2019,AMZN,681705,233335
12/11/2019,FB,2855734,1760119
12/11/2019,GOOGL,226792,106742
12/11/2019,NFLX,2222109,1261225
12/12/2019,AAPL,60756968,21519540
12/12/2019,AMZN,1031358,422765
12/12/2019,FB,9915709,5438802
12/12/2019,GOOGL,313914,111256
12/12/2019,NFLX,1907505,990766
12/13/2019,AAPL,54350292,31813492
12/13/2019,AMZN,847985,397190
12/13/2019,FB,6378758,2651313
12/13/2019,GOOGL,256037,105336
12/13/2019,NFLX,1179299,613694
12/16/2019,AAPL,31801960,20441124
12/16/2019,AMZN,669012,174452
12/16/2019,FB,2773258,929187
12/16/2019,GOOGL,228991,89527
12/16/2019,NFLX,896271,424495
12/17/2019,AAPL,40274076,23282732
12/17/2019,AMZN,1206810,384169
12/17/2019,FB,3845216,1146810
12/17/2019,GOOGL,389830,120607
12/17/2019,NFLX,4388368,2420634
12/18/2019,AAPL,45109700,26004372
12/18/2019,AMZN,1220625,330202
12/18/2019,FB,8785110,3181820
12/18/2019,GOOGL,249528,96573
12/18/2019,NFLX,4362533,2380821
12/19/2019,AAPL,35144148,20950636
12/19/2019,AMZN,829124,449284
12/19/2019,FB,6181731,3226892
12/19/2019,GOOGL,239795,111306
12/19/2019,NFLX,4114450,2674763
12/20/2019,AAPL,38211384,21813708
12/20/2019,AMZN,934905,467539
12/20/2019,FB,6893896,3942938
12/20/2019,GOOGL,310850,119516
12/20/2019,NFLX,3077863,1962693
12/23/2019,AAPL,20013892,11377708
12/23/2019,AMZN,451847,154809
12/23/2019,FB,2236658,773101
12/23/2019,GOOGL,170647,105352
12/23/2019,NFLX,1143596,591553
12/24/2019,AAPL,28516712,12489096
12/24/2019,AMZN,412270,114345
12/24/2019,FB,3748800,2098018
12/24/2019,GOOGL,248115,201206
12/24/2019,NFLX,892812,457872
12/26/2019,AAPL,43852212,27488084
12/26/2019,AMZN,2655701,1334010
12/26/2019,FB,3422584,1346932
12/26/2019,GOOGL,214455,108588
12/26/2019,NFLX,1422681,832906
12/27/2019,AAPL,75244772,42925924
12/27/2019,AMZN,2666073,1018690
12/27/2019,FB,3872061,1354216
12/27/2019,GOOGL,272109,111656
12/27/2019,NFLX,1960618,1102991
12/30/2019,AAPL,76808232,43952956
12/30/2019,AMZN,1587775,547306
12/30/2019,FB,4265684,1430698
12/30/2019,GOOGL,259902,85511
12/30/2019,NFLX,1439469,765662
12/31/2019,AAPL,45169632,26425944
12/31/2019,AMZN,922718,325648
12/31/2019,FB,2878036,1108814
12/31/2019,GOOGL,194588,68812
12/31/2019,NFLX,1279750,638516
1/2/2020,AAPL,62857784,35396176
1/2/2020,AMZN,1503455,558941
1/2/2020,FB,4739150,1821736
1/2/2020,GOOGL,385191,191227
1/2/2020,NFLX,1551841,875545
1/3/2020,AAPL,33066728,17258184
1/3/2020,AMZN,706201,247277
1/3/2020,FB,2546708,758951
1/3/2020,GOOGL,214185,115574
1/3/2020,NFLX,897500,580839
1/6/2020,AAPL,57284628,19969976
1/6/2020,AMZN,1520820,520626
1/6/2020,FB,5961972,2151849
1/6/2020,GOOGL,560474,235545
1/6/2020,NFLX,2227419,1325378
1/7/2020,AAPL,48693840,17499372
1/7/2020,AMZN,1585228,689002
1/7/2020,FB,6338459,2827652
1/7/2020,GOOGL,551826,239932
1/7/2020,NFLX,1671101,876106
1/8/2020,AAPL,57912412,18927604
1/8/2020,AMZN,1413622,477829
1/8/2020,FB,4841544,1608318
1/8/2020,GOOGL,551921,263089
1/8/2020,NFLX,3080886,1746495
1/9/2020,AAPL,77276396,32155940
1/9/2020,AMZN,1134641,416949
1/9/2020,FB,4846324,1989097
1/9/2020,GOOGL,429095,197465
1/9/2020,NFLX,1717472,987889
1/10/2020,AAPL,67020700,35789756
1/10/2020,AMZN,1088136,424641
1/10/2020,FB,4734227,1736433
1/10/2020,GOOGL,375430,164845
1/10/2020,NFLX,1657856,952310
1/13/2020,AAPL,55625064,32631124
1/13/2020,AMZN,1009489,406325
1/13/2020,FB,6065977,2870055
1/13/2020,GOOGL,509653,343555
1/13/2020,NFLX,2343484,1366875
1/14/2020,AAPL,35694412,19818224
1/14/2020,AMZN,694796,281071
1/14/2020,FB,2950276,1503885
1/14/2020,GOOGL,216257,94758
1/14/2020,NFLX,2108655,1092643
1/15/2020,AAPL,55202744,30435040
1/15/2020,AMZN,1029706,349929
1/15/2020,FB,3475762,1911133
1/15/2020,GOOGL,254681,101241
1/15/2020,NFLX,1824536,1122404
1/16/2020,AAPL,48670064,30021616
1/16/2020,AMZN,891190,340624
1/16/2020,FB,3300939,2121380
1/16/2020,GOOGL,279997,133416
1/16/2020,NFLX,1775564,1186771
1/17/2020,AAPL,51518732,30379820
1/17/2020,AMZN,962560,394243
1/17/2020,FB,3709818,1751529
1/17/2020,GOOGL,454142,189792
1/17/2020,NFLX,1506790,846664
1/21/2020,AAPL,41891232,22992676
1/21/2020,AMZN,1207376,473114
1/21/2020,FB,4083008,1458918
1/21/2020,GOOGL,433076,228709
1/21/2020,NFLX,4431726,2629768
1/22/2020,AAPL,41952804,23899732
1/22/2020,AMZN,1069177,388389
1/22/2020,FB,3945056,1486676
1/22/2020,GOOGL,323146,183533
1/22/2020,NFLX,9198884,5078581
1/23/2020,AAPL,34648924,19292108
1/23/2020,AMZN,761812,321241
1/23/2020,FB,3061704,1089650
1/23/2020,GOOGL,324021,124675
1/23/2020,NFLX,8143365,4789698
1/24/2020,AAPL,68422500,40830480
1/24/2020,AMZN,1361603,591385
1/24/2020,FB,3932787,1318967
1/24/2020,GOOGL,412373,185846
1/24/2020,NFLX,7936237,4697268
1/27/2020,AAPL,69558500,34648200
1/27/2020,AMZN,1238266,507916
1/27/2020,FB,3970481,1922772
1/27/2020,GOOGL,462556,194145
1/27/2020,NFLX,3118452,1875359
1/28/2020,AAPL,66289308,39842784
1/28/2020,AMZN,964205,380080
1/28/2020,FB,4658617,2512459
1/28/2020,GOOGL,319393,171324
1/28/2020,NFLX,2333217,1317814
1/29/2020,AAPL,97946256,53654944
1/29/2020,AMZN,742442,277929
1/29/2020,FB,11119788,4807908
1/29/2020,GOOGL,309332,167285
1/29/2020,NFLX,2800929,1756276
1/30/2020,AAPL,60136768,30124756
1/30/2020,AMZN,1337779,474334
1/30/2020,FB,21758960,11934611
1/30/2020,GOOGL,344105,154291
1/30/2020,NFLX,1671114,1012537
1/31/2020,AAPL,90850928,44042904
1/31/2020,AMZN,5431961,1801494
1/31/2020,FB,12634522,4823964
1/31/2020,GOOGL,585752,265465
1/31/2020,NFLX,1501733,828402
2/3/2020,AAPL,81520148,40859152
2/3/2020,AMZN,1881014,541030
2/3/2020,FB,5275712,1909378
2/3/2020,GOOGL,928414,386725
2/3/2020,NFLX,2190300,1229511
2/4/2020,AAPL,59541812,31260284
2/4/2020,AMZN,1601399,467704
2/4/2020,FB,5933399,1909739
2/4/2020,GOOGL,1412177,594992
2/4/2020,NFLX,2255239,1227129
2/5/2020,AAPL,50174412,28009384
2/5/2020,AMZN,1231257,374413
2/5/2020,FB,3524183,1881264
2/5/2020,GOOGL,480737,269130
2/5/2020,NFLX,2359349,1363874
2/6/2020,AAPL,42389988,20072112
2/6/2020,AMZN,865762,267598
2/6/2020,FB,3994125,2080745
2/6/2020,GOOGL,606709,277455
2/6/2020,NFLX,1397027,867519
2/7/2020,AAPL,54167016,31116900
2/7/2020,AMZN,1956140,592470
2/7/2020,FB,3859484,2030332
2/7/2020,GOOGL,441022,248362
2/7/2020,NFLX,1470718,917576
2/10/2020,AAPL,48258956,20193776
2/10/2020,AMZN,1934655,636123
2/10/2020,FB,3925153,2065445
2/10/2020,GOOGL,542713,272297
2/10/2020,NFLX,1628781,883663
2/11/2020,AAPL,39364988,19755684
2/11/2020,AMZN,2305635,864465
2/11/2020,FB,10549661,5650631
2/11/2020,GOOGL,642241,315803
2/11/2020,NFLX,1933496,963946
2/12/2020,AAPL,43594456,15694252
2/12/2020,AMZN,1174483,393056
2/12/2020,FB,5282796,2801723
2/12/2020,GOOGL,299981,154102
2/12/2020,NFLX,1792362,957730
2/13/2020,AAPL,40390128,21942532
2/13/2020,AMZN,1144207,323018
2/13/2020,FB,4814192,2690279
2/13/2020,GOOGL,259550,134226
2/13/2020,NFLX,1679921,1025249
2/14/2020,AAPL,33506816,17581224
2/14/2020,AMZN,924568,313907
2/14/2020,FB,3952053,2178092
2/14/2020,GOOGL,382055,119566
2/14/2020,NFLX,1328945,790895
2/18/2020,AAPL,67957528,24076884
2/18/2020,AMZN,1072689,336371
2/18/2020,FB,4864605,2458751
2/18/2020,GOOGL,333767,148990
2/18/2020,NFLX,2033779,1048714
2/19/2020,AAPL,35744444,13314360
2/19/2020,AMZN,977377,339783
2/19/2020,FB,4603301,2008848
2/19/2020,GOOGL,286869,139285
2/19/2020,NFLX,2013206,1067023
2/20/2020,AAPL,41422548,15189516
2/20/2020,AMZN,1251945,376773
2/20/2020,FB,4630297,2181002
2/20/2020,GOOGL,352483,140147
2/20/2020,NFLX,1669729,967607
2/21/2020,AAPL,49735544,18241828
2/21/2020,AMZN,1596537,584088
2/21/2020,FB,3913892,1769485
2/21/2020,GOOGL,482341,261890
2/21/2020,NFLX,1316249,803745
2/24/2020,AAPL,84573452,24684616
2/24/2020,AMZN,2416376,616015
2/24/2020,FB,8179349,2514744
2/24/2020,GOOGL,654948,281723
2/24/2020,NFLX,2023600,1065796
2/25/2020,AAPL,93511168,28503676
2/25/2020,AMZN,2520524,914856
2/25/2020,FB,6371650,2001920
2/25/2020,GOOGL,704278,358393
2/25/2020,NFLX,2079722,1045326
2/26/2020,AAPL,87075196,34893856
2/26/2020,AMZN,1966830,689794
2/26/2020,FB,5368072,1807712
2/26/2020,GOOGL,584078,294753
2/26/2020,NFLX,3316711,2006091
2/27/2020,AAPL,124615412,35160416
2/27/2020,AMZN,3217481,972085
2/27/2020,FB,6843252,1828604
2/27/2020,GOOGL,838775,386830
2/27/2020,NFLX,4448213,2240450
2/28/2020,AAPL,140938764,43324760
2/28/2020,AMZN,3089628,992987
2/28/2020,FB,8034456,2002182
2/28/2020,GOOGL,1012614,484623
2/28/2020,NFLX,3524267,1753448
3/2/2020,AAPL,136544168,63327872
3/2/2020,AMZN,2441969,1011474
3/2/2020,FB,7646120,2574509
3/2/2020,GOOGL,698400,398849
3/2/2020,NFLX,2332487,1423325
3/3/2020,AAPL,120562996,52416236
3/3/2020,AMZN,2586018,1075189
3/3/2020,FB,7764405,2663866
3/3/2020,GOOGL,656092,341904
3/3/2020,NFLX,2921928,1609339
3/4/2020,AAPL,84482784,36408416
3/4/2020,AMZN,1534075,644860
3/4/2020,FB,7498670,2440770
3/4/2020,GOOGL,614875,229837
3/4/2020,NFLX,1822225,996135
3/5/2020,AAPL,46660956,18112804
3/5/2020,AMZN,1038487,384750
3/5/2020,FB,4489103,1687611
3/5/2020,GOOGL,599523,334950
3/5/2020,NFLX,2645454,1417562
3/6/2020,AAPL,88988016,35986436
3/6/2020,AMZN,1721742,716871
3/6/2020,FB,7424218,2867920
3/6/2020,GOOGL,851613,467354
3/6/2020,NFLX,2961473,1765858
3/9/2020,AAPL,107986560,40452136
3/9/2020,AMZN,2822620,1009698
3/9/2020,FB,8284056,2406553
3/9/2020,GOOGL,918867,437226
3/9/2020,NFLX,2467564,1325267
3/10/2020,AAPL,110730208,43810288
3/10/2020,AMZN,2426519,1009682
3/10/2020,FB,6549293,2312338
3/10/2020,GOOGL,666174,354344
3/10/2020,NFLX,2659020,1527544
3/11/2020,AAPL,102870596,43913792
3/11/2020,AMZN,2012157,813477
3/11/2020,FB,5834943,1729780
3/11/2020,GOOGL,722712,320464
3/11/2020,NFLX,2070786,1134095
3/12/2020,AAPL,143500336,41975824
3/12/2020,AMZN,4052895,1284746
3/12/2020,FB,11032938,3139561
3/12/2020,GOOGL,1269575,587031
3/12/2020,NFLX,4199785,1959744
3/13/2020,AAPL,132322940,44830352
3/13/2020,AMZN,2982749,1063905
3/13/2020,FB,9367146,2471916
3/13/2020,GOOGL,1032517,507290
3/13/2020,NFLX,3226317,1567883
3/16/2020,AAPL,117807336,38445212
3/16/2020,AMZN,3090508,1143160
3/16/2020,FB,13108116,2779746
3/16/2020,GOOGL,1307220,502001
3/16/2020,NFLX,3400325,1702829
3/17/2020,AAPL,133770840,38348828
3/17/2020,AMZN,4099088,1629562
3/17/2020,FB,10601325,2804418
3/17/2020,GOOGL,1092551,491281
3/17/2020,NFLX,3929943,1872223
3/18/2020,AAPL,74661200,23446640
3/18/2020,AMZN,2605387,994674
3/18/2020,FB,9304620,2762413
3/18/2020,GOOGL,1120624,603776
3/18/2020,NFLX,3783759,1750841
3/19/2020,AAPL,103749332,32677628
3/19/2020,AMZN,4102527,1356030
3/19/2020,FB,12031746,4074542
3/19/2020,GOOGL,1238743,478862
3/19/2020,NFLX,4254654,2128961
3/20/2020,AAPL,113639796,44503788
3/20/2020,AMZN,3467291,1357402
3/20/2020,FB,8949194,2799910
3/20/2020,GOOGL,974266,496015
3/20/2020,NFLX,3786198,1992463
3/23/2020,AAPL,150006792,52585940
3/23/2020,AMZN,3182754,871052
3/23/2020,FB,9710575,2972382
3/23/2020,GOOGL,1191772,517897
3/23/2020,NFLX,5812562,3109396
3/24/2020,AAPL,119950176,46988920
3/24/2020,AMZN,2485594,901782
3/24/2020,FB,10815227,3333463
3/24/2020,GOOGL,986329,432401
3/24/2020,NFLX,4373505,2187063
3/25/2020,AAPL,130741912,80791920
3/25/2020,AMZN,2274969,904812
3/25/2020,FB,12447906,4357317
3/25/2020,GOOGL,1298380,678786
3/25/2020,NFLX,3522381,1757773
3/26/2020,AAPL,104305316,64399656
3/26/2020,AMZN,1969567,1016538
3/26/2020,FB,9932936,3747979
3/26/2020,GOOGL,1090595,615534
3/26/2020,NFLX,2676671,1454794
3/27/2020,AAPL,56507960,36331896
3/27/2020,AMZN,1195369,677822
3/27/2020,FB,7043088,2192332
3/27/2020,GOOGL,782678,417735
3/27/2020,NFLX,2525755,1488856
3/30/2020,AAPL,77808648,47005268
3/30/2020,AMZN,2238719,1281091
3/30/2020,FB,8363391,3381339
3/30/2020,GOOGL,892731,493055
3/30/2020,NFLX,3420445,2199240
3/31/2020,AAPL,87292836,53151140
3/31/2020,AMZN,1655228,875838
3/31/2020,FB,8541171,3668771
3/31/2020,GOOGL,835032,444509
3/31/2020,NFLX,3213641,2077397
4/1/2020,AAPL,77923128,46130988
4/1/2020,AMZN,1319871,732015
4/1/2020,FB,6819448,2655790
4/1/2020,GOOGL,833161,410690
4/1/2020,NFLX,2678232,1641066
4/2/2020,AAPL,72998824,45216460
4/2/2020,AMZN,1662436,772725
4/2/2020,FB,7072721,2588062
4/2/2020,GOOGL,851465,359875
4/2/2020,NFLX,1823218,1137334
4/3/2020,AAPL,60835480,36076008
4/3/2020,AMZN,1185748,679268
4/3/2020,FB,8507034,3762800
4/3/2020,GOOGL,711751,294201
4/3/2020,NFLX,1799216,1108117
4/6/2020,AAPL,75112596,38716508
4/6/2020,AMZN,2053405,937303
4/6/2020,FB,9000766,2993727
4/6/2020,GOOGL,899477,497849
4/6/2020,NFLX,2597059,1263284
4/7/2020,AAPL,96993524,59300560
4/7/2020,AMZN,1942324,1057685
4/7/2020,FB,12464677,5584550
4/7/2020,GOOGL,910937,404886
4/7/2020,NFLX,2742517,1581569
4/8/2020,AAPL,72999416,46665736
4/8/2020,AMZN,1431282,785378
4/8/2020,FB,8525546,3678106
4/8/2020,GOOGL,516227,289619
4/8/2020,NFLX,2504189,1521646
4/9/2020,AAPL,74085340,46058876
4/9/2020,AMZN,1590713,895383
4/9/2020,FB,8941714,3549300
4/9/2020,GOOGL,753661,315042
4/9/2020,NFLX,2716978,1467751
4/13/2020,AAPL,62350096,38300008
4/13/2020,AMZN,3142254,1253410
4/13/2020,FB,7867954,4109348
4/13/2020,GOOGL,663341,281227
4/13/2020,NFLX,4729610,2641507
4/14/2020,AAPL,89143720,55148332
4/14/2020,AMZN,3532188,1487877
4/14/2020,FB,8135118,4215200
4/14/2020,GOOGL,973159,479729
4/14/2020,NFLX,5202421,2851805
4/15/2020,AAPL,59057988,35924880
4/15/2020,AMZN,3147674,1802847
4/15/2020,FB,7047471,3256221
4/15/2020,GOOGL,618690,306040
4/15/2020,NFLX,6266316,3850731
4/16/2020,AAPL,70140780,41766172
4/16/2020,AMZN,5521276,2993526
4/16/2020,FB,8396196,4762621
4/16/2020,GOOGL,810606,438473
4/16/2020,NFLX,6901330,4231424
4/17/2020,AAPL,91058768,51086824
4/17/2020,AMZN,3367841,1497895
4/17/2020,FB,7169237,3633055
4/17/2020,GOOGL,766456,356488
4/17/2020,NFLX,5241241,2922865
4/20/2020,AAPL,57071036,22048664
4/20/2020,AMZN,2748926,1061639
4/20/2020,FB,6307953,2315725
4/20/2020,GOOGL,633903,261419
4/20/2020,NFLX,6386029,3859418
4/21/2020,AAPL,74645660,30908132
4/21/2020,AMZN,3642570,1446848
4/21/2020,FB,8877847,3714072
4/21/2020,GOOGL,656047,359562
4/21/2020,NFLX,8794140,5202354
4/22/2020,AAPL,52619756,21670588
4/22/2020,AMZN,1829625,628180
4/22/2020,FB,14898157,5759941
4/22/2020,GOOGL,652966,332706
4/22/2020,NFLX,10538655,6500530
4/23/2020,AAPL,54149340,21853848
4/23/2020,AMZN,2131102,803642
4/23/2020,FB,8364122,3235502
4/23/2020,GOOGL,497447,257242
4/23/2020,NFLX,7172918,4523105
4/24/2020,AAPL,57492260,21963940
4/24/2020,AMZN,1686226,646730
4/24/2020,FB,13525700,5309619
4/24/2020,GOOGL,577659,294354
4/24/2020,NFLX,3808611,2224944
4/27/2020,AAPL,56367856,23582172
4/27/2020,AMZN,2630909,1105279
4/27/2020,FB,12508443,4383770
4/27/2020,GOOGL,577972,275319
4/27/2020,NFLX,2968669,1654600
4/28/2020,AAPL,48603520,20284076
4/28/2020,AMZN,2239668,798360
4/28/2020,FB,8616548,3385478
4/28/2020,GOOGL,1079757,440817
4/28/2020,NFLX,4439763,2407779
4/29/2020,AAPL,58312072,22650208
4/29/2020,AMZN,1824140,652148
4/29/2020,FB,17303177,7270549
4/29/2020,GOOGL,1615931,982424
4/29/2020,NFLX,3893335,2188181
4/30/2020,AAPL,66027664,26899048
4/30/2020,AMZN,3083588,1185940
4/30/2020,FB,20733316,9603358
4/30/2020,GOOGL,666374,349394
4/30/2020,NFLX,3009816,1779527
5/1/2020,AAPL,118606096,54111112
5/1/2020,AMZN,4040308,1721779
5/1/2020,FB,14873430,7586713
5/1/2020,GOOGL,722928,392963
5/1/2020,NFLX,3477213,2113198
5/4/2020,AAPL,63149408,24732756
5/4/2020,AMZN,1889778,735197
5/4/2020,FB,8231674,4954162
5/4/2020,GOOGL,429464,250363
5/4/2020,NFLX,3328416,1906033
5/5/2020,AAPL,68634816,27355356
5/5/2020,AMZN,1237218,487783
5/5/2020,FB,9472247,5609857
5/5/2020,GOOGL,648557,381298
5/5/2020,NFLX,2709625,1467248
5/6/2020,AAPL,67877756,28483856
5/6/2020,AMZN,1240508,504910
5/6/2020,FB,9074900,5759866
5/6/2020,GOOGL,417885,252924
5/6/2020,NFLX,3034230,1753946
5/7/2020,AAPL,47938800,20541424
5/7/2020,AMZN,1171369,452338
5/7/2020,FB,6055689,3564725
5/7/2020,GOOGL,416867,234024
5/7/2020,NFLX,2213246,1297808
5/8/2020,AAPL,62405384,24704348
5/8/2020,AMZN,1124940,368311
5/8/2020,FB,5093731,2756018
5/8/2020,GOOGL,453064,217201
5/8/2020,NFLX,2095603,1047183
5/11/2020,AAPL,74887196,32198672
5/11/2020,AMZN,1292207,692592
5/11/2020,FB,5101577,2974643
5/11/2020,GOOGL,481312,283841
5/11/2020,NFLX,2405079,1339296
5/12/2020,AAPL,75839940,34111924
5/12/2020,AMZN,1097371,575378
5/12/2020,FB,5964843,2969090
5/12/2020,GOOGL,523379,212164
5/12/2020,NFLX,1959378,1147382
5/13/2020,AAPL,95638828,37397040
5/13/2020,AMZN,1944202,1052122
5/13/2020,FB,7244597,3582830
5/13/2020,GOOGL,488451,185242
5/13/2020,NFLX,3513531,2185636
5/14/2020,AAPL,74534832,33254476
5/14/2020,AMZN,1187324,653395
5/14/2020,FB,5235700,2801441
5/14/2020,GOOGL,368554,190422
5/14/2020,NFLX,4403581,2594859
5/15/2020,AAPL,73127344,32530868
5/15/2020,AMZN,1365523,731562
5/15/2020,FB,6579076,3890954
5/15/2020,GOOGL,364414,217389
5/15/2020,NFLX,3186436,1835156
5/18/2020,AAPL,59493132,22902052
5/18/2020,AMZN,1596321,516228
5/18/2020,FB,7503450,3273933
5/18/2020,GOOGL,486571,234119
5/18/2020,NFLX,3079736,1743398
5/19/2020,AAPL,47827592,22549100
5/19/2020,AMZN,1743233,725718
5/19/2020,FB,14910774,7809723
5/19/2020,GOOGL,350372,157627
5/19/2020,NFLX,2243251,1313000
5/20/2020,AAPL,49242660,22429488
5/20/2020,AMZN,1525836,555562
5/20/2020,FB,25844576,13926097
5/20/2020,GOOGL,439893,251518
5/20/2020,NFLX,2495942,1502730
5/21/2020,AAPL,46939572,29686288
5/21/2020,AMZN,1810757,992538
5/21/2020,FB,24685431,15113517
5/21/2020,GOOGL,375742,205305
5/21/2020,NFLX,3809588,2030565
5/22/2020,AAPL,37309240,23880220
5/22/2020,AMZN,1059383,531845
5/22/2020,FB,17006126,9667606
5/22/2020,GOOGL,293123,135552
5/22/2020,NFLX,2324617,1338255
5/26/2020,AAPL,56340360,33226216
5/26/2020,AMZN,1217012,424909
5/26/2020,FB,15279230,9016334
5/26/2020,GOOGL,425361,196061
5/26/2020,NFLX,3084947,1788634
5/27/2020,AAPL,43346292,18546480
5/27/2020,AMZN,1795029,643110
5/27/2020,FB,16063606,9208476
5/27/2020,GOOGL,316741,161405
5/27/2020,NFLX,4318106,2388034
5/28/2020,AAPL,52447672,23586720
5/28/2020,AMZN,1151290,454898
5/28/2020,FB,14724241,9164741
5/28/2020,GOOGL,347764,186705
5/28/2020,NFLX,2424720,1402365
5/29/2020,AAPL,49729624,21822724
5/29/2020,AMZN,947268,360209
5/29/2020,FB,9271860,5853111
5/29/2020,GOOGL,403137,229936
5/29/2020,NFLX,1847796,1080748
6/1/2020,AAPL,33924104,13417400
6/1/2020,AMZN,1262284,369115
6/1/2020,FB,8557320,4435030
6/1/2020,GOOGL,306340,162271
6/1/2020,NFLX,1598224,969960
6/2/2020,AAPL,34439092,13260748
6/2/2020,AMZN,957668,329460
6/2/2020,FB,9269664,5165973
6/2/2020,GOOGL,229144,103775
6/2/2020,NFLX,1349191,781503
6/3/2020,AAPL,44880912,15932116
6/3/2020,AMZN,925388,337165
6/3/2020,FB,7051765,3645494
6/3/2020,GOOGL,290868,137160
6/3/2020,NFLX,1903169,1135406
6/4/2020,AAPL,35865940,15642424
6/4/2020,AMZN,1121483,517918
6/4/2020,FB,7764538,4024964
6/4/2020,GOOGL,357198,168584
6/4/2020,NFLX,2000779,1072619
6/5/2020,AAPL,51194460,19980588
6/5/2020,AMZN,1005029,336927
6/5/2020,FB,6289398,3304880
6/5/2020,GOOGL,444014,207636
6/5/2020,NFLX,1763878,1047933
6/8/2020,AAPL,39417796,16265164
6/8/2020,AMZN,1348796,481812
6/8/2020,FB,6547392,3468532
6/8/2020,GOOGL,318768,138164
6/8/2020,NFLX,2243210,1251514
6/9/2020,AAPL,67784480,31042716
6/9/2020,AMZN,1936728,844304
6/9/2020,FB,13100499,7159267
6/9/2020,GOOGL,331200,173225
6/9/2020,NFLX,2661486,1511223
6/10/2020,AAPL,73626880,33785348
6/10/2020,AMZN,1947213,892345
6/10/2020,FB,8254990,4462350
6/10/2020,GOOGL,341776,182709
6/10/2020,NFLX,1629856,917194
6/11/2020,AAPL,85173956,33563968
6/11/2020,AMZN,2329748,950558
6/11/2020,FB,10346799,5991677
6/11/2020,GOOGL,526816,303962
6/11/2020,NFLX,2796264,1487160
6/12/2020,AAPL,90911052,40522100
6/12/2020,AMZN,2254023,983781
6/12/2020,FB,7065102,4312429
6/12/2020,GOOGL,368341,197361
6/12/2020,NFLX,2338355,1311565
6/15/2020,AAPL,62693904,28160936
6/15/2020,AMZN,1514315,603080
6/15/2020,FB,5971076,3456409
6/15/2020,GOOGL,255620,130456
6/15/2020,NFLX,1538925,973324
6/16/2020,AAPL,71775448,31692116
6/16/2020,AMZN,1298189,434346
6/16/2020,FB,5854169,3330612
6/16/2020,GOOGL,276155,135403
6/16/2020,NFLX,1807178,1057676
6/17/2020,AAPL,51341376,22880464
6/17/2020,AMZN,1153889,533976
6/17/2020,FB,9635123,5666620
6/17/2020,GOOGL,360417,132979
6/17/2020,NFLX,2382849,1305017
6/18/2020,AAPL,39398464,16885592
6/18/2020,AMZN,894379,447892
6/18/2020,FB,6473592,3558098
6/18/2020,GOOGL,332088,172863
6/18/2020,NFLX,1611389,871127
6/19/2020,AAPL,73584356,34553932
6/19/2020,AMZN,1549172,874195
6/19/2020,FB,11377346,6989012
6/19/2020,GOOGL,350215,181968
6/19/2020,NFLX,1572585,889012
6/22/2020,AAPL,65165036,28869940
6/22/2020,AMZN,1240927,502016
6/22/2020,FB,7712293,4387135
6/22/2020,GOOGL,349233,189943
6/22/2020,NFLX,2450991,1397675
6/23/2020,AAPL,114014488,71971680
6/23/2020,AMZN,1845847,776466
6/23/2020,FB,10039309,5402570
6/23/2020,GOOGL,531184,282374
6/23/2020,NFLX,2209720,1167857
6/24/2020,AAPL,100289744,60187292
6/24/2020,AMZN,2005736,789611
6/24/2020,FB,8580226,4579335
6/24/2020,GOOGL,395765,188006
6/24/2020,NFLX,1960461,1112774
6/25/2020,AAPL,66688192,27610304
6/25/2020,AMZN,1173481,484621
6/25/2020,FB,7557075,3945240
6/25/2020,GOOGL,294286,125607
6/25/2020,NFLX,1441099,851901
6/26/2020,AAPL,82431084,32586212
6/26/2020,AMZN,2131786,816568
6/26/2020,FB,34653214,19550600
6/26/2020,GOOGL,958412,547071
6/26/2020,NFLX,2205013,1120171
6/29/2020,AAPL,58409176,23960176
6/29/2020,AMZN,1729448,587883
6/29/2020,FB,29939166,17858122
6/29/2020,GOOGL,464185,228444
6/29/2020,NFLX,1482970,831906
6/30/2020,AAPL,58965500,23541280
6/30/2020,AMZN,1356836,461924
6/30/2020,FB,15475022,9262947
6/30/2020,GOOGL,329619,155876
6/30/2020,NFLX,1273638,727487
7/1/2020,AAPL,48613440,17592244
7/1/2020,AMZN,2499432,850894
7/1/2020,FB,18583435,10480279
7/1/2020,GOOGL,393437,178702
7/1/2020,NFLX,3669847,1919696
7/2/2020,AAPL,48678340,20714104
7/2/2020,AMZN,2624004,1055943
7/2/2020,FB,13771502,8123236
7/2/2020,GOOGL,617653,340274
7/2/2020,NFLX,2678327,1485849
7/6/2020,AAPL,52357216,19878492
7/6/2020,AMZN,2967728,1138730
7/6/2020,FB,11116598,6420484
7/6/2020,GOOGL,475283,214480
7/6/2020,NFLX,3241066,1290010
7/7/2020,AAPL,48982908,19874244
7/7/2020,AMZN,2158049,891126
7/7/2020,FB,12682111,8001709
7/7/2020,GOOGL,506058,232076
7/7/2020,NFLX,2531291,969364
7/8/2020,AAPL,55942548,25294408
7/8/2020,AMZN,2127268,820016
7/8/2020,FB,14186494,9014627
7/8/2020,GOOGL,378803,149416
7/8/2020,NFLX,2373276,818977
7/9/2020,AAPL,59241160,24661032
7/9/2020,AMZN,2855150,1186545
7/9/2020,FB,9129425,5747053
7/9/2020,GOOGL,545345,255749
7/9/2020,NFLX,2511840,1041909
7/10/2020,AAPL,38941380,15413372
7/10/2020,AMZN,2353059,905843
7/10/2020,FB,9433652,5170016
7/10/2020,GOOGL,453527,228833
7/10/2020,NFLX,11318706,4602123
7/13/2020,AAPL,90759508,36967696
7/13/2020,AMZN,3446192,1345782
7/13/2020,FB,11199432,6553069
7/13/2020,GOOGL,696826,279597
7/13/2020,NFLX,9403121,4128118
7/14/2020,AAPL,73461604,26286224
7/14/2020,AMZN,3191632,873756
7/14/2020,FB,9404933,5516417
7/14/2020,GOOGL,406538,204279
7/14/2020,NFLX,8501834,3246689
7/15/2020,AAPL,72958392,31459800
7/15/2020,AMZN,2499450,936758
7/15/2020,FB,8949213,5272089
7/15/2020,GOOGL,337270,200597
7/15/2020,NFLX,5861797,2232192
7/16/2020,AAPL,48967044,20360132
7/16/2020,AMZN,2733647,954098
7/16/2020,FB,7721559,4779669
7/16/2020,GOOGL,280994,148618
7/16/2020,NFLX,11894830,5066704
7/17/2020,AAPL,38319156,15813320
7/17/2020,AMZN,1879880,717736
7/17/2020,FB,7453261,4078382
7/17/2020,GOOGL,274592,115667
7/17/2020,NFLX,13598221,6389522
7/20/2020,AAPL,37094404,15346836
7/20/2020,AMZN,3167417,1136481
7/20/2020,FB,9294927,3646575
7/20/2020,GOOGL,346632,161059
7/20/2020,NFLX,6567820,2740801
7/21/2020,AAPL,44175396,17734460
7/21/2020,AMZN,2933941,1101294
7/21/2020,FB,7319763,3037529
7/21/2020,GOOGL,264105,131245
7/21/2020,NFLX,4580653,1962599
7/22/2020,AAPL,38326472,16296512
7/22/2020,AMZN,1771033,669080
7/22/2020,FB,6638683,2890378
7/22/2020,GOOGL,538669,137496
7/22/2020,NFLX,3378415,1441583
7/23/2020,AAPL,84964044,31775620
7/23/2020,AMZN,2297228,947709
7/23/2020,FB,9230835,3466218
7/23/2020,GOOGL,380207,211816
7/23/2020,NFLX,3688431,1593604
7/24/2020,AAPL,86061460,30361692
7/24/2020,AMZN,2392747,886761
7/24/2020,FB,8216340,2916348
7/24/2020,GOOGL,330267,132063
7/24/2020,NFLX,4191944,1788594
7/27/2020,AAPL,54017280,23703424
7/27/2020,AMZN,1859087,693905
7/27/2020,FB,5578404,2202548
7/27/2020,GOOGL,249081,128134
7/27/2020,NFLX,4231694,1658645
7/28/2020,AAPL,51254088,16301688
7/28/2020,AMZN,1266307,511771
7/28/2020,FB,6916559,2577794
7/28/2020,GOOGL,383233,187790
7/28/2020,NFLX,3414252,1584589
7/29/2020,AAPL,42316760,18068876
7/29/2020,AMZN,1131439,464424
7/29/2020,FB,5844533,2227323
7/29/2020,GOOGL,307213,174896
7/29/2020,NFLX,3388926,1486663
7/30/2020,AAPL,58407984,23969708
7/30/2020,AMZN,2043542,842751
7/30/2020,FB,6892523,2640804
7/30/2020,GOOGL,421630,264607
7/30/2020,NFLX,3901589,1772925
7/31/2020,AAPL,175350980,83882876
7/31/2020,AMZN,2725911,1211272
7/31/2020,FB,23398621,9642946
7/31/2020,GOOGL,1299956,560481
7/31/2020,NFLX,2995984,1277898
8/3/2020,AAPL,160549108,99104852
8/3/2020,AMZN,1561019,860726
8/3/2020,FB,10004608,3284035
8/3/2020,GOOGL,672151,269909
8/3/2020,NFLX,3072815,1158045
8/4/2020,AAPL,94659728,58319756
8/4/2020,AMZN,1729526,893962
8/4/2020,FB,7687079,2581575
8/4/2020,GOOGL,543584,200965
8/4/2020,NFLX,2766191,1148459
8/5/2020,AAPL,62736788,39106680
8/5/2020,AMZN,1521049,710026
8/5/2020,FB,5626173,1948613
8/5/2020,GOOGL,365760,135728
8/5/2020,NFLX,2124002,904440
8/6/2020,AAPL,114755004,73061304
8/6/2020,AMZN,1517757,788814
8/6/2020,FB,23374506,8476198
8/6/2020,GOOGL,495082,141794
8/6/2020,NFLX,1477331,634009
8/7/2020,AAPL,98386868,41489240
8/7/2020,AMZN,1532240,829267
8/7/2020,FB,41613157,17562111
8/7/2020,GOOGL,487048,136733
8/7/2020,NFLX,2691479,1245843
8/10/2020,AAPL,119631788,50995236
8/10/2020,AMZN,1194377,464163
8/10/2020,FB,14981668,5859899
8/10/2020,GOOGL,232083,73269
8/10/2020,NFLX,2106667,906853
8/11/2020,AAPL,89463348,36112808
8/11/2020,AMZN,1361141,473273
8/11/2020,FB,13694223,5478455
8/11/2020,GOOGL,419583,131131
8/11/2020,NFLX,2742728,1009489
8/12/2020,AAPL,88169524,36270412
8/12/2020,AMZN,1241638,444129
8/12/2020,FB,10217546,4015798
8/12/2020,GOOGL,327375,99074
8/12/2020,NFLX,2034074,745795
8/13/2020,AAPL,116744540,51423828
8/13/2020,AMZN,1201394,482772
8/13/2020,FB,8754849,3608307
8/13/2020,GOOGL,327392,119721
8/13/2020,NFLX,1225119,489133
8/14/2020,AAPL,89446140,40561084
8/14/2020,AMZN,1003676,375970
8/14/2020,FB,7401901,2719620
8/14/2020,GOOGL,220896,93088
8/14/2020,NFLX,1164498,520463
8/17/2020,AAPL,55317508,21674752
8/17/2020,AMZN,929229,276933
8/17/2020,FB,5177378,1675410
8/17/2020,GOOGL,265138,90964
8/17/2020,NFLX,839159,313842
8/18/2020,AAPL,52043152,21042676
8/18/2020,AMZN,2166557,693734
8/18/2020,FB,9200224,2933334
8/18/2020,GOOGL,373461,130062
8/18/2020,NFLX,1226238,500545
8/19/2020,AAPL,75574796,32615156
8/19/2020,AMZN,1634943,625499
8/19/2020,FB,12227902,4000557
8/19/2020,GOOGL,350669,144195
8/19/2020,NFLX,1226371,537175
8/20/2020,AAPL,63755120,28232344
8/20/2020,AMZN,1129368,443501
8/20/2020,FB,9208179,3517221
8/20/2020,GOOGL,387203,144177
8/20/2020,NFLX,1791243,768972
8/21/2020,AAPL,169321204,81262172
8/21/2020,AMZN,1092545,470697
8/21/2020,FB,6449197,2480690
8/21/2020,GOOGL,437270,150506
8/21/2020,NFLX,1321377,580218
8/24/2020,AAPL,181364112,79296828
8/24/2020,AMZN,1850325,642467
8/24/2020,FB,11570176,3599724
8/24/2020,GOOGL,382768,130490
8/24/2020,NFLX,1831162,650280
8/25/2020,AAPL,110486612,47379832
8/25/2020,AMZN,1577458,521361
8/25/2020,FB,22258048,6685695
8/25/2020,GOOGL,381071,152733
8/25/2020,NFLX,1865877,407683
8/26/2020,AAPL,83386828,34417396
8/26/2020,AMZN,2289026,788774
8/26/2020,FB,31493205,12568538
8/26/2020,GOOGL,685025,255957
8/26/2020,NFLX,9110562,3761647
8/27/2020,AAPL,74641556,31951328
8/27/2020,AMZN,1460138,582785
8/27/2020,FB,14341492,5734088
8/27/2020,GOOGL,551166,147869
8/27/2020,NFLX,3529125,1340264
8/28/2020,AAPL,74644748,32881176
8/28/2020,AMZN,921054,388159
8/28/2020,FB,7913614,3057233
8/28/2020,GOOGL,290699,109229
8/28/2020,NFLX,1743968,698743
8/31/2020,AAPL,103414928,39302347
8/31/2020,AMZN,1624243,557727
8/31/2020,FB,7230931,2588063
8/31/2020,GOOGL,330065,106908
8/31/2020,NFLX,1897694,706222
9/1/2020,AAPL,73956150,28898076
9/1/2020,AMZN,1259397,489842
9/1/2020,FB,8459646,2739016
9/1/2020,GOOGL,296134,107598
9/1/2020,NFLX,3969001,1226163
9/2/2020,AAPL,97787222,33311826
9/2/2020,AMZN,1334059,559449
9/2/2020,FB,10339712,3583297
9/2/2020,GOOGL,621388,232271
9/2/2020,NFLX,2158013,783135
9/3/2020,AAPL,119460439,35580571
9/3/2020,AMZN,3249349,1061812
9/3/2020,FB,12328598,3830564
9/3/2020,GOOGL,944157,352298
9/3/2020,NFLX,3455000,1094863
9/4/2020,AAPL,155059967,50714778
9/4/2020,AMZN,3569466,1093134
9/4/2020,FB,12935293,4365271
9/4/2020,GOOGL,821658,206128
9/4/2020,NFLX,3348443,1511444
9/8/2020,AAPL,102994399,39232552
9/8/2020,AMZN,2301491,707309
9/8/2020,FB,9827774,3687032
9/8/2020,GOOGL,577781,207958
9/8/2020,NFLX,1870581,751829
9/9/2020,AAPL,83478520,32741663
9/9/2020,AMZN,2138395,811874
9/9/2020,FB,10385128,4026206
9/9/2020,GOOGL,445618,139399
9/9/2020,NFLX,2535709,1137239
9/10/2020,AAPL,92026237,36738802
9/10/2020,AMZN,2137891,858585
9/10/2020,FB,11702398,4713130
9/10/2020,GOOGL,373556,183968
9/10/2020,NFLX,2095015,1008220
9/11/2020,AAPL,97234806,40284925
9/11/2020,AMZN,2014175,817122
9/11/2020,FB,9334003,3728201
9/11/2020,GOOGL,436202,202209
9/11/2020,NFLX,1817410,883896
9/14/2020,AAPL,70161481,29837526
9/14/2020,AMZN,1693548,894810
9/14/2020,FB,10258520,4011175
9/14/2020,GOOGL,464782,178308
9/14/2020,NFLX,4157016,1750463
9/15/2020,AAPL,105427959,43794369
9/15/2020,AMZN,1425848,785230
9/15/2020,FB,8748412,3559982
9/15/2020,GOOGL,287526,115339
9/15/2020,NFLX,2353287,1042391
9/16/2020,AAPL,77883287,32543203
9/16/2020,AMZN,1579040,852373
9/16/2020,FB,15517287,5564305
9/16/2020,GOOGL,304052,109708
9/16/2020,NFLX,1838135,790513
9/17/2020,AAPL,87968338,38785693
9/17/2020,AMZN,2353265,1286216
9/17/2020,FB,13149522,5164504
9/17/2020,GOOGL,524551,243374
9/17/2020,NFLX,2292149,1033136
9/18/2020,AAPL,102095978,43091729
9/18/2020,AMZN,2378246,1311355
9/18/2020,FB,10097571,3899511
9/18/2020,GOOGL,682854,268122
9/18/2020,NFLX,2539925,884066
9/21/2020,AAPL,106453256,45506705
9/21/2020,AMZN,2282340,981316
9/21/2020,FB,9864441,3523329
9/21/2020,GOOGL,833988,354305
9/21/2020,NFLX,2284275,970538
9/22/2020,AAPL,101743916,43693970
9/22/2020,AMZN,2762877,1109114
9/22/2020,FB,13916781,4862784
9/22/2020,GOOGL,402977,168400
9/22/2020,NFLX,1308439,546286
9/23/2020,AAPL,74879348,32637195
9/23/2020,AMZN,2159050,796302
9/23/2020,FB,8470431,3338245
9/23/2020,GOOGL,430465,207544
9/23/2020,NFLX,1309184,636826
9/24/2020,AAPL,88767247,38664811
9/24/2020,AMZN,2222411,858932
9/24/2020,FB,8284655,3475428
9/24/2020,GOOGL,477006,206846
9/24/2020,NFLX,1654642,782397
9/25/2020,AAPL,79893495,35382183
9/25/2020,AMZN,1550345,641279
9/25/2020,FB,7839711,3234525
9/25/2020,GOOGL,334942,128076
9/25/2020,NFLX,1019302,443504
9/28/2020,AAPL,71680008,29904180
9/28/2020,AMZN,1496114,562207
9/28/2020,FB,6751168,2345135
9/28/2020,GOOGL,428423,121634
9/28/2020,NFLX,1772018,735165
9/29/2020,AAPL,55774717,24151671
9/29/2020,AMZN,1289311,467709
9/29/2020,FB,9338023,3370293
9/29/2020,GOOGL,441458,150901
9/29/2020,NFLX,1393334,605939
9/30/2020,AAPL,69425953,28270808
9/30/2020,AMZN,1801593,679969
9/30/2020,FB,7585079,2663394
9/30/2020,GOOGL,386158,195076
9/30/2020,NFLX,1506579,628750
10/1/2020,AAPL,58102426,35476531
10/1/2020,AMZN,1922821,630722
10/1/2020,FB,7927045,2665352
10/1/2020,GOOGL,367947,126595
10/1/2020,NFLX,3309356,1307772
10/2/2020,AAPL,68198472,41107132
10/2/2020,AMZN,1904134,861615
10/2/2020,FB,6511964,2662470
10/2/2020,GOOGL,332759,198976
10/2/2020,NFLX,2291818,1062129
10/5/2020,AAPL,53613331,19755138
10/5/2020,AMZN,1350774,507502
10/5/2020,FB,4893214,1792330
10/5/2020,GOOGL,282221,105556
10/5/2020,NFLX,1587976,653411
10/6/2020,AAPL,83182371,43060842
10/6/2020,AMZN,1768541,736973
10/6/2020,FB,8287244,3168538
10/6/2020,GOOGL,363036,164197
10/6/2020,NFLX,1672556,759957
10/7/2020,AAPL,47971547,19154317
10/7/2020,AMZN,1540085,513432
10/7/2020,FB,10039599,3626621
10/7/2020,GOOGL,522558,195404
10/7/2020,NFLX,3768609,1550029
10/8/2020,AAPL,41356898,17304023
10/8/2020,AMZN,1139572,426516
10/8/2020,FB,6688982,2587478
10/8/2020,GOOGL,357278,151876
10/8/2020,NFLX,2165891,956896
10/9/2020,AAPL,43454438,16460208
10/9/2020,AMZN,1698087,658611
10/9/2020,FB,6144607,2177258
10/9/2020,GOOGL,326441,149288
10/9/2020,NFLX,2038368,812534
10/12/2020,AAPL,121339605,47918064
10/12/2020,AMZN,3207369,1158485
10/12/2020,FB,13463214,4331565
10/12/2020,GOOGL,698346,356984
10/12/2020,NFLX,1928086,620602
10/13/2020,AAPL,147443508,61209669
10/13/2020,AMZN,2073576,749328
10/13/2020,FB,7452893,2793661
10/13/2020,GOOGL,442767,170569
10/13/2020,NFLX,1896408,681022
10/14/2020,AAPL,84667408,35578918
10/14/2020,AMZN,2359047,869899
10/14/2020,FB,5892108,2161148
10/14/2020,GOOGL,386760,171301
10/14/2020,NFLX,4296851,1680474
10/15/2020,AAPL,58029022,23653699
10/15/2020,AMZN,1831591,675360
10/15/2020,FB,6133213,2222565
10/15/2020,GOOGL,352485,174023
10/15/2020,NFLX,2216846,817413
10/16/2020,AAPL,56743252,22291623
10/16/2020,AMZN,2012147,775635
10/16/2020,FB,5822461,2221848
10/16/2020,GOOGL,319580,119722
10/16/2020,NFLX,2314548,960042
10/19/2020,AAPL,63257146,25339597
10/19/2020,AMZN,1906240,744471
10/19/2020,FB,4946689,1876933
10/19/2020,GOOGL,403610,146496
10/19/2020,NFLX,3668027,1201720
10/20/2020,AAPL,69569050,29627216
10/20/2020,AMZN,1782542,670382
10/20/2020,FB,7720442,3383599
10/20/2020,GOOGL,603032,220313
10/20/2020,NFLX,3434365,1492476
10/21/2020,AAPL,44108485,17608039
10/21/2020,AMZN,1717977,635210
10/21/2020,FB,11639601,4775709
10/21/2020,GOOGL,787688,283594
10/21/2020,NFLX,7475965,3710094
10/22/2020,AAPL,50565226,20531574
10/22/2020,AMZN,1412458,534491
10/22/2020,FB,6817138,3221397
10/22/2020,GOOGL,390894,147347
10/22/2020,NFLX,2687678,1244166
10/23/2020,AAPL,40144905,16484224
10/23/2020,AMZN,1146993,466256
10/23/2020,FB,7573632,4138959
10/23/2020,GOOGL,410354,136392
10/23/2020,NFLX,2237983,764451
10/26/2020,AAPL,51918725,20668226
10/26/2020,AMZN,2460246,966760
10/26/2020,FB,7619186,3765931
10/26/2020,GOOGL,454902,145388
10/26/2020,NFLX,2433390,1100858
10/27/2020,AAPL,45983422,18555219
10/27/2020,AMZN,1754527,651841
10/27/2020,FB,6517788,3318309
10/27/2020,GOOGL,261610,102196
10/27/2020,NFLX,1337324,601701
10/28/2020,AAPL,68382309,24476477
10/28/2020,AMZN,2085280,841376
10/28/2020,FB,8696185,3406026
10/28/2020,GOOGL,589865,208391
10/28/2020,NFLX,2473245,892971
10/29/2020,AAPL,58919759,24327354
10/29/2020,AMZN,2307087,955103
10/29/2020,FB,12041989,4836401
10/29/2020,GOOGL,591250,210553
10/29/2020,NFLX,3777608,1902023
10/30/2020,AAPL,86127810,35932914
10/30/2020,AMZN,3071512,1285501
10/30/2020,FB,18888014,10295162
10/30/2020,GOOGL,1432880,526273
10/30/2020,NFLX,2952856,1218210
11/2/2020,AAPL,59129458,24102174
11/2/2020,AMZN,2489020,991235
11/2/2020,FB,11785496,6468936
11/2/2020,GOOGL,636162,273701
11/2/2020,NFLX,1476141,531829
11/3/2020,AAPL,50876458,20376778
11/3/2020,AMZN,1723196,687259
11/3/2020,FB,7700645,4624565
11/3/2020,GOOGL,398746,146889
11/3/2020,NFLX,1230596,458518
11/4/2020,AAPL,56331864,19236865
11/4/2020,AMZN,2379932,846343
11/4/2020,FB,14029479,4883976
11/4/2020,GOOGL,990256,383468
11/4/2020,NFLX,1615596,760190
11/5/2020,AAPL,56803809,22627853
11/5/2020,AMZN,2173831,779262
11/5/2020,FB,9452079,5524332
11/5/2020,GOOGL,531891,256969
11/5/2020,NFLX,2103117,618278
11/6/2020,AAPL,51417742,18426323
11/6/2020,AMZN,1720986,739534
11/6/2020,FB,5204546,2930657
11/6/2020,GOOGL,376438,136029
11/6/2020,NFLX,1515449,811163
11/9/2020,AAPL,56483848,22259107
11/9/2020,AMZN,2456771,923226
11/9/2020,FB,7819066,4210045
11/9/2020,GOOGL,561829,239394
11/9/2020,NFLX,3245812,1419466
11/10/2020,AAPL,61293790,25661599
11/10/2020,AMZN,2298913,1003385
11/10/2020,FB,9386802,4614664
11/10/2020,GOOGL,491698,190768
11/10/2020,NFLX,2997388,1300985
11/11/2020,AAPL,55965971,19711866
11/11/2020,AMZN,1589215,819660
11/11/2020,FB,5862469,3476970
11/11/2020,GOOGL,426642,159344
11/11/2020,NFLX,1712366,664709
11/12/2020,AAPL,48631704,29894498
11/12/2020,AMZN,1787594,1039620
11/12/2020,FB,4397772,2494947
11/12/2020,GOOGL,332896,126079
11/12/2020,NFLX,1709322,620341
11/13/2020,AAPL,34892074,20341092
11/13/2020,AMZN,1394879,791674
11/13/2020,FB,3642331,1933623
11/13/2020,GOOGL,401000,187144
11/13/2020,NFLX,1181381,463183
11/16/2020,AAPL,36765370,13814978
11/16/2020,AMZN,1298368,647482
11/16/2020,FB,3372736,1952970
11/16/2020,GOOGL,332443,148381
11/16/2020,NFLX,1670065,600311
11/17/2020,AAPL,31978329,18742564
11/17/2020,AMZN,1223681,610189
11/17/2020,FB,6151454,3482737
11/17/2020,GOOGL,237041,103393
11/17/2020,NFLX,1172106,439872
11/18/2020,AAPL,29879045,17472023
11/18/2020,AMZN,1194906,600304
11/18/2020,FB,4429334,2167937
11/18/2020,GOOGL,259737,109874
11/18/2020,NFLX,1226954,460324
11/19/2020,AAPL,31129231,17821814
11/19/2020,AMZN,1029700,528156
11/19/2020,FB,4917004,2329543
11/19/2020,GOOGL,319425,121299
11/19/2020,NFLX,782629,303989
11/20/2020,AAPL,29130573,17339310
11/20/2020,AMZN,1031531,598667
11/20/2020,FB,7842651,4841454
11/20/2020,GOOGL,266632,93195
11/20/2020,NFLX,1619757,567496
11/23/2020,AAPL,57767542,20238049
11/23/2020,AMZN,1684622,565626
11/23/2020,FB,7571158,3261420
11/23/2020,GOOGL,343276,109117
11/23/2020,NFLX,1789423,781838
11/24/2020,AAPL,49757326,18620205
11/24/2020,AMZN,1413898,484068
11/24/2020,FB,5956709,2123066
11/24/2020,GOOGL,385444,135991
11/24/2020,NFLX,1294600,702720
11/25/2020,AAPL,33150002,11999274
11/25/2020,AMZN,1583249,585436
11/25/2020,FB,4383790,1927820
11/25/2020,GOOGL,282667,65356
11/25/2020,NFLX,1075002,631720
11/27/2020,AAPL,20446909,7419772
11/27/2020,AMZN,964276,373579
11/27/2020,FB,2824598,1525401
11/27/2020,GOOGL,217291,71422
11/27/2020,NFLX,1345364,480187
11/30/2020,AAPL,60656552,22230188
11/30/2020,AMZN,1438705,562519
11/30/2020,FB,4917566,1952934
11/30/2020,GOOGL,365241,96283
11/30/2020,NFLX,849868,312125
12/1/2020,AAPL,55857590,21835337
12/1/2020,AMZN,1831701,626232
12/1/2020,FB,7810680,3117311
12/1/2020,GOOGL,513477,217769
12/1/2020,NFLX,2013809,747709
12/2/2020,AAPL,38184701,15192696
12/2/2020,AMZN,1199755,496055
12/2/2020,FB,8173172,3867927
12/2/2020,GOOGL,437637,168581
12/2/2020,NFLX,1101075,411021
12/3/2020,AAPL,31981679,11791719
12/3/2020,AMZN,1047018,418166
12/3/2020,FB,4882421,2623375
12/3/2020,GOOGL,342073,123954
12/3/2020,NFLX,1036137,460979
12/4/2020,AAPL,33184264,12792859
12/4/2020,AMZN,996083,368975
12/4/2020,FB,3591180,1721120
12/4/2020,GOOGL,229403,90478
12/4/2020,NFLX,1113964,721853
12/7/2020,AAPL,36034787,16302592
12/7/2020,AMZN,923240,288112
12/7/2020,FB,5760827,2750112
12/7/2020,GOOGL,235750,113008
12/7/2020,NFLX,1630186,929923
12/8/2020,AAPL,33408602,17227148
12/8/2020,AMZN,1256381,413740
12/8/2020,FB,3659516,1964933
12/8/2020,GOOGL,190762,85892
12/8/2020,NFLX,1238698,682416
12/9/2020,AAPL,47749861,26719599
12/9/2020,AMZN,1359091,550359
12/9/2020,FB,8683288,5055164
12/9/2020,GOOGL,303125,136709
12/9/2020,NFLX,1301894,642710
12/10/2020,AAPL,35336527,20173235
12/10/2020,AMZN,1062579,385187
12/10/2020,FB,6804287,3535983
12/10/2020,GOOGL,389145,180280
12/10/2020,NFLX,928420,558184
12/11/2020,AAPL,35844296,19797686
12/11/2020,AMZN,942046,351240
12/11/2020,FB,5448536,2736678
12/11/2020,GOOGL,209582,96114
12/11/2020,NFLX,893945,547055
12/14/2020,AAPL,30578384,16524058
12/14/2020,AMZN,1450733,468048
12/14/2020,FB,5516710,2340705
12/14/2020,GOOGL,415345,165810
12/14/2020,NFLX,2161273,1231070
12/15/2020,AAPL,66761839,35931750
12/15/2020,AMZN,1234626,446380
12/15/2020,FB,7801972,3867011
12/15/2020,GOOGL,223243,104061
12/15/2020,NFLX,1177649,632587
12/16/2020,AAPL,44530649,26225815
12/16/2020,AMZN,1514026,490263
12/16/2020,FB,5016900,2731506
12/16/2020,GOOGL,276658,126493
12/16/2020,NFLX,1235126,693367
12/17/2020,AAPL,38170753,21013863
12/17/2020,AMZN,1216186,408572
12/17/2020,FB,6135753,3084181
12/17/2020,GOOGL,436601,197272
12/17/2020,NFLX,992445,494525
12/18/2020,AAPL,45268599,25412183
12/18/2020,AMZN,1445485,599774
12/18/2020,FB,5739017,2695961
12/18/2020,GOOGL,546513,173923
12/18/2020,NFLX,775343,412619
12/21/2020,AAPL,51589535,27330546
12/21/2020,AMZN,1306282,428636
12/21/2020,FB,5231930,1869649
12/21/2020,GOOGL,370575,135607
12/21/2020,NFLX,957243,566978
12/22/2020,AAPL,89785714,51268447
12/22/2020,AMZN,848866,328352
12/22/2020,FB,6632538,1876316
12/22/2020,GOOGL,263502,90321
12/22/2020,NFLX,531412,284091
12/23/2020,AAPL,42251458,24912942
12/23/2020,AMZN,712174,276586
12/23/2020,FB,4948741,1543712
12/23/2020,GOOGL,349426,104618
12/23/2020,NFLX,836961,451912
12/24/2020,AAPL,31595110,18082971
12/24/2020,AMZN,523491,195099
12/24/2020,FB,3541884,762982
12/24/2020,GOOGL,176256,46804
12/24/2020,NFLX,403696,203449
12/28/2020,AAPL,65038581,23834052
12/28/2020,AMZN,2105786,649285
12/28/2020,FB,9694163,3850840
12/28/2020,GOOGL,397178,142186
12/28/2020,NFLX,989811,352519
12/29/2020,AAPL,64802734,24526826
12/29/2020,AMZN,2092896,802079
12/29/2020,FB,7225532,2984576
12/29/2020,GOOGL,266044,102117
12/29/2020,NFLX,1578052,690572
12/30/2020,AAPL,49902012,19121975
12/30/2020,AMZN,1084599,435933
12/30/2020,FB,4185731,1477938
12/30/2020,GOOGL,263310,109561
12/30/2020,NFLX,603554,220591
12/31/2020,AAPL,47866243,17919268
12/31/2020,AMZN,1018761,391400
12/31/2020,FB,4866786,1645117
12/31/2020,GOOGL,261524,89115
12/31/2020,NFLX,2237981,923911
