date,ticker,newssentiment,newsmentions
1/1/2019,AAPL,50,0
2/1/2019,AAPL,31.0625,48
3/1/2019,AAPL,27.89772727,88
4/1/2019,AAPL,35.45454545,11
5/1/2019,AAPL,19,1
6/1/2019,AAPL,19,1
7/1/2019,AAPL,50,0
8/1/2019,AAPL,39.5,2
9/1/2019,AAPL,15.33333333,3
10/1/2019,AAPL,40,1
11/1/2019,AAPL,64,5
12/1/2019,AAPL,50,0
13/1/2019,AAPL,50,0
14/1/2019,AAPL,43.6,5
15/1/2019,AAPL,57.625,8
16/1/2019,AAPL,54,1
17/1/2019,AAPL,65.8,5
18/1/2019,AAPL,69,4
19/1/2019,AAPL,50,0
20/1/2019,AAPL,50,0
21/1/2019,AAPL,50,1
22/1/2019,AAPL,40,1
23/1/2019,AAPL,50,0
24/1/2019,AAPL,41.2,5
25/1/2019,AAPL,63,3
26/1/2019,AAPL,50,0
27/1/2019,AAPL,50,0
28/1/2019,AAPL,52.75,4
29/1/2019,AAPL,50.72727273,44
30/1/2019,AAPL,47.24324324,37
31/1/2019,AAPL,27.33333333,6
1/2/2019,AAPL,50,7
2/2/2019,AAPL,30,1
3/2/2019,AAPL,50,0
4/2/2019,AAPL,63,3
5/2/2019,AAPL,50.36363636,22
6/2/2019,AAPL,44,7
7/2/2019,AAPL,50,0
8/2/2019,AAPL,50,1
9/2/2019,AAPL,50,0
10/2/2019,AAPL,50,0
11/2/2019,AAPL,30,1
12/2/2019,AAPL,50,0
13/2/2019,AAPL,32.5,8
14/2/2019,AAPL,42,4
15/2/2019,AAPL,46,3
16/2/2019,AAPL,50,0
17/2/2019,AAPL,50,0
18/2/2019,AAPL,50,0
19/2/2019,AAPL,50,0
20/2/2019,AAPL,50,0
21/2/2019,AAPL,54,6
22/2/2019,AAPL,61.5,6
23/2/2019,AAPL,50,0
24/2/2019,AAPL,50,0
25/2/2019,AAPL,49.66666667,3
26/2/2019,AAPL,68,2
27/2/2019,AAPL,19,2
28/2/2019,AAPL,43,2
1/3/2019,AAPL,63,2
2/3/2019,AAPL,50,0
3/3/2019,AAPL,50,0
4/3/2019,AAPL,63,2
5/3/2019,AAPL,50,0
6/3/2019,AAPL,50,0
7/3/2019,AAPL,50,0
8/3/2019,AAPL,50,0
9/3/2019,AAPL,50,0
10/3/2019,AAPL,50,0
11/3/2019,AAPL,78,1
12/3/2019,AAPL,50,0
13/3/2019,AAPL,41,6
14/3/2019,AAPL,62.4,5
15/3/2019,AAPL,42.5,2
16/3/2019,AAPL,50,0
17/3/2019,AAPL,50,0
18/3/2019,AAPL,64,5
19/3/2019,AAPL,63,4
20/3/2019,AAPL,64,8
21/3/2019,AAPL,73.52941176,17
22/3/2019,AAPL,63,1
23/3/2019,AAPL,63,1
24/3/2019,AAPL,63,1
25/3/2019,AAPL,63.05714286,35
26/3/2019,AAPL,59.63636364,22
27/3/2019,AAPL,50,0
28/3/2019,AAPL,50,0
29/3/2019,AAPL,50,0
30/3/2019,AAPL,50,0
31/3/2019,AAPL,50,0
1/4/2019,AAPL,48,1
2/4/2019,AAPL,50,0
3/4/2019,AAPL,61,2
4/4/2019,AAPL,50,0
5/4/2019,AAPL,63,2
6/4/2019,AAPL,50,0
7/4/2019,AAPL,50,0
8/4/2019,AAPL,50,0
9/4/2019,AAPL,60.81818182,11
10/4/2019,AAPL,50.75,12
11/4/2019,AAPL,35,5
12/4/2019,AAPL,50,1
13/4/2019,AAPL,50,0
14/4/2019,AAPL,50,0
15/4/2019,AAPL,50,0
16/4/2019,AAPL,57.57142857,7
17/4/2019,AAPL,58.14285714,7
18/4/2019,AAPL,36,2
19/4/2019,AAPL,50,0
20/4/2019,AAPL,50,0
21/4/2019,AAPL,50,0
22/4/2019,AAPL,37.33333333,3
23/4/2019,AAPL,63,1
24/4/2019,AAPL,74.6,5
25/4/2019,AAPL,57.5,6
26/4/2019,AAPL,46,4
27/4/2019,AAPL,50,0
28/4/2019,AAPL,50,0
29/4/2019,AAPL,50,0
30/4/2019,AAPL,49.625,56
1/5/2019,AAPL,71.54166667,24
2/5/2019,AAPL,56,1
3/5/2019,AAPL,50,0
4/5/2019,AAPL,50,0
5/5/2019,AAPL,50,0
6/5/2019,AAPL,40,4
7/5/2019,AAPL,54,3
8/5/2019,AAPL,50,0
9/5/2019,AAPL,50,2
10/5/2019,AAPL,50,2
11/5/2019,AAPL,50,0
12/5/2019,AAPL,50,0
13/5/2019,AAPL,28.38461538,13
14/5/2019,AAPL,47,8
15/5/2019,AAPL,41.66666667,3
16/5/2019,AAPL,40,1
17/5/2019,AAPL,37.85714286,7
18/5/2019,AAPL,50,0
19/5/2019,AAPL,50,0
20/5/2019,AAPL,45.2,5
21/5/2019,AAPL,66.4,5
22/5/2019,AAPL,36.75,4
23/5/2019,AAPL,43.22222222,9
24/5/2019,AAPL,31,2
25/5/2019,AAPL,49,1
26/5/2019,AAPL,50,0
27/5/2019,AAPL,35.5,2
28/5/2019,AAPL,52.66666667,6
29/5/2019,AAPL,50,0
30/5/2019,AAPL,51,4
31/5/2019,AAPL,50,0
1/6/2019,AAPL,50,0
2/6/2019,AAPL,50,0
3/6/2019,AAPL,52.875,24
4/6/2019,AAPL,37.72727273,11
5/6/2019,AAPL,35.72727273,11
6/6/2019,AAPL,64,2
7/6/2019,AAPL,63,1
8/6/2019,AAPL,48,1
9/6/2019,AAPL,50,0
10/6/2019,AAPL,22,1
11/6/2019,AAPL,63,1
12/6/2019,AAPL,43,3
13/6/2019,AAPL,50,0
14/6/2019,AAPL,31,2
15/6/2019,AAPL,50,0
16/6/2019,AAPL,22,1
17/6/2019,AAPL,22,1
18/6/2019,AAPL,50,0
19/6/2019,AAPL,50,0
20/6/2019,AAPL,50.5,2
21/6/2019,AAPL,50,0
22/6/2019,AAPL,50,0
23/6/2019,AAPL,50,0
24/6/2019,AAPL,50,0
25/6/2019,AAPL,50,0
26/6/2019,AAPL,53.66666667,3
27/6/2019,AAPL,39.73333333,15
28/6/2019,AAPL,40.8,5
29/6/2019,AAPL,50,0
30/6/2019,AAPL,50,0
1/7/2019,AAPL,63,1
2/7/2019,AAPL,22,2
3/7/2019,AAPL,61,3
4/7/2019,AAPL,50,0
5/7/2019,AAPL,50,0
6/7/2019,AAPL,50,0
7/7/2019,AAPL,50,0
8/7/2019,AAPL,38.22222222,9
9/7/2019,AAPL,70.36363636,11
10/7/2019,AAPL,63,1
11/7/2019,AAPL,48,1
12/7/2019,AAPL,50,0
13/7/2019,AAPL,50,0
14/7/2019,AAPL,69,1
15/7/2019,AAPL,69,1
16/7/2019,AAPL,56,2
17/7/2019,AAPL,70.5,2
18/7/2019,AAPL,72.16666667,6
19/7/2019,AAPL,65.66666667,3
20/7/2019,AAPL,50,0
21/7/2019,AAPL,50,1
22/7/2019,AAPL,54.13043478,23
23/7/2019,AAPL,47.22222222,9
24/7/2019,AAPL,49.5,2
25/7/2019,AAPL,50.63636364,11
26/7/2019,AAPL,55,5
27/7/2019,AAPL,50,0
28/7/2019,AAPL,50,0
29/7/2019,AAPL,71,4
30/7/2019,AAPL,54.02222222,45
31/7/2019,AAPL,72.6,25
1/8/2019,AAPL,50,0
2/8/2019,AAPL,40,4
3/8/2019,AAPL,50,0
4/8/2019,AAPL,50,0
5/8/2019,AAPL,44.25,4
6/8/2019,AAPL,63,1
7/8/2019,AAPL,50,0
8/8/2019,AAPL,50.5,2
9/8/2019,AAPL,45,2
10/8/2019,AAPL,50,0
11/8/2019,AAPL,50,0
12/8/2019,AAPL,50,0
13/8/2019,AAPL,63,3
14/8/2019,AAPL,40,1
15/8/2019,AAPL,50,0
16/8/2019,AAPL,50,0
17/8/2019,AAPL,50,0
18/8/2019,AAPL,50,0
19/8/2019,AAPL,63,1
20/8/2019,AAPL,63,1
21/8/2019,AAPL,50,0
22/8/2019,AAPL,50,0
23/8/2019,AAPL,40,6
24/8/2019,AAPL,50,0
25/8/2019,AAPL,50,0
26/8/2019,AAPL,57,4
27/8/2019,AAPL,40,2
28/8/2019,AAPL,50,0
29/8/2019,AAPL,59.2,5
30/8/2019,AAPL,50,0
31/8/2019,AAPL,50,0
1/9/2019,AAPL,50,0
2/9/2019,AAPL,50,0
3/9/2019,AAPL,40,1
4/9/2019,AAPL,71.25,4
5/9/2019,AAPL,50,0
6/9/2019,AAPL,69,2
7/9/2019,AAPL,50,0
8/9/2019,AAPL,50,0
9/9/2019,AAPL,50,0
10/9/2019,AAPL,61,28
11/9/2019,AAPL,67.29411765,17
12/9/2019,AAPL,50,0
13/9/2019,AAPL,40.39393939,33
14/9/2019,AAPL,50,0
15/9/2019,AAPL,50,0
16/9/2019,AAPL,50,1
17/9/2019,AAPL,37.5,2
18/9/2019,AAPL,44,3
19/9/2019,AAPL,44,2
20/9/2019,AAPL,60.28571429,7
21/9/2019,AAPL,50,0
22/9/2019,AAPL,50,0
23/9/2019,AAPL,52,4
24/9/2019,AAPL,44,1
25/9/2019,AAPL,50,0
26/9/2019,AAPL,52.5,2
27/9/2019,AAPL,63,2
28/9/2019,AAPL,50,0
29/9/2019,AAPL,50,0
30/9/2019,AAPL,69.09090909,11
1/10/2019,AAPL,50,0
2/10/2019,AAPL,50,0
3/10/2019,AAPL,54,3
4/10/2019,AAPL,68,10
5/10/2019,AAPL,50,0
6/10/2019,AAPL,50,0
7/10/2019,AAPL,70,10
8/10/2019,AAPL,50,0
9/10/2019,AAPL,64,4
10/10/2019,AAPL,64,2
11/10/2019,AAPL,75.6,5
12/10/2019,AAPL,50,0
13/10/2019,AAPL,50,0
14/10/2019,AAPL,69,2
15/10/2019,AAPL,50,0
16/10/2019,AAPL,50,1
17/10/2019,AAPL,56.2,5
18/10/2019,AAPL,50,0
19/10/2019,AAPL,50,0
20/10/2019,AAPL,50,0
21/10/2019,AAPL,74.75,4
22/10/2019,AAPL,70.5,2
23/10/2019,AAPL,75,5
24/10/2019,AAPL,80,5
25/10/2019,AAPL,76,2
26/10/2019,AAPL,50,0
27/10/2019,AAPL,50,0
28/10/2019,AAPL,69.0952381,21
29/10/2019,AAPL,50,0
30/10/2019,AAPL,54.97916667,48
31/10/2019,AAPL,72.81818182,33
1/11/2019,AAPL,63,2
2/11/2019,AAPL,69,1
3/11/2019,AAPL,50,0
4/11/2019,AAPL,50,0
5/11/2019,AAPL,48,1
6/11/2019,AAPL,67,3
7/11/2019,AAPL,62.66666667,3
8/11/2019,AAPL,50,0
9/11/2019,AAPL,22,1
10/11/2019,AAPL,22,1
11/11/2019,AAPL,35.66666667,6
12/11/2019,AAPL,50,0
13/11/2019,AAPL,61.85714286,7
14/11/2019,AAPL,45.375,8
15/11/2019,AAPL,72.27777778,18
16/11/2019,AAPL,50,0
17/11/2019,AAPL,50,0
18/11/2019,AAPL,67,1
19/11/2019,AAPL,50,1
20/11/2019,AAPL,57,3
21/11/2019,AAPL,50,0
22/11/2019,AAPL,50,0
23/11/2019,AAPL,50,0
24/11/2019,AAPL,50,0
25/11/2019,AAPL,50,0
26/11/2019,AAPL,75,1
27/11/2019,AAPL,74,2
28/11/2019,AAPL,56.33333333,3
29/11/2019,AAPL,59.5,2
30/11/2019,AAPL,50,0
1/12/2019,AAPL,50,0
2/12/2019,AAPL,67.2,5
3/12/2019,AAPL,40,1
4/12/2019,AAPL,50,0
5/12/2019,AAPL,50,0
6/12/2019,AAPL,50,0
7/12/2019,AAPL,50,0
8/12/2019,AAPL,50,0
9/12/2019,AAPL,64,2
10/12/2019,AAPL,69,1
11/12/2019,AAPL,62.25,4
12/12/2019,AAPL,50,0
13/12/2019,AAPL,50,0
14/12/2019,AAPL,50,0
15/12/2019,AAPL,50,0
16/12/2019,AAPL,63,2
17/12/2019,AAPL,52.5,4
18/12/2019,AAPL,54.66666667,3
19/12/2019,AAPL,50,0
20/12/2019,AAPL,79.5,2
21/12/2019,AAPL,50,0
22/12/2019,AAPL,50,0
23/12/2019,AAPL,83.33333333,3
24/12/2019,AAPL,50,0
25/12/2019,AAPL,50,0
26/12/2019,AAPL,50,0
27/12/2019,AAPL,50,0
28/12/2019,AAPL,50,0
29/12/2019,AAPL,50,0
30/12/2019,AAPL,59.16666667,6
31/12/2019,AAPL,40,1
1/1/2020,AAPL,50,0
2/1/2020,AAPL,61,3
3/1/2020,AAPL,64.6,10
4/1/2020,AAPL,50,0
5/1/2020,AAPL,50,0
6/1/2020,AAPL,68,11
7/1/2020,AAPL,63,1
8/1/2020,AAPL,63,2
9/1/2020,AAPL,69.875,8
10/1/2020,AAPL,63,2
11/1/2020,AAPL,50,0
12/1/2020,AAPL,50,0
13/1/2020,AAPL,50,0
14/1/2020,AAPL,81.75,4
15/1/2020,AAPL,85.5,2
16/1/2020,AAPL,49,2
17/1/2020,AAPL,81,5
18/1/2020,AAPL,50,0
19/1/2020,AAPL,50,0
20/1/2020,AAPL,58,1
21/1/2020,AAPL,50,1
22/1/2020,AAPL,50,0
23/1/2020,AAPL,71.83333333,6
24/1/2020,AAPL,56.66666667,12
25/1/2020,AAPL,50,0
26/1/2020,AAPL,50,0
27/1/2020,AAPL,53.11111111,9
28/1/2020,AAPL,62.40540541,37
29/1/2020,AAPL,73.04081633,49
30/1/2020,AAPL,56,3
31/1/2020,AAPL,50,0
1/2/2020,AAPL,47,2
2/2/2020,AAPL,50,0
3/2/2020,AAPL,43.5,2
4/2/2020,AAPL,58,4
5/2/2020,AAPL,50,0
6/2/2020,AAPL,50,0
7/2/2020,AAPL,50,0
8/2/2020,AAPL,50,0
9/2/2020,AAPL,50,0
10/2/2020,AAPL,40,1
11/2/2020,AAPL,50,1
12/2/2020,AAPL,50,0
13/2/2020,AAPL,40,1
14/2/2020,AAPL,50,0
15/2/2020,AAPL,50,0
16/2/2020,AAPL,50,0
17/2/2020,AAPL,50,0
18/2/2020,AAPL,24.13513514,37
19/2/2020,AAPL,30,1
20/2/2020,AAPL,50,0
21/2/2020,AAPL,40,1
22/2/2020,AAPL,50,0
23/2/2020,AAPL,50,0
24/2/2020,AAPL,48.66666667,9
25/2/2020,AAPL,46.5,2
26/2/2020,AAPL,65,2
27/2/2020,AAPL,40,1
28/2/2020,AAPL,40,1
29/2/2020,AAPL,50,0
1/3/2020,AAPL,50,0
2/3/2020,AAPL,58.36363636,11
3/3/2020,AAPL,63,1
4/3/2020,AAPL,50,0
5/3/2020,AAPL,29,2
6/3/2020,AAPL,35.33333333,6
7/3/2020,AAPL,50,0
8/3/2020,AAPL,50,0
9/3/2020,AAPL,30,1
10/3/2020,AAPL,48,2
11/3/2020,AAPL,47,5
12/3/2020,AAPL,50,0
13/3/2020,AAPL,63.5,4
14/3/2020,AAPL,47,3
15/3/2020,AAPL,50,0
16/3/2020,AAPL,28.72222222,18
17/3/2020,AAPL,35.27272727,11
18/3/2020,AAPL,52.5,16
19/3/2020,AAPL,43.5,2
20/3/2020,AAPL,50,0
21/3/2020,AAPL,50,0
22/3/2020,AAPL,50,0
23/3/2020,AAPL,28.14285714,7
24/3/2020,AAPL,63,1
25/3/2020,AAPL,50,8
26/3/2020,AAPL,50,0
27/3/2020,AAPL,50,0
28/3/2020,AAPL,50,0
29/3/2020,AAPL,50,0
30/3/2020,AAPL,32,3
31/3/2020,AAPL,50,0
1/4/2020,AAPL,50,0
2/4/2020,AAPL,50,0
3/4/2020,AAPL,41.66666667,6
4/4/2020,AAPL,50,0
5/4/2020,AAPL,50,0
6/4/2020,AAPL,50,0
7/4/2020,AAPL,50,0
8/4/2020,AAPL,39.5,4
9/4/2020,AAPL,69.375,8
10/4/2020,AAPL,61.5,6
11/4/2020,AAPL,50,0
12/4/2020,AAPL,50,0
13/4/2020,AAPL,38.71428571,7
14/4/2020,AAPL,64,2
15/4/2020,AAPL,64,1
16/4/2020,AAPL,78,5
17/4/2020,AAPL,30.66666667,9
18/4/2020,AAPL,50,0
19/4/2020,AAPL,50,0
20/4/2020,AAPL,63,1
21/4/2020,AAPL,52,5
22/4/2020,AAPL,50,1
23/4/2020,AAPL,56.42857143,7
24/4/2020,AAPL,50,0
25/4/2020,AAPL,50,0
26/4/2020,AAPL,50,0
27/4/2020,AAPL,74,2
28/4/2020,AAPL,50,0
29/4/2020,AAPL,50,0
30/4/2020,AAPL,54.24444444,45
1/5/2020,AAPL,66.68,25
2/5/2020,AAPL,51.5,2
3/5/2020,AAPL,50,0
4/5/2020,AAPL,69,3
5/5/2020,AAPL,50,0
6/5/2020,AAPL,69,1
7/5/2020,AAPL,50,0
8/5/2020,AAPL,53.75,4
9/5/2020,AAPL,50,0
10/5/2020,AAPL,50,0
11/5/2020,AAPL,63,2
12/5/2020,AAPL,68.6,5
13/5/2020,AAPL,50,0
14/5/2020,AAPL,50,0
15/5/2020,AAPL,40,2
16/5/2020,AAPL,50,0
17/5/2020,AAPL,50,0
18/5/2020,AAPL,50,0
19/5/2020,AAPL,50,0
20/5/2020,AAPL,64,3
21/5/2020,AAPL,50,0
22/5/2020,AAPL,50,0
23/5/2020,AAPL,50,0
24/5/2020,AAPL,50,0
25/5/2020,AAPL,50,0
26/5/2020,AAPL,65,2
27/5/2020,AAPL,76.5,8
28/5/2020,AAPL,62,4
29/5/2020,AAPL,63,1
30/5/2020,AAPL,50,0
31/5/2020,AAPL,47,2
1/6/2020,AAPL,50,0
2/6/2020,AAPL,40,1
3/6/2020,AAPL,78,3
4/6/2020,AAPL,50,0
5/6/2020,AAPL,75.5,6
6/6/2020,AAPL,50,0
7/6/2020,AAPL,50,0
8/6/2020,AAPL,50,0
9/6/2020,AAPL,50,0
10/6/2020,AAPL,86,3
11/6/2020,AAPL,76,8
12/6/2020,AAPL,50,0
13/6/2020,AAPL,50,0
14/6/2020,AAPL,50,0
15/6/2020,AAPL,50,0
16/6/2020,AAPL,30.92,25
17/6/2020,AAPL,47,5
18/6/2020,AAPL,63,1
19/6/2020,AAPL,46.44,25
20/6/2020,AAPL,47,3
21/6/2020,AAPL,50,0
22/6/2020,AAPL,67.44444444,9
23/6/2020,AAPL,72.06666667,15
24/6/2020,AAPL,45.1,10
25/6/2020,AAPL,68.57142857,7
26/6/2020,AAPL,50,0
27/6/2020,AAPL,50,0
28/6/2020,AAPL,50,0
29/6/2020,AAPL,50,0
30/6/2020,AAPL,50,0
1/7/2020,AAPL,55.8,5
2/7/2020,AAPL,50,0
3/7/2020,AAPL,50,0
4/7/2020,AAPL,50,0
5/7/2020,AAPL,50,0
6/7/2020,AAPL,50,0
7/7/2020,AAPL,88.25,4
8/7/2020,AAPL,82,1
9/7/2020,AAPL,50,0
10/7/2020,AAPL,50,0
11/7/2020,AAPL,50,0
12/7/2020,AAPL,50,0
13/7/2020,AAPL,75.8,10
14/7/2020,AAPL,78,2
15/7/2020,AAPL,78.33333333,30
16/7/2020,AAPL,82.57142857,7
17/7/2020,AAPL,50,0
18/7/2020,AAPL,50,0
19/7/2020,AAPL,50,0
20/7/2020,AAPL,50,0
21/7/2020,AAPL,56.5,2
22/7/2020,AAPL,50,0
23/7/2020,AAPL,36,3
24/7/2020,AAPL,38,3
25/7/2020,AAPL,50,0
26/7/2020,AAPL,50,0
27/7/2020,AAPL,92,1
28/7/2020,AAPL,50,1
29/7/2020,AAPL,71.5,2
30/7/2020,AAPL,61.35294118,34
31/7/2020,AAPL,74.25,40
1/8/2020,AAPL,63,1
2/8/2020,AAPL,50,0
3/8/2020,AAPL,33.18181818,11
4/8/2020,AAPL,39.5,8
5/8/2020,AAPL,56.83333333,6
6/8/2020,AAPL,40,1
7/8/2020,AAPL,50,0
8/8/2020,AAPL,50,0
9/8/2020,AAPL,50,0
10/8/2020,AAPL,78.16666667,6
11/8/2020,AAPL,69.66666667,3
12/8/2020,AAPL,50,0
13/8/2020,AAPL,45.33333333,6
14/8/2020,AAPL,22,2
15/8/2020,AAPL,50,0
16/8/2020,AAPL,50,0
17/8/2020,AAPL,50,0
18/8/2020,AAPL,62.5,2
19/8/2020,AAPL,63,9
20/8/2020,AAPL,50,0
21/8/2020,AAPL,63,4
22/8/2020,AAPL,50,0
23/8/2020,AAPL,50,0
24/8/2020,AAPL,66.625,8
25/8/2020,AAPL,66,3
26/8/2020,AAPL,74.83333333,6
27/8/2020,AAPL,50,0
28/8/2020,AAPL,78,1
29/8/2020,AAPL,50,0
30/8/2020,AAPL,50,0
31/8/2020,AAPL,62.85714286,7
1/9/2020,AAPL,78,10
2/9/2020,AAPL,42.5,4
3/9/2020,AAPL,40,3
4/9/2020,AAPL,40,1
5/9/2020,AAPL,50,0
6/9/2020,AAPL,50,0
7/9/2020,AAPL,50,0
8/9/2020,AAPL,45.16666667,12
9/9/2020,AAPL,67.5,4
10/9/2020,AAPL,50,0
11/9/2020,AAPL,63,1
12/9/2020,AAPL,50,0
13/9/2020,AAPL,50,0
14/9/2020,AAPL,75.16666667,24
15/9/2020,AAPL,63.5625,16
16/9/2020,AAPL,66.57142857,7
17/9/2020,AAPL,62.2,5
18/9/2020,AAPL,64,4
19/9/2020,AAPL,50,0
20/9/2020,AAPL,50,0
21/9/2020,AAPL,84.5,2
22/9/2020,AAPL,81.66666667,3
23/9/2020,AAPL,40,2
24/9/2020,AAPL,64,2
25/9/2020,AAPL,44,1
26/9/2020,AAPL,69,2
27/9/2020,AAPL,50,0
28/9/2020,AAPL,69,1
29/9/2020,AAPL,63,1
30/9/2020,AAPL,50,0
1/10/2020,AAPL,50,0
2/10/2020,AAPL,50,0
3/10/2020,AAPL,50,0
4/10/2020,AAPL,50,0
5/10/2020,AAPL,53,4
6/10/2020,AAPL,50,0
7/10/2020,AAPL,50,0
8/10/2020,AAPL,50,0
9/10/2020,AAPL,58,1
10/10/2020,AAPL,50,0
11/10/2020,AAPL,50,0
12/10/2020,AAPL,74.25,4
13/10/2020,AAPL,61.96153846,26
14/10/2020,AAPL,67.45454545,11
15/10/2020,AAPL,40,1
16/10/2020,AAPL,50,0
17/10/2020,AAPL,50,0
18/10/2020,AAPL,50,0
19/10/2020,AAPL,50.4,5
20/10/2020,AAPL,50,0
21/10/2020,AAPL,50,1
22/10/2020,AAPL,68,3
23/10/2020,AAPL,50,0
24/10/2020,AAPL,50,0
25/10/2020,AAPL,50,0
26/10/2020,AAPL,50,1
27/10/2020,AAPL,50,0
28/10/2020,AAPL,30.6,5
29/10/2020,AAPL,54.61111111,36
30/10/2020,AAPL,55.23076923,13
31/10/2020,AAPL,50,0
1/11/2020,AAPL,50,0
2/11/2020,AAPL,50,0
3/11/2020,AAPL,50,0
4/11/2020,AAPL,50,0
5/11/2020,AAPL,50,0
6/11/2020,AAPL,50,0
7/11/2020,AAPL,50,0
8/11/2020,AAPL,50,0
9/11/2020,AAPL,50,0
10/11/2020,AAPL,50,0
11/11/2020,AAPL,50,0
12/11/2020,AAPL,50,0
13/11/2020,AAPL,50,0
14/11/2020,AAPL,50,0
15/11/2020,AAPL,50,0
16/11/2020,AAPL,50,0
17/11/2020,AAPL,50,0
18/11/2020,AAPL,50,0
19/11/2020,AAPL,50,0
20/11/2020,AAPL,50,0
21/11/2020,AAPL,50,0
22/11/2020,AAPL,50,0
23/11/2020,AAPL,50,0
24/11/2020,AAPL,50,0
25/11/2020,AAPL,50,0
26/11/2020,AAPL,50,0
27/11/2020,AAPL,50,0
28/11/2020,AAPL,50,0
29/11/2020,AAPL,50,0
30/11/2020,AAPL,50,0
1/12/2020,AAPL,50,0
2/12/2020,AAPL,50,0
3/12/2020,AAPL,50,0
4/12/2020,AAPL,50,0
5/12/2020,AAPL,50,0
6/12/2020,AAPL,50,0
7/12/2020,AAPL,50,0
8/12/2020,AAPL,50,0
9/12/2020,AAPL,50,0
10/12/2020,AAPL,50,0
11/12/2020,AAPL,50,0
12/12/2020,AAPL,50,0
13/12/2020,AAPL,50,0
14/12/2020,AAPL,50,0
15/12/2020,AAPL,50,0
16/12/2020,AAPL,50,0
17/12/2020,AAPL,50,0
18/12/2020,AAPL,50,0
19/12/2020,AAPL,50,0
20/12/2020,AAPL,50,0
21/12/2020,AAPL,50,0
22/12/2020,AAPL,50,0
23/12/2020,AAPL,50,0
24/12/2020,AAPL,50,0
25/12/2020,AAPL,50,0
26/12/2020,AAPL,50,0
27/12/2020,AAPL,50,0
28/12/2020,AAPL,50,0
29/12/2020,AAPL,50,0
30/12/2020,AAPL,50,0
31/12/2020,AAPL,50,0
1/1/2019,AMZN,50,0
2/1/2019,AMZN,63,1
3/1/2019,AMZN,50,0
4/1/2019,AMZN,37,2
5/1/2019,AMZN,50,0
6/1/2019,AMZN,50,0
7/1/2019,AMZN,62.25,12
8/1/2019,AMZN,46,2
9/1/2019,AMZN,50,0
10/1/2019,AMZN,60.25,8
11/1/2019,AMZN,58.8,5
12/1/2019,AMZN,50,0
13/1/2019,AMZN,50,0
14/1/2019,AMZN,51.5,2
15/1/2019,AMZN,61,5
16/1/2019,AMZN,50,0
17/1/2019,AMZN,57,4
18/1/2019,AMZN,50,0
19/1/2019,AMZN,50,0
20/1/2019,AMZN,50,0
21/1/2019,AMZN,50,0
22/1/2019,AMZN,40,1
23/1/2019,AMZN,53.5,2
24/1/2019,AMZN,50,0
25/1/2019,AMZN,63,1
26/1/2019,AMZN,50,0
27/1/2019,AMZN,50,0
28/1/2019,AMZN,50,0
29/1/2019,AMZN,40,1
30/1/2019,AMZN,44.66666667,3
31/1/2019,AMZN,66.03846154,26
1/2/2019,AMZN,49.36363636,33
2/2/2019,AMZN,50,0
3/2/2019,AMZN,50,0
4/2/2019,AMZN,54,2
5/2/2019,AMZN,61,1
6/2/2019,AMZN,61,1
7/2/2019,AMZN,46.66666667,6
8/2/2019,AMZN,41.79166667,24
9/2/2019,AMZN,50,0
10/2/2019,AMZN,50,0
11/2/2019,AMZN,49.55555556,9
12/2/2019,AMZN,48.84615385,13
13/2/2019,AMZN,37.75,4
14/2/2019,AMZN,31.2,5
15/2/2019,AMZN,44.8,5
16/2/2019,AMZN,50,0
17/2/2019,AMZN,50,0
18/2/2019,AMZN,50,0
19/2/2019,AMZN,61,1
20/2/2019,AMZN,42.28571429,7
21/2/2019,AMZN,56.66666667,3
22/2/2019,AMZN,50,0
23/2/2019,AMZN,50,0
24/2/2019,AMZN,50,0
25/2/2019,AMZN,49.5,4
26/2/2019,AMZN,50.25,8
27/2/2019,AMZN,61,1
28/2/2019,AMZN,50,0
1/3/2019,AMZN,64.33333333,6
2/3/2019,AMZN,64,2
3/3/2019,AMZN,50,0
4/3/2019,AMZN,62.75,4
5/3/2019,AMZN,50,0
6/3/2019,AMZN,50,0
7/3/2019,AMZN,61,1
8/3/2019,AMZN,50,0
9/3/2019,AMZN,50,0
10/3/2019,AMZN,50,0
11/3/2019,AMZN,63,1
12/3/2019,AMZN,50,0
13/3/2019,AMZN,50,0
14/3/2019,AMZN,50,0
15/3/2019,AMZN,64.7,10
16/3/2019,AMZN,63,1
17/3/2019,AMZN,63,1
18/3/2019,AMZN,63,2
19/3/2019,AMZN,61.5,4
20/3/2019,AMZN,63.85714286,7
21/3/2019,AMZN,50,0
22/3/2019,AMZN,50,0
23/3/2019,AMZN,50,0
24/3/2019,AMZN,50,0
25/3/2019,AMZN,54,4
26/3/2019,AMZN,91,1
27/3/2019,AMZN,62.14285714,7
28/3/2019,AMZN,65,7
29/3/2019,AMZN,50,0
30/3/2019,AMZN,50,0
31/3/2019,AMZN,26,1
1/4/2019,AMZN,50.25,8
2/4/2019,AMZN,54.8,5
3/4/2019,AMZN,50,0
4/4/2019,AMZN,61,1
5/4/2019,AMZN,48,2
6/4/2019,AMZN,50,0
7/4/2019,AMZN,50,0
8/4/2019,AMZN,63,5
9/4/2019,AMZN,64,2
10/4/2019,AMZN,54,3
11/4/2019,AMZN,51.2,5
12/4/2019,AMZN,62,1
13/4/2019,AMZN,50,0
14/4/2019,AMZN,50,0
15/4/2019,AMZN,50,0
16/4/2019,AMZN,54,2
17/4/2019,AMZN,50,0
18/4/2019,AMZN,69,3
19/4/2019,AMZN,50,0
20/4/2019,AMZN,50,0
21/4/2019,AMZN,50,0
22/4/2019,AMZN,50,0
23/4/2019,AMZN,61.18181818,11
24/4/2019,AMZN,50,0
25/4/2019,AMZN,63.5625,32
26/4/2019,AMZN,74,26
27/4/2019,AMZN,68,1
28/4/2019,AMZN,50,0
29/4/2019,AMZN,50,0
30/4/2019,AMZN,48.33333333,3
1/5/2019,AMZN,31,1
2/5/2019,AMZN,50,0
3/5/2019,AMZN,57,12
4/5/2019,AMZN,50,0
5/5/2019,AMZN,50,0
6/5/2019,AMZN,40,1
7/5/2019,AMZN,65,3
8/5/2019,AMZN,63,4
9/5/2019,AMZN,22,1
10/5/2019,AMZN,50.5,2
11/5/2019,AMZN,50,0
12/5/2019,AMZN,50,0
13/5/2019,AMZN,43.33333333,3
14/5/2019,AMZN,57,7
15/5/2019,AMZN,50,0
16/5/2019,AMZN,57.5,4
17/5/2019,AMZN,44.4,15
18/5/2019,AMZN,50,0
19/5/2019,AMZN,50,0
20/5/2019,AMZN,50,0
21/5/2019,AMZN,62,6
22/5/2019,AMZN,40,1
23/5/2019,AMZN,47.5,4
24/5/2019,AMZN,50,0
25/5/2019,AMZN,50,0
26/5/2019,AMZN,50,0
27/5/2019,AMZN,50,0
28/5/2019,AMZN,61,3
29/5/2019,AMZN,64,3
30/5/2019,AMZN,61,3
31/5/2019,AMZN,52.33333333,6
1/6/2019,AMZN,50,0
2/6/2019,AMZN,50,0
3/6/2019,AMZN,59.2,5
4/6/2019,AMZN,49,2
5/6/2019,AMZN,50,2
6/6/2019,AMZN,50,0
7/6/2019,AMZN,69,3
8/6/2019,AMZN,50,0
9/6/2019,AMZN,50,0
10/6/2019,AMZN,42.5,2
11/6/2019,AMZN,50,0
12/6/2019,AMZN,61,2
13/6/2019,AMZN,61,1
14/6/2019,AMZN,50,0
15/6/2019,AMZN,54,2
16/6/2019,AMZN,50,0
17/6/2019,AMZN,54,2
18/6/2019,AMZN,61,1
19/6/2019,AMZN,64,2
20/6/2019,AMZN,63,1
21/6/2019,AMZN,50,0
22/6/2019,AMZN,50,0
23/6/2019,AMZN,50,0
24/6/2019,AMZN,64,2
25/6/2019,AMZN,61,6
26/6/2019,AMZN,61,2
27/6/2019,AMZN,64,2
28/6/2019,AMZN,64,2
29/6/2019,AMZN,50,0
30/6/2019,AMZN,50,0
1/7/2019,AMZN,50,0
2/7/2019,AMZN,50,0
3/7/2019,AMZN,65,2
4/7/2019,AMZN,50,0
5/7/2019,AMZN,55,2
6/7/2019,AMZN,50,0
7/7/2019,AMZN,50,0
8/7/2019,AMZN,50,0
9/7/2019,AMZN,50,0
10/7/2019,AMZN,55.33333333,3
11/7/2019,AMZN,59,8
12/7/2019,AMZN,40,2
13/7/2019,AMZN,50,0
14/7/2019,AMZN,50,0
15/7/2019,AMZN,45.25,8
16/7/2019,AMZN,51.4,5
17/7/2019,AMZN,26.89473684,19
18/7/2019,AMZN,48.66666667,15
19/7/2019,AMZN,22,1
20/7/2019,AMZN,50,0
21/7/2019,AMZN,50,0
22/7/2019,AMZN,71.33333333,9
23/7/2019,AMZN,69,7
24/7/2019,AMZN,63.14285714,7
25/7/2019,AMZN,60.36,25
26/7/2019,AMZN,61,21
27/7/2019,AMZN,50,0
28/7/2019,AMZN,50,0
29/7/2019,AMZN,50,0
30/7/2019,AMZN,59.2,5
31/7/2019,AMZN,50,0
1/8/2019,AMZN,38.58823529,17
2/8/2019,AMZN,59,3
3/8/2019,AMZN,50,0
4/8/2019,AMZN,50,0
5/8/2019,AMZN,40,7
6/8/2019,AMZN,58.66666667,3
7/8/2019,AMZN,31.5,6
8/8/2019,AMZN,50,0
9/8/2019,AMZN,50,0
10/8/2019,AMZN,50,0
11/8/2019,AMZN,50,0
12/8/2019,AMZN,50,0
13/8/2019,AMZN,59.66666667,3
14/8/2019,AMZN,55.5,2
15/8/2019,AMZN,50,0
16/8/2019,AMZN,50,0
17/8/2019,AMZN,50,0
18/8/2019,AMZN,50,0
19/8/2019,AMZN,46.42857143,7
20/8/2019,AMZN,56.75,4
21/8/2019,AMZN,50,1
22/8/2019,AMZN,55.375,8
23/8/2019,AMZN,61.75,8
24/8/2019,AMZN,22,3
25/8/2019,AMZN,50,0
26/8/2019,AMZN,50,0
27/8/2019,AMZN,50,0
28/8/2019,AMZN,40,1
29/8/2019,AMZN,69,2
30/8/2019,AMZN,50,0
31/8/2019,AMZN,50,0
1/9/2019,AMZN,50,0
2/9/2019,AMZN,50,0
3/9/2019,AMZN,66.75,4
4/9/2019,AMZN,64,4
5/9/2019,AMZN,40,1
6/9/2019,AMZN,46,2
7/9/2019,AMZN,50,0
8/9/2019,AMZN,50,0
9/9/2019,AMZN,50,1
10/9/2019,AMZN,61,1
11/9/2019,AMZN,22,2
12/9/2019,AMZN,65.33333333,6
13/9/2019,AMZN,50,0
14/9/2019,AMZN,61,1
15/9/2019,AMZN,50,0
16/9/2019,AMZN,56.66666667,3
17/9/2019,AMZN,63.8,5
18/9/2019,AMZN,50,0
19/9/2019,AMZN,55,1
20/9/2019,AMZN,50,0
21/9/2019,AMZN,50,0
22/9/2019,AMZN,50,0
23/9/2019,AMZN,47.81818182,11
24/9/2019,AMZN,50,0
25/9/2019,AMZN,64,11
26/9/2019,AMZN,48,3
27/9/2019,AMZN,50,0
28/9/2019,AMZN,50,0
29/9/2019,AMZN,50,0
30/9/2019,AMZN,50,0
1/10/2019,AMZN,50,0
2/10/2019,AMZN,50,0
3/10/2019,AMZN,50,0
4/10/2019,AMZN,50,0
5/10/2019,AMZN,50,0
6/10/2019,AMZN,50,0
7/10/2019,AMZN,64,8
8/10/2019,AMZN,61,2
9/10/2019,AMZN,50,0
10/10/2019,AMZN,60.71428571,7
11/10/2019,AMZN,61.88888889,9
12/10/2019,AMZN,50,0
13/10/2019,AMZN,50,0
14/10/2019,AMZN,50,0
15/10/2019,AMZN,50,0
16/10/2019,AMZN,35,6
17/10/2019,AMZN,64,2
18/10/2019,AMZN,61,1
19/10/2019,AMZN,50,0
20/10/2019,AMZN,50,0
21/10/2019,AMZN,43,4
22/10/2019,AMZN,50,1
23/10/2019,AMZN,48.8,5
24/10/2019,AMZN,44.28888889,45
25/10/2019,AMZN,40.7173913,46
26/10/2019,AMZN,28,1
27/10/2019,AMZN,50,0
28/10/2019,AMZN,22,3
29/10/2019,AMZN,57,6
30/10/2019,AMZN,51.5,2
31/10/2019,AMZN,65,4
1/11/2019,AMZN,50,0
2/11/2019,AMZN,50,0
3/11/2019,AMZN,50,0
4/11/2019,AMZN,50,0
5/11/2019,AMZN,64,2
6/11/2019,AMZN,59.4,5
7/11/2019,AMZN,50,0
8/11/2019,AMZN,50,0
9/11/2019,AMZN,50,0
10/11/2019,AMZN,50,0
11/11/2019,AMZN,40,1
12/11/2019,AMZN,61,1
13/11/2019,AMZN,64,2
14/11/2019,AMZN,61,6
15/11/2019,AMZN,50,0
16/11/2019,AMZN,50,0
17/11/2019,AMZN,50,0
18/11/2019,AMZN,65,3
19/11/2019,AMZN,47.54545455,11
20/11/2019,AMZN,63.4,5
21/11/2019,AMZN,61,4
22/11/2019,AMZN,40,1
23/11/2019,AMZN,50,0
24/11/2019,AMZN,50,0
25/11/2019,AMZN,59,2
26/11/2019,AMZN,50.16666667,6
27/11/2019,AMZN,50,0
28/11/2019,AMZN,50,0
29/11/2019,AMZN,50,0
30/11/2019,AMZN,50,0
1/12/2019,AMZN,50,0
2/12/2019,AMZN,63,3
3/12/2019,AMZN,63.95833333,24
4/12/2019,AMZN,63.33333333,12
5/12/2019,AMZN,61,3
6/12/2019,AMZN,61,1
7/12/2019,AMZN,50,0
8/12/2019,AMZN,50,0
9/12/2019,AMZN,50,0
10/12/2019,AMZN,61,1
11/12/2019,AMZN,50,0
12/12/2019,AMZN,50,0
13/12/2019,AMZN,50,0
14/12/2019,AMZN,50,0
15/12/2019,AMZN,50,0
16/12/2019,AMZN,55,5
17/12/2019,AMZN,54,3
18/12/2019,AMZN,50.5,2
19/12/2019,AMZN,65,3
20/12/2019,AMZN,50,0
21/12/2019,AMZN,50,0
22/12/2019,AMZN,50,0
23/12/2019,AMZN,64,1
24/12/2019,AMZN,50,0
25/12/2019,AMZN,50,0
26/12/2019,AMZN,64.33333333,3
27/12/2019,AMZN,22,2
28/12/2019,AMZN,50,0
29/12/2019,AMZN,50,0
30/12/2019,AMZN,40,1
31/12/2019,AMZN,57,1
1/1/2020,AMZN,50,0
2/1/2020,AMZN,50,0
3/1/2020,AMZN,50,0
4/1/2020,AMZN,69,2
5/1/2020,AMZN,50,0
6/1/2020,AMZN,61,7
7/1/2020,AMZN,61.66666667,3
8/1/2020,AMZN,50,0
9/1/2020,AMZN,50,0
10/1/2020,AMZN,50.5,2
11/1/2020,AMZN,61,3
12/1/2020,AMZN,50,0
13/1/2020,AMZN,22,4
14/1/2020,AMZN,60,9
15/1/2020,AMZN,50,0
16/1/2020,AMZN,66.2,5
17/1/2020,AMZN,84.5,2
18/1/2020,AMZN,50,0
19/1/2020,AMZN,50,0
20/1/2020,AMZN,50,0
21/1/2020,AMZN,50,0
22/1/2020,AMZN,81.5,2
23/1/2020,AMZN,57.5,4
24/1/2020,AMZN,50,0
25/1/2020,AMZN,50,0
26/1/2020,AMZN,50,0
27/1/2020,AMZN,71.6,5
28/1/2020,AMZN,60.5,4
29/1/2020,AMZN,72.57142857,7
30/1/2020,AMZN,63.48484848,33
31/1/2020,AMZN,80.18644068,59
1/2/2020,AMZN,50,0
2/2/2020,AMZN,50,0
3/2/2020,AMZN,42,8
4/2/2020,AMZN,55.27272727,11
5/2/2020,AMZN,69,3
6/2/2020,AMZN,57.71428571,7
7/2/2020,AMZN,40,1
8/2/2020,AMZN,50,0
9/2/2020,AMZN,50,0
10/2/2020,AMZN,58.5,4
11/2/2020,AMZN,61,4
12/2/2020,AMZN,63,1
13/2/2020,AMZN,85,2
14/2/2020,AMZN,58,3
15/2/2020,AMZN,50,0
16/2/2020,AMZN,50,0
17/2/2020,AMZN,50,0
18/2/2020,AMZN,50,0
19/2/2020,AMZN,50,1
20/2/2020,AMZN,47.54545455,11
21/2/2020,AMZN,50,0
22/2/2020,AMZN,50,0
23/2/2020,AMZN,50,0
24/2/2020,AMZN,50,0
25/2/2020,AMZN,58.4,5
26/2/2020,AMZN,65,3
27/2/2020,AMZN,50,1
28/2/2020,AMZN,50,0
29/2/2020,AMZN,50,0
1/3/2020,AMZN,50,0
2/3/2020,AMZN,50,3
3/3/2020,AMZN,50,0
4/3/2020,AMZN,59,2
5/3/2020,AMZN,50,0
6/3/2020,AMZN,50,0
7/3/2020,AMZN,50,0
8/3/2020,AMZN,50,0
9/3/2020,AMZN,50,0
10/3/2020,AMZN,50,0
11/3/2020,AMZN,59.66666667,3
12/3/2020,AMZN,56.5,4
13/3/2020,AMZN,50,0
14/3/2020,AMZN,50,0
15/3/2020,AMZN,50,0
16/3/2020,AMZN,69.14285714,7
17/3/2020,AMZN,69.33333333,3
18/3/2020,AMZN,50,0
19/3/2020,AMZN,63,2
20/3/2020,AMZN,65,1
21/3/2020,AMZN,50,0
22/3/2020,AMZN,65,1
23/3/2020,AMZN,65,4
24/3/2020,AMZN,57.6,5
25/3/2020,AMZN,50,0
26/3/2020,AMZN,52.57142857,7
27/3/2020,AMZN,50,0
28/3/2020,AMZN,50,0
29/3/2020,AMZN,50,0
30/3/2020,AMZN,25,2
31/3/2020,AMZN,50,0
1/4/2020,AMZN,50,0
2/4/2020,AMZN,65,8
3/4/2020,AMZN,63.66666667,3
4/4/2020,AMZN,50,0
5/4/2020,AMZN,50,0
6/4/2020,AMZN,50,0
7/4/2020,AMZN,55,3
8/4/2020,AMZN,50,0
9/4/2020,AMZN,50,0
10/4/2020,AMZN,50,0
11/4/2020,AMZN,50,0
12/4/2020,AMZN,50,0
13/4/2020,AMZN,62.125,8
14/4/2020,AMZN,58.28571429,7
15/4/2020,AMZN,84.5,2
16/4/2020,AMZN,52.66666667,12
17/4/2020,AMZN,45.28571429,7
18/4/2020,AMZN,50,0
19/4/2020,AMZN,50,0
20/4/2020,AMZN,50,0
21/4/2020,AMZN,22,2
22/4/2020,AMZN,72,9
23/4/2020,AMZN,84.5,2
24/4/2020,AMZN,60.85714286,7
25/4/2020,AMZN,50,0
26/4/2020,AMZN,50,0
27/4/2020,AMZN,86.25,8
28/4/2020,AMZN,46,6
29/4/2020,AMZN,61,2
30/4/2020,AMZN,59.55555556,45
1/5/2020,AMZN,65,68
2/5/2020,AMZN,50,0
3/5/2020,AMZN,50,0
4/5/2020,AMZN,44,2
5/5/2020,AMZN,61,3
6/5/2020,AMZN,56,5
7/5/2020,AMZN,61,1
8/5/2020,AMZN,47.75,4
9/5/2020,AMZN,50,0
10/5/2020,AMZN,50,0
11/5/2020,AMZN,50,0
12/5/2020,AMZN,92,1
13/5/2020,AMZN,60.22222222,9
14/5/2020,AMZN,50,0
15/5/2020,AMZN,50,0
16/5/2020,AMZN,65,2
17/5/2020,AMZN,65,3
18/5/2020,AMZN,65,3
19/5/2020,AMZN,50.16666667,12
20/5/2020,AMZN,63,2
21/5/2020,AMZN,40,1
22/5/2020,AMZN,58.25,4
23/5/2020,AMZN,50,0
24/5/2020,AMZN,50,0
25/5/2020,AMZN,50,0
26/5/2020,AMZN,50,0
27/5/2020,AMZN,46.81818182,11
28/5/2020,AMZN,54,3
29/5/2020,AMZN,50,0
30/5/2020,AMZN,50,0
31/5/2020,AMZN,50,0
1/6/2020,AMZN,74.66666667,6
2/6/2020,AMZN,61,1
3/6/2020,AMZN,69,1
4/6/2020,AMZN,62.33333333,6
5/6/2020,AMZN,50,0
6/6/2020,AMZN,50,0
7/6/2020,AMZN,50,0
8/6/2020,AMZN,73,11
9/6/2020,AMZN,92,1
10/6/2020,AMZN,50,0
11/6/2020,AMZN,35.66666667,3
12/6/2020,AMZN,22,8
13/6/2020,AMZN,50,0
14/6/2020,AMZN,50,0
15/6/2020,AMZN,50,0
16/6/2020,AMZN,50,0
17/6/2020,AMZN,63,3
18/6/2020,AMZN,62,3
19/6/2020,AMZN,50,0
20/6/2020,AMZN,50,0
21/6/2020,AMZN,50,0
22/6/2020,AMZN,50,0
23/6/2020,AMZN,62.5,6
24/6/2020,AMZN,66.66666667,3
25/6/2020,AMZN,61,1
26/6/2020,AMZN,61.88888889,18
27/6/2020,AMZN,49,3
28/6/2020,AMZN,50,0
29/6/2020,AMZN,53.6,5
30/6/2020,AMZN,81.25,4
1/7/2020,AMZN,50,0
2/7/2020,AMZN,59,2
3/7/2020,AMZN,61,1
4/7/2020,AMZN,50,0
5/7/2020,AMZN,50,0
6/7/2020,AMZN,50,0
7/7/2020,AMZN,85,2
8/7/2020,AMZN,38.5,4
9/7/2020,AMZN,61,1
10/7/2020,AMZN,69,2
11/7/2020,AMZN,50,0
12/7/2020,AMZN,50,0
13/7/2020,AMZN,71,6
14/7/2020,AMZN,50,0
15/7/2020,AMZN,64.33333333,6
16/7/2020,AMZN,68.14285714,7
17/7/2020,AMZN,40,1
18/7/2020,AMZN,50,0
19/7/2020,AMZN,50,0
20/7/2020,AMZN,71.33333333,9
21/7/2020,AMZN,51.5,2
22/7/2020,AMZN,54.55555556,9
23/7/2020,AMZN,50,0
24/7/2020,AMZN,78.125,8
25/7/2020,AMZN,50,0
26/7/2020,AMZN,50,0
27/7/2020,AMZN,70.25,8
28/7/2020,AMZN,60.35714286,14
29/7/2020,AMZN,64.4,5
30/7/2020,AMZN,56.90909091,22
31/7/2020,AMZN,81.70588235,34
1/8/2020,AMZN,50,0
2/8/2020,AMZN,50,0
3/8/2020,AMZN,59.16666667,6
4/8/2020,AMZN,78,4
5/8/2020,AMZN,52.27272727,11
6/8/2020,AMZN,56.75,4
7/8/2020,AMZN,50,0
8/8/2020,AMZN,50,0
9/8/2020,AMZN,50,0
10/8/2020,AMZN,40,1
11/8/2020,AMZN,57,2
12/8/2020,AMZN,50,0
13/8/2020,AMZN,59.5,4
14/8/2020,AMZN,18.66666667,6
15/8/2020,AMZN,18,3
16/8/2020,AMZN,50,0
17/8/2020,AMZN,55,2
18/8/2020,AMZN,52.64285714,14
19/8/2020,AMZN,57.33333333,9
20/8/2020,AMZN,61,1
21/8/2020,AMZN,44.66666667,15
22/8/2020,AMZN,50,0
23/8/2020,AMZN,50,0
24/8/2020,AMZN,50,0
25/8/2020,AMZN,50,0
26/8/2020,AMZN,48.5,2
27/8/2020,AMZN,59.625,8
28/8/2020,AMZN,69,1
29/8/2020,AMZN,50,0
30/8/2020,AMZN,50,0
31/8/2020,AMZN,77,6
1/9/2020,AMZN,67.2,10
2/9/2020,AMZN,61.5,4
3/9/2020,AMZN,65,3
4/9/2020,AMZN,65,2
5/9/2020,AMZN,50,0
6/9/2020,AMZN,50,0
7/9/2020,AMZN,19,2
8/9/2020,AMZN,61,1
9/9/2020,AMZN,60.57142857,7
10/9/2020,AMZN,61,2
11/9/2020,AMZN,50,0
12/9/2020,AMZN,50,0
13/9/2020,AMZN,50,0
14/9/2020,AMZN,64.42857143,21
15/9/2020,AMZN,50,0
16/9/2020,AMZN,69,2
17/9/2020,AMZN,65,3
18/9/2020,AMZN,50,0
19/9/2020,AMZN,50,0
20/9/2020,AMZN,50,0
21/9/2020,AMZN,61,2
22/9/2020,AMZN,68.66666667,3
23/9/2020,AMZN,71.33333333,6
24/9/2020,AMZN,64,3
25/9/2020,AMZN,64,1
26/9/2020,AMZN,50,0
27/9/2020,AMZN,50,0
28/9/2020,AMZN,53.75,8
29/9/2020,AMZN,55.5,2
30/9/2020,AMZN,50,0
1/10/2020,AMZN,84.5,2
2/10/2020,AMZN,55.75,4
3/10/2020,AMZN,50,0
4/10/2020,AMZN,50,0
5/10/2020,AMZN,61,2
6/10/2020,AMZN,50,0
7/10/2020,AMZN,72.25,4
8/10/2020,AMZN,62.6,5
9/10/2020,AMZN,84,3
10/10/2020,AMZN,50,0
11/10/2020,AMZN,50,0
12/10/2020,AMZN,50,0
13/10/2020,AMZN,31.28571429,7
14/10/2020,AMZN,61,2
15/10/2020,AMZN,56.25,4
16/10/2020,AMZN,64,11
17/10/2020,AMZN,50,0
18/10/2020,AMZN,50,0
19/10/2020,AMZN,50,0
20/10/2020,AMZN,64,1
21/10/2020,AMZN,59.33333333,6
22/10/2020,AMZN,61,4
23/10/2020,AMZN,65,3
24/10/2020,AMZN,50,0
25/10/2020,AMZN,50,0
26/10/2020,AMZN,63,1
27/10/2020,AMZN,62.94117647,17
28/10/2020,AMZN,60,3
29/10/2020,AMZN,59.11428571,35
30/10/2020,AMZN,69.73684211,19
31/10/2020,AMZN,50,0
1/11/2020,AMZN,50,0
2/11/2020,AMZN,50,0
3/11/2020,AMZN,50,0
4/11/2020,AMZN,50,0
5/11/2020,AMZN,50,0
6/11/2020,AMZN,50,0
7/11/2020,AMZN,50,0
8/11/2020,AMZN,50,0
9/11/2020,AMZN,50,0
10/11/2020,AMZN,50,0
11/11/2020,AMZN,50,0
12/11/2020,AMZN,50,0
13/11/2020,AMZN,50,0
14/11/2020,AMZN,50,0
15/11/2020,AMZN,50,0
16/11/2020,AMZN,50,0
17/11/2020,AMZN,50,0
18/11/2020,AMZN,50,0
19/11/2020,AMZN,50,0
20/11/2020,AMZN,50,0
21/11/2020,AMZN,50,0
22/11/2020,AMZN,50,0
23/11/2020,AMZN,50,0
24/11/2020,AMZN,50,0
25/11/2020,AMZN,50,0
26/11/2020,AMZN,50,0
27/11/2020,AMZN,50,0
28/11/2020,AMZN,50,0
29/11/2020,AMZN,50,0
30/11/2020,AMZN,50,0
1/12/2020,AMZN,50,0
2/12/2020,AMZN,50,0
3/12/2020,AMZN,50,0
4/12/2020,AMZN,50,0
5/12/2020,AMZN,50,0
6/12/2020,AMZN,50,0
7/12/2020,AMZN,50,0
8/12/2020,AMZN,50,0
9/12/2020,AMZN,50,0
10/12/2020,AMZN,50,0
11/12/2020,AMZN,50,0
12/12/2020,AMZN,50,0
13/12/2020,AMZN,50,0
14/12/2020,AMZN,50,0
15/12/2020,AMZN,50,0
16/12/2020,AMZN,50,0
17/12/2020,AMZN,50,0
18/12/2020,AMZN,50,0
19/12/2020,AMZN,50,0
20/12/2020,AMZN,50,0
21/12/2020,AMZN,50,0
22/12/2020,AMZN,50,0
23/12/2020,AMZN,50,0
24/12/2020,AMZN,50,0
25/12/2020,AMZN,50,0
26/12/2020,AMZN,50,0
27/12/2020,AMZN,50,0
28/12/2020,AMZN,50,0
29/12/2020,AMZN,50,0
30/12/2020,AMZN,50,0
31/12/2020,AMZN,50,0
1/1/2019,FB,50,0
2/1/2019,FB,50,2
3/1/2019,FB,50,0
4/1/2019,FB,50,0
5/1/2019,FB,50,0
6/1/2019,FB,50,0
7/1/2019,FB,50,0
8/1/2019,FB,63,2
9/1/2019,FB,50,0
10/1/2019,FB,50.5,2
11/1/2019,FB,50,0
12/1/2019,FB,50,0
13/1/2019,FB,50,0
14/1/2019,FB,50,0
15/1/2019,FB,50,0
16/1/2019,FB,50,0
17/1/2019,FB,37,1
18/1/2019,FB,40,1
19/1/2019,FB,50,0
20/1/2019,FB,50,0
21/1/2019,FB,65,2
22/1/2019,FB,50,0
23/1/2019,FB,69,1
24/1/2019,FB,69,3
25/1/2019,FB,50,0
26/1/2019,FB,40,1
27/1/2019,FB,50,0
28/1/2019,FB,69,2
29/1/2019,FB,50,3
30/1/2019,FB,62.71875,32
31/1/2019,FB,72.73333333,30
1/2/2019,FB,42.5,4
2/2/2019,FB,50,0
3/2/2019,FB,50,0
4/2/2019,FB,50,0
5/2/2019,FB,50,0
6/2/2019,FB,50,2
7/2/2019,FB,22,1
8/2/2019,FB,45,2
9/2/2019,FB,50,0
10/2/2019,FB,50,0
11/2/2019,FB,50,0
12/2/2019,FB,50,0
13/2/2019,FB,50,1
14/2/2019,FB,56,1
15/2/2019,FB,37.5,2
16/2/2019,FB,50,0
17/2/2019,FB,50,0
18/2/2019,FB,50,0
19/2/2019,FB,50,0
20/2/2019,FB,58,6
21/2/2019,FB,47,6
22/2/2019,FB,50,1
23/2/2019,FB,50,0
24/2/2019,FB,50,0
25/2/2019,FB,61,1
26/2/2019,FB,50,2
27/2/2019,FB,50,2
28/2/2019,FB,40,1
1/3/2019,FB,47,3
2/3/2019,FB,50,0
3/3/2019,FB,50,0
4/3/2019,FB,43.6,10
5/3/2019,FB,22,3
6/3/2019,FB,50,2
7/3/2019,FB,63,1
8/3/2019,FB,40,1
9/3/2019,FB,50,0
10/3/2019,FB,50,0
11/3/2019,FB,67.71428571,7
12/3/2019,FB,54,1
13/3/2019,FB,45,2
14/3/2019,FB,44.17391304,23
15/3/2019,FB,43.22222222,9
16/3/2019,FB,50,0
17/3/2019,FB,50,0
18/3/2019,FB,35.625,8
19/3/2019,FB,50,0
20/3/2019,FB,50,1
21/3/2019,FB,50,2
22/3/2019,FB,40,1
23/3/2019,FB,50,0
24/3/2019,FB,50,0
25/3/2019,FB,50,0
26/3/2019,FB,50,1
27/3/2019,FB,50.5,2
28/3/2019,FB,25.5,16
29/3/2019,FB,40,1
30/3/2019,FB,50,0
31/3/2019,FB,50,0
1/4/2019,FB,50,2
2/4/2019,FB,50,1
3/4/2019,FB,40,1
4/4/2019,FB,73.75,4
5/4/2019,FB,50,0
6/4/2019,FB,43,7
7/4/2019,FB,50,0
8/4/2019,FB,50,0
9/4/2019,FB,65.85714286,7
10/4/2019,FB,50,10
11/4/2019,FB,40,1
12/4/2019,FB,50.36363636,11
13/4/2019,FB,50,0
14/4/2019,FB,50,0
15/4/2019,FB,50,0
16/4/2019,FB,46.25,8
17/4/2019,FB,45.66666667,3
18/4/2019,FB,50,0
19/4/2019,FB,48.64285714,14
20/4/2019,FB,50,0
21/4/2019,FB,50,0
22/4/2019,FB,54,6
23/4/2019,FB,50,11
24/4/2019,FB,56.41666667,12
25/4/2019,FB,81.78125,32
26/4/2019,FB,57.16666667,6
27/4/2019,FB,50,0
28/4/2019,FB,50,0
29/4/2019,FB,50,0
30/4/2019,FB,64,2
1/5/2019,FB,50,2
2/5/2019,FB,53,8
3/5/2019,FB,50,0
4/5/2019,FB,50,0
5/5/2019,FB,50,0
6/5/2019,FB,50,0
7/5/2019,FB,50,2
8/5/2019,FB,50,1
9/5/2019,FB,50,0
10/5/2019,FB,40,1
11/5/2019,FB,50,0
12/5/2019,FB,50,0
13/5/2019,FB,44,8
14/5/2019,FB,50,0
15/5/2019,FB,50,0
16/5/2019,FB,50,1
17/5/2019,FB,50.5,2
18/5/2019,FB,56.8,5
19/5/2019,FB,50,0
20/5/2019,FB,50,0
21/5/2019,FB,50,2
22/5/2019,FB,45,2
23/5/2019,FB,50,0
24/5/2019,FB,40,1
25/5/2019,FB,50,0
26/5/2019,FB,50,0
27/5/2019,FB,50,0
28/5/2019,FB,50,0
29/5/2019,FB,64,2
30/5/2019,FB,61,1
31/5/2019,FB,50.33333333,3
1/6/2019,FB,50,0
2/6/2019,FB,50,0
3/6/2019,FB,37.42857143,7
4/6/2019,FB,45,2
5/6/2019,FB,44,1
6/6/2019,FB,50,0
7/6/2019,FB,50,0
8/6/2019,FB,50,0
9/6/2019,FB,50,0
10/6/2019,FB,57,2
11/6/2019,FB,68,3
12/6/2019,FB,50.5,8
13/6/2019,FB,48,2
14/6/2019,FB,50,0
15/6/2019,FB,50,0
16/6/2019,FB,50,0
17/6/2019,FB,50,0
18/6/2019,FB,63.09090909,11
19/6/2019,FB,64,1
20/6/2019,FB,50,0
21/6/2019,FB,50,1
22/6/2019,FB,50,0
23/6/2019,FB,50,0
24/6/2019,FB,50,0
25/6/2019,FB,50,0
26/6/2019,FB,50,0
27/6/2019,FB,64,7
28/6/2019,FB,50,0
29/6/2019,FB,50,0
30/6/2019,FB,50,0
1/7/2019,FB,50,2
2/7/2019,FB,25.57142857,7
3/7/2019,FB,50,0
4/7/2019,FB,50,0
5/7/2019,FB,40,1
6/7/2019,FB,50,0
7/7/2019,FB,50,0
8/7/2019,FB,50,1
9/7/2019,FB,33,2
10/7/2019,FB,50.5,2
11/7/2019,FB,50,0
12/7/2019,FB,63,11
13/7/2019,FB,49.33333333,3
14/7/2019,FB,63,1
15/7/2019,FB,50,0
16/7/2019,FB,50,1
17/7/2019,FB,37,1
18/7/2019,FB,50,0
19/7/2019,FB,50,0
20/7/2019,FB,50,0
21/7/2019,FB,50,0
22/7/2019,FB,50,0
23/7/2019,FB,50,1
24/7/2019,FB,53.425,40
25/7/2019,FB,75.41935484,31
26/7/2019,FB,50,0
27/7/2019,FB,50,0
28/7/2019,FB,50,0
29/7/2019,FB,50,0
30/7/2019,FB,50.5,2
31/7/2019,FB,50,0
1/8/2019,FB,24.57142857,14
2/8/2019,FB,56,3
3/8/2019,FB,50,0
4/8/2019,FB,50,0
5/8/2019,FB,40,2
6/8/2019,FB,50,1
7/8/2019,FB,54.66666667,6
8/8/2019,FB,40,3
9/8/2019,FB,50,1
10/8/2019,FB,50,0
11/8/2019,FB,50,0
12/8/2019,FB,40,2
13/8/2019,FB,51,11
14/8/2019,FB,50,10
15/8/2019,FB,40,4
16/8/2019,FB,61,2
17/8/2019,FB,50,0
18/8/2019,FB,50,0
19/8/2019,FB,50,5
20/8/2019,FB,52.26666667,15
21/8/2019,FB,50,0
22/8/2019,FB,47.14285714,14
23/8/2019,FB,50,5
24/8/2019,FB,50,0
25/8/2019,FB,50,0
26/8/2019,FB,40,5
27/8/2019,FB,50,2
28/8/2019,FB,50,0
29/8/2019,FB,45.25,4
30/8/2019,FB,50,11
31/8/2019,FB,50,0
1/9/2019,FB,50,0
2/9/2019,FB,50,0
3/9/2019,FB,48.33333333,12
4/9/2019,FB,49.84210526,19
5/9/2019,FB,46,4
6/9/2019,FB,48.33333333,6
7/9/2019,FB,50,0
8/9/2019,FB,50,0
9/9/2019,FB,40,3
10/9/2019,FB,50,11
11/9/2019,FB,47.14285714,7
12/9/2019,FB,47,3
13/9/2019,FB,50.91666667,12
14/9/2019,FB,50,0
15/9/2019,FB,50,0
16/9/2019,FB,40,1
17/9/2019,FB,50,11
18/9/2019,FB,63,3
19/9/2019,FB,50.42857143,14
20/9/2019,FB,50,0
21/9/2019,FB,44,2
22/9/2019,FB,50,0
23/9/2019,FB,47.14285714,7
24/9/2019,FB,49.625,8
25/9/2019,FB,50,5
26/9/2019,FB,44.28571429,7
27/9/2019,FB,53.625,8
28/9/2019,FB,50,0
29/9/2019,FB,50,0
30/9/2019,FB,47.14285714,7
1/10/2019,FB,50,11
2/10/2019,FB,50,6
3/10/2019,FB,56,9
4/10/2019,FB,48.27272727,11
5/10/2019,FB,50,0
6/10/2019,FB,50,0
7/10/2019,FB,48,4
8/10/2019,FB,50,10
9/10/2019,FB,50,18
10/10/2019,FB,40,2
11/10/2019,FB,50,10
12/10/2019,FB,50,0
13/10/2019,FB,50,0
14/10/2019,FB,50,0
15/10/2019,FB,45.25,4
16/10/2019,FB,50,10
17/10/2019,FB,46.18181818,11
18/10/2019,FB,69,2
19/10/2019,FB,50,0
20/10/2019,FB,50,0
21/10/2019,FB,52.33333333,6
22/10/2019,FB,45.04347826,23
23/10/2019,FB,45.33333333,12
24/10/2019,FB,40,4
25/10/2019,FB,60.18181818,11
26/10/2019,FB,41,3
27/10/2019,FB,50,0
28/10/2019,FB,60.375,8
29/10/2019,FB,49.9375,16
30/10/2019,FB,61.9375,48
31/10/2019,FB,60.41025641,39
1/11/2019,FB,50,0
2/11/2019,FB,50,0
3/11/2019,FB,50,0
4/11/2019,FB,50.82352941,17
5/11/2019,FB,48.8,10
6/11/2019,FB,50,5
7/11/2019,FB,49.07142857,14
8/11/2019,FB,50,10
9/11/2019,FB,50,1
10/11/2019,FB,50,0
11/11/2019,FB,50,0
12/11/2019,FB,62,5
13/11/2019,FB,48.33333333,12
14/11/2019,FB,50.57142857,7
15/11/2019,FB,50,4
16/11/2019,FB,50,0
17/11/2019,FB,50,0
18/11/2019,FB,44.4,5
19/11/2019,FB,61,2
20/11/2019,FB,58.85714286,7
21/11/2019,FB,70.2,5
22/11/2019,FB,50,0
23/11/2019,FB,40,1
24/11/2019,FB,50,0
25/11/2019,FB,40,1
26/11/2019,FB,50,0
27/11/2019,FB,40,1
28/11/2019,FB,50,0
29/11/2019,FB,50,2
30/11/2019,FB,50,0
1/12/2019,FB,50,0
2/12/2019,FB,57,1
3/12/2019,FB,64,4
4/12/2019,FB,56.33333333,3
5/12/2019,FB,61.8,10
6/12/2019,FB,50,0
7/12/2019,FB,57,1
8/12/2019,FB,50,0
9/12/2019,FB,50,0
10/12/2019,FB,50,2
11/12/2019,FB,50,0
12/12/2019,FB,40,4
13/12/2019,FB,40,1
14/12/2019,FB,50,0
15/12/2019,FB,50,0
16/12/2019,FB,50,0
17/12/2019,FB,61,3
18/12/2019,FB,62.5,4
19/12/2019,FB,40,1
20/12/2019,FB,50,1
21/12/2019,FB,50,0
22/12/2019,FB,50,0
23/12/2019,FB,50,0
24/12/2019,FB,50,0
25/12/2019,FB,50,0
26/12/2019,FB,45,2
27/12/2019,FB,50,0
28/12/2019,FB,50,0
29/12/2019,FB,50,0
30/12/2019,FB,19,2
31/12/2019,FB,50,0
1/1/2020,FB,50,0
2/1/2020,FB,46.66666667,3
3/1/2020,FB,50,0
4/1/2020,FB,50,0
5/1/2020,FB,50,0
6/1/2020,FB,50,1
7/1/2020,FB,50,0
8/1/2020,FB,50,0
9/1/2020,FB,40,1
10/1/2020,FB,72,3
11/1/2020,FB,50,0
12/1/2020,FB,50,0
13/1/2020,FB,68,1
14/1/2020,FB,58.66666667,3
15/1/2020,FB,50,0
16/1/2020,FB,49,2
17/1/2020,FB,48.44444444,9
18/1/2020,FB,68,1
19/1/2020,FB,50,0
20/1/2020,FB,50,0
21/1/2020,FB,76,3
22/1/2020,FB,72.33333333,3
23/1/2020,FB,40,1
24/1/2020,FB,60.86666667,15
25/1/2020,FB,50,2
26/1/2020,FB,50,1
27/1/2020,FB,70.5,4
28/1/2020,FB,50,4
29/1/2020,FB,56.75,40
30/1/2020,FB,57.38888889,36
31/1/2020,FB,50,0
1/2/2020,FB,40,1
2/2/2020,FB,50,0
3/2/2020,FB,54,6
4/2/2020,FB,53,4
5/2/2020,FB,48,2
6/2/2020,FB,28,3
7/2/2020,FB,50,0
8/2/2020,FB,40,1
9/2/2020,FB,50,0
10/2/2020,FB,50,0
11/2/2020,FB,35.33333333,6
12/2/2020,FB,64,1
13/2/2020,FB,46.75,4
14/2/2020,FB,59,2
15/2/2020,FB,50,0
16/2/2020,FB,50,0
17/2/2020,FB,50,0
18/2/2020,FB,50,0
19/2/2020,FB,57,2
20/2/2020,FB,61,6
21/2/2020,FB,50,0
22/2/2020,FB,40,1
23/2/2020,FB,50,0
24/2/2020,FB,50,0
25/2/2020,FB,50,0
26/2/2020,FB,50,0
27/2/2020,FB,52.77777778,9
28/2/2020,FB,78,1
29/2/2020,FB,40,1
1/3/2020,FB,50,0
2/3/2020,FB,50,0
3/3/2020,FB,63,4
4/3/2020,FB,50,0
5/3/2020,FB,40.66666667,3
6/3/2020,FB,47,3
7/3/2020,FB,50,0
8/3/2020,FB,50,0
9/3/2020,FB,53.5,8
10/3/2020,FB,55.33333333,3
11/3/2020,FB,60.22222222,9
12/3/2020,FB,61,3
13/3/2020,FB,44,3
14/3/2020,FB,44,2
15/3/2020,FB,44,1
16/3/2020,FB,50,0
17/3/2020,FB,78,1
18/3/2020,FB,44.25,4
19/3/2020,FB,50,0
20/3/2020,FB,50,0
21/3/2020,FB,22,2
22/3/2020,FB,50,0
23/3/2020,FB,22,1
24/3/2020,FB,50,0
25/3/2020,FB,24.5,4
26/3/2020,FB,53.33333333,12
27/3/2020,FB,50,1
28/3/2020,FB,50,0
29/3/2020,FB,50,0
30/3/2020,FB,46.44444444,9
31/3/2020,FB,50,0
1/4/2020,FB,50,0
2/4/2020,FB,40,1
3/4/2020,FB,50,0
4/4/2020,FB,50,0
5/4/2020,FB,50,0
6/4/2020,FB,50,0
7/4/2020,FB,50,0
8/4/2020,FB,33,2
9/4/2020,FB,53.66666667,3
10/4/2020,FB,50,0
11/4/2020,FB,50,0
12/4/2020,FB,50,0
13/4/2020,FB,50,0
14/4/2020,FB,50,0
15/4/2020,FB,50.5,2
16/4/2020,FB,50.57142857,7
17/4/2020,FB,50,0
18/4/2020,FB,50,0
19/4/2020,FB,50,0
20/4/2020,FB,28.8,5
21/4/2020,FB,36.125,8
22/4/2020,FB,48.92857143,14
23/4/2020,FB,54,3
24/4/2020,FB,50,0
25/4/2020,FB,50,0
26/4/2020,FB,50,0
27/4/2020,FB,91,1
28/4/2020,FB,50,1
29/4/2020,FB,39.73333333,30
30/4/2020,FB,83.33333333,39
1/5/2020,FB,45,2
2/5/2020,FB,50,0
3/5/2020,FB,50,0
4/5/2020,FB,48,1
5/5/2020,FB,50,0
6/5/2020,FB,50,2
7/5/2020,FB,40,2
8/5/2020,FB,50,0
9/5/2020,FB,50,0
10/5/2020,FB,50,0
11/5/2020,FB,50,0
12/5/2020,FB,56,2
13/5/2020,FB,53,3
14/5/2020,FB,50,0
15/5/2020,FB,49,3
16/5/2020,FB,50,0
17/5/2020,FB,50,0
18/5/2020,FB,50,0
19/5/2020,FB,55.0625,16
20/5/2020,FB,54.30769231,13
21/5/2020,FB,65.28571429,7
22/5/2020,FB,60.33333333,3
23/5/2020,FB,53,2
24/5/2020,FB,50,0
25/5/2020,FB,50,0
26/5/2020,FB,51.33333333,3
27/5/2020,FB,50.33333333,3
28/5/2020,FB,42.5,8
29/5/2020,FB,50,0
30/5/2020,FB,50,0
31/5/2020,FB,50,0
1/6/2020,FB,32.8,10
2/6/2020,FB,25,2
3/6/2020,FB,50,1
4/6/2020,FB,40,1
5/6/2020,FB,50,0
6/6/2020,FB,50,0
7/6/2020,FB,50,0
8/6/2020,FB,50,0
9/6/2020,FB,66.66666667,3
10/6/2020,FB,50,1
11/6/2020,FB,40,1
12/6/2020,FB,56,4
13/6/2020,FB,50,0
14/6/2020,FB,50,0
15/6/2020,FB,50,0
16/6/2020,FB,50,0
17/6/2020,FB,50,1
18/6/2020,FB,40,1
19/6/2020,FB,50,0
20/6/2020,FB,50,0
21/6/2020,FB,50,0
22/6/2020,FB,50,0
23/6/2020,FB,50,0
24/6/2020,FB,80.5,2
25/6/2020,FB,45,2
26/6/2020,FB,40,4
27/6/2020,FB,50,0
28/6/2020,FB,50,0
29/6/2020,FB,52,2
30/6/2020,FB,50,0
1/7/2020,FB,50,5
2/7/2020,FB,40,1
3/7/2020,FB,50,0
4/7/2020,FB,50,0
5/7/2020,FB,50,0
6/7/2020,FB,12,2
7/7/2020,FB,50,0
8/7/2020,FB,50,1
9/7/2020,FB,70,3
10/7/2020,FB,50,0
11/7/2020,FB,50,0
12/7/2020,FB,50,0
13/7/2020,FB,50,0
14/7/2020,FB,61,1
15/7/2020,FB,71,2
16/7/2020,FB,40,1
17/7/2020,FB,18,16
18/7/2020,FB,50,0
19/7/2020,FB,50,0
20/7/2020,FB,85,2
21/7/2020,FB,61,1
22/7/2020,FB,50,1
23/7/2020,FB,40,1
24/7/2020,FB,50,0
25/7/2020,FB,50,0
26/7/2020,FB,50,0
27/7/2020,FB,50,3
28/7/2020,FB,86,5
29/7/2020,FB,50,2
30/7/2020,FB,61.75,24
31/7/2020,FB,75.39393939,33
1/8/2020,FB,63,1
2/8/2020,FB,50,0
3/8/2020,FB,50,1
4/8/2020,FB,84.5,2
5/8/2020,FB,48,2
6/8/2020,FB,60.58333333,12
7/8/2020,FB,50,0
8/8/2020,FB,50,0
9/8/2020,FB,50,0
10/8/2020,FB,91,1
11/8/2020,FB,50,0
12/8/2020,FB,50,1
13/8/2020,FB,40,1
14/8/2020,FB,50,0
15/8/2020,FB,50,0
16/8/2020,FB,50,0
17/8/2020,FB,50,1
18/8/2020,FB,22,1
19/8/2020,FB,46.44444444,9
20/8/2020,FB,59.75,4
21/8/2020,FB,42.66666667,6
22/8/2020,FB,50,0
23/8/2020,FB,50,0
24/8/2020,FB,69,7
25/8/2020,FB,62.81818182,11
26/8/2020,FB,64,10
27/8/2020,FB,43.33333333,3
28/8/2020,FB,50,0
29/8/2020,FB,50,0
30/8/2020,FB,50,0
31/8/2020,FB,50,0
1/9/2020,FB,50,1
2/9/2020,FB,48,3
3/9/2020,FB,40,1
4/9/2020,FB,50,0
5/9/2020,FB,50,0
6/9/2020,FB,50,0
7/9/2020,FB,50,0
8/9/2020,FB,50,0
9/9/2020,FB,55.5,2
10/9/2020,FB,40,1
11/9/2020,FB,50,0
12/9/2020,FB,50,0
13/9/2020,FB,50,0
14/9/2020,FB,49,3
15/9/2020,FB,41,12
16/9/2020,FB,61,2
17/9/2020,FB,43.33333333,3
18/9/2020,FB,76.5,2
19/9/2020,FB,50,0
20/9/2020,FB,50,0
21/9/2020,FB,91,2
22/9/2020,FB,86.66666667,3
23/9/2020,FB,50,1
24/9/2020,FB,50.5,2
25/9/2020,FB,50,0
26/9/2020,FB,50,0
27/9/2020,FB,50,0
28/9/2020,FB,50,0
29/9/2020,FB,54,2
30/9/2020,FB,50,1
1/10/2020,FB,40,1
2/10/2020,FB,50,0
3/10/2020,FB,50,2
4/10/2020,FB,50,0
5/10/2020,FB,50,0
6/10/2020,FB,50,0
7/10/2020,FB,48.88888889,9
8/10/2020,FB,43.5,2
9/10/2020,FB,50,0
10/10/2020,FB,50,0
11/10/2020,FB,61,1
12/10/2020,FB,82,3
13/10/2020,FB,50,0
14/10/2020,FB,50,1
15/10/2020,FB,40,1
16/10/2020,FB,50,0
17/10/2020,FB,50,0
18/10/2020,FB,50,0
19/10/2020,FB,50,0
20/10/2020,FB,75.25,4
21/10/2020,FB,50,1
22/10/2020,FB,52,2
23/10/2020,FB,52.66666667,6
24/10/2020,FB,68,1
25/10/2020,FB,50,0
26/10/2020,FB,66,12
27/10/2020,FB,50,0
28/10/2020,FB,63,6
29/10/2020,FB,51.82352941,17
30/10/2020,FB,78.16,25
31/10/2020,FB,50,0
1/11/2020,FB,50,0
2/11/2020,FB,50,0
3/11/2020,FB,50,0
4/11/2020,FB,50,0
5/11/2020,FB,50,0
6/11/2020,FB,50,0
7/11/2020,FB,50,0
8/11/2020,FB,50,0
9/11/2020,FB,50,0
10/11/2020,FB,50,0
11/11/2020,FB,50,0
12/11/2020,FB,50,0
13/11/2020,FB,50,0
14/11/2020,FB,50,0
15/11/2020,FB,50,0
16/11/2020,FB,50,0
17/11/2020,FB,50,0
18/11/2020,FB,50,0
19/11/2020,FB,50,0
20/11/2020,FB,50,0
21/11/2020,FB,50,0
22/11/2020,FB,50,0
23/11/2020,FB,50,0
24/11/2020,FB,50,0
25/11/2020,FB,50,0
26/11/2020,FB,50,0
27/11/2020,FB,50,0
28/11/2020,FB,50,0
29/11/2020,FB,50,0
30/11/2020,FB,50,0
1/12/2020,FB,50,0
2/12/2020,FB,50,0
3/12/2020,FB,50,0
4/12/2020,FB,50,0
5/12/2020,FB,50,0
6/12/2020,FB,50,0
7/12/2020,FB,50,0
8/12/2020,FB,50,0
9/12/2020,FB,50,0
10/12/2020,FB,50,0
11/12/2020,FB,50,0
12/12/2020,FB,50,0
13/12/2020,FB,50,0
14/12/2020,FB,50,0
15/12/2020,FB,50,0
16/12/2020,FB,50,0
17/12/2020,FB,50,0
18/12/2020,FB,50,0
19/12/2020,FB,50,0
20/12/2020,FB,50,0
21/12/2020,FB,50,0
22/12/2020,FB,50,0
23/12/2020,FB,50,0
24/12/2020,FB,50,0
25/12/2020,FB,50,0
26/12/2020,FB,50,0
27/12/2020,FB,50,0
28/12/2020,FB,50,0
29/12/2020,FB,50,0
30/12/2020,FB,50,0
31/12/2020,FB,50,0
1/1/2019,GOOGL,50,0
2/1/2019,GOOGL,40,98
3/1/2019,GOOGL,65.40909091,1078
4/1/2019,GOOGL,61,49
5/1/2019,GOOGL,50,0
6/1/2019,GOOGL,50,0
7/1/2019,GOOGL,85,98
8/1/2019,GOOGL,61,98
9/1/2019,GOOGL,61,147
10/1/2019,GOOGL,22,196
11/1/2019,GOOGL,50,0
12/1/2019,GOOGL,50,0
13/1/2019,GOOGL,50,0
14/1/2019,GOOGL,40,98
15/1/2019,GOOGL,61,49
16/1/2019,GOOGL,50,0
17/1/2019,GOOGL,46,294
18/1/2019,GOOGL,49.33333333,147
19/1/2019,GOOGL,50,0
20/1/2019,GOOGL,50,0
21/1/2019,GOOGL,19,539
22/1/2019,GOOGL,19,49
23/1/2019,GOOGL,51,98
24/1/2019,GOOGL,61,98
25/1/2019,GOOGL,15,49
26/1/2019,GOOGL,50,0
27/1/2019,GOOGL,50,0
28/1/2019,GOOGL,50,0
29/1/2019,GOOGL,43,196
30/1/2019,GOOGL,45.66666667,147
31/1/2019,GOOGL,50,0
1/2/2019,GOOGL,50,0
2/2/2019,GOOGL,50,0
3/2/2019,GOOGL,50,0
4/2/2019,GOOGL,49.88,1225
5/2/2019,GOOGL,52.35714286,1372
6/2/2019,GOOGL,50,0
7/2/2019,GOOGL,50,0
8/2/2019,GOOGL,50,0
9/2/2019,GOOGL,50,0
10/2/2019,GOOGL,50,0
11/2/2019,GOOGL,61,98
12/2/2019,GOOGL,50,0
13/2/2019,GOOGL,55.75,588
14/2/2019,GOOGL,50,0
15/2/2019,GOOGL,50,0
16/2/2019,GOOGL,50,0
17/2/2019,GOOGL,50,0
18/2/2019,GOOGL,50,0
19/2/2019,GOOGL,49,98
20/2/2019,GOOGL,50,0
21/2/2019,GOOGL,50,0
22/2/2019,GOOGL,50,0
23/2/2019,GOOGL,61,98
24/2/2019,GOOGL,50,0
25/2/2019,GOOGL,50,0
26/2/2019,GOOGL,50,0
27/2/2019,GOOGL,37,49
28/2/2019,GOOGL,45,294
1/3/2019,GOOGL,50,0
2/3/2019,GOOGL,50,0
3/3/2019,GOOGL,50,0
4/3/2019,GOOGL,40,98
5/3/2019,GOOGL,46.6,245
6/3/2019,GOOGL,50,0
7/3/2019,GOOGL,61,49
8/3/2019,GOOGL,50,0
9/3/2019,GOOGL,50,0
10/3/2019,GOOGL,50,0
11/3/2019,GOOGL,50,0
12/3/2019,GOOGL,61,49
13/3/2019,GOOGL,50.5,196
14/3/2019,GOOGL,50,0
15/3/2019,GOOGL,18,98
16/3/2019,GOOGL,50,0
17/3/2019,GOOGL,50,0
18/3/2019,GOOGL,50,0
19/3/2019,GOOGL,54.66666667,147
20/3/2019,GOOGL,19.33333333,441
21/3/2019,GOOGL,19,98
22/3/2019,GOOGL,50,0
23/3/2019,GOOGL,50,0
24/3/2019,GOOGL,50,0
25/3/2019,GOOGL,50,0
26/3/2019,GOOGL,62.8,245
27/3/2019,GOOGL,45,294
28/3/2019,GOOGL,37,49
29/3/2019,GOOGL,50,0
30/3/2019,GOOGL,50,0
31/3/2019,GOOGL,50,0
1/4/2019,GOOGL,50,0
2/4/2019,GOOGL,61,98
3/4/2019,GOOGL,47,147
4/4/2019,GOOGL,50.5,98
5/4/2019,GOOGL,50,0
6/4/2019,GOOGL,50,0
7/4/2019,GOOGL,50,0
8/4/2019,GOOGL,69.4,245
9/4/2019,GOOGL,59.9,490
10/4/2019,GOOGL,61.27272727,539
11/4/2019,GOOGL,68.5,98
12/4/2019,GOOGL,22,343
13/4/2019,GOOGL,50,0
14/4/2019,GOOGL,50,0
15/4/2019,GOOGL,50,0
16/4/2019,GOOGL,61,49
17/4/2019,GOOGL,54,49
18/4/2019,GOOGL,65.875,392
19/4/2019,GOOGL,50,0
20/4/2019,GOOGL,50,0
21/4/2019,GOOGL,50,0
22/4/2019,GOOGL,50,0
23/4/2019,GOOGL,61,147
24/4/2019,GOOGL,50,0
25/4/2019,GOOGL,68.66666667,294
26/4/2019,GOOGL,37,147
27/4/2019,GOOGL,50,0
28/4/2019,GOOGL,50,0
29/4/2019,GOOGL,49.22222222,882
30/4/2019,GOOGL,38.2,2450
1/5/2019,GOOGL,44,343
2/5/2019,GOOGL,40,49
3/5/2019,GOOGL,50,0
4/5/2019,GOOGL,50,0
5/5/2019,GOOGL,50,0
6/5/2019,GOOGL,62.5,294
7/5/2019,GOOGL,60.8,490
8/5/2019,GOOGL,59.8,245
9/5/2019,GOOGL,50,0
10/5/2019,GOOGL,36,245
11/5/2019,GOOGL,50,0
12/5/2019,GOOGL,50,0
13/5/2019,GOOGL,69,98
14/5/2019,GOOGL,69,49
15/5/2019,GOOGL,71.6,245
16/5/2019,GOOGL,64,49
17/5/2019,GOOGL,33,98
18/5/2019,GOOGL,50,0
19/5/2019,GOOGL,50,0
20/5/2019,GOOGL,64,98
21/5/2019,GOOGL,59.66666667,147
22/5/2019,GOOGL,35,294
23/5/2019,GOOGL,50,0
24/5/2019,GOOGL,22,49
25/5/2019,GOOGL,50,0
26/5/2019,GOOGL,50,0
27/5/2019,GOOGL,50,0
28/5/2019,GOOGL,57,49
29/5/2019,GOOGL,50.5,196
30/5/2019,GOOGL,55,196
31/5/2019,GOOGL,50,0
1/6/2019,GOOGL,22,147
2/6/2019,GOOGL,22,98
3/6/2019,GOOGL,37,539
4/6/2019,GOOGL,48.4,245
5/6/2019,GOOGL,40,49
6/6/2019,GOOGL,49,735
7/6/2019,GOOGL,72.5,98
8/6/2019,GOOGL,21,49
9/6/2019,GOOGL,50,0
10/6/2019,GOOGL,50,0
11/6/2019,GOOGL,51.33333333,147
12/6/2019,GOOGL,61,147
13/6/2019,GOOGL,50,0
14/6/2019,GOOGL,50,0
15/6/2019,GOOGL,50,0
16/6/2019,GOOGL,50,0
17/6/2019,GOOGL,50,0
18/6/2019,GOOGL,50,0
19/6/2019,GOOGL,50,0
20/6/2019,GOOGL,62.33333333,147
21/6/2019,GOOGL,50,0
22/6/2019,GOOGL,50,0
23/6/2019,GOOGL,50,0
24/6/2019,GOOGL,61,49
25/6/2019,GOOGL,61,49
26/6/2019,GOOGL,61,49
27/6/2019,GOOGL,45,294
28/6/2019,GOOGL,50,0
29/6/2019,GOOGL,50,0
30/6/2019,GOOGL,50,0
1/7/2019,GOOGL,58.4,245
2/7/2019,GOOGL,50,0
3/7/2019,GOOGL,55.75,196
4/7/2019,GOOGL,50,0
5/7/2019,GOOGL,50,0
6/7/2019,GOOGL,50,0
7/7/2019,GOOGL,50,0
8/7/2019,GOOGL,50,0
9/7/2019,GOOGL,58,392
10/7/2019,GOOGL,55.5,196
11/7/2019,GOOGL,50,0
12/7/2019,GOOGL,50,0
13/7/2019,GOOGL,50,0
14/7/2019,GOOGL,50,0
15/7/2019,GOOGL,53.71428571,343
16/7/2019,GOOGL,33,98
17/7/2019,GOOGL,61,49
18/7/2019,GOOGL,50,0
19/7/2019,GOOGL,50,0
20/7/2019,GOOGL,50,0
21/7/2019,GOOGL,50,0
22/7/2019,GOOGL,61.66666667,294
23/7/2019,GOOGL,44.8,245
24/7/2019,GOOGL,43.33333333,294
25/7/2019,GOOGL,60.25,1176
26/7/2019,GOOGL,71.64285714,2058
27/7/2019,GOOGL,50,0
28/7/2019,GOOGL,50,0
29/7/2019,GOOGL,50,0
30/7/2019,GOOGL,61,147
31/7/2019,GOOGL,40,49
1/8/2019,GOOGL,50,0
2/8/2019,GOOGL,49.6,245
3/8/2019,GOOGL,50,0
4/8/2019,GOOGL,50,0
5/8/2019,GOOGL,40,49
6/8/2019,GOOGL,50,196
7/8/2019,GOOGL,61,147
8/8/2019,GOOGL,57,294
9/8/2019,GOOGL,50,0
10/8/2019,GOOGL,50,0
11/8/2019,GOOGL,50,0
12/8/2019,GOOGL,50,0
13/8/2019,GOOGL,50,0
14/8/2019,GOOGL,31.75,196
15/8/2019,GOOGL,50,0
16/8/2019,GOOGL,50,0
17/8/2019,GOOGL,50,0
18/8/2019,GOOGL,50,0
19/8/2019,GOOGL,50,0
20/8/2019,GOOGL,61,147
21/8/2019,GOOGL,60.11111111,441
22/8/2019,GOOGL,50,0
23/8/2019,GOOGL,50,0
24/8/2019,GOOGL,50,0
25/8/2019,GOOGL,50,0
26/8/2019,GOOGL,61,49
27/8/2019,GOOGL,61.33333333,294
28/8/2019,GOOGL,53,147
29/8/2019,GOOGL,61,98
30/8/2019,GOOGL,54.66666667,294
31/8/2019,GOOGL,19,98
1/9/2019,GOOGL,50,0
2/9/2019,GOOGL,50,0
3/9/2019,GOOGL,64,98
4/9/2019,GOOGL,35.27272727,539
5/9/2019,GOOGL,40,196
6/9/2019,GOOGL,40,49
7/9/2019,GOOGL,50,0
8/9/2019,GOOGL,50,0
9/9/2019,GOOGL,50.25,196
10/9/2019,GOOGL,22,98
11/9/2019,GOOGL,50,0
12/9/2019,GOOGL,56.7,490
13/9/2019,GOOGL,50,49
14/9/2019,GOOGL,50,0
15/9/2019,GOOGL,50,0
16/9/2019,GOOGL,50,0
17/9/2019,GOOGL,61,98
18/9/2019,GOOGL,61,98
19/9/2019,GOOGL,71,98
20/9/2019,GOOGL,55,245
21/9/2019,GOOGL,50,0
22/9/2019,GOOGL,50,0
23/9/2019,GOOGL,64,196
24/9/2019,GOOGL,78,490
25/9/2019,GOOGL,50,0
26/9/2019,GOOGL,61,49
27/9/2019,GOOGL,37,147
28/9/2019,GOOGL,37,49
29/9/2019,GOOGL,50,0
30/9/2019,GOOGL,40,49
1/10/2019,GOOGL,54.5,294
2/10/2019,GOOGL,61,49
3/10/2019,GOOGL,40,49
4/10/2019,GOOGL,46,49
5/10/2019,GOOGL,50,0
6/10/2019,GOOGL,50,0
7/10/2019,GOOGL,50,0
8/10/2019,GOOGL,61,49
9/10/2019,GOOGL,50,49
10/10/2019,GOOGL,50,0
11/10/2019,GOOGL,50,0
12/10/2019,GOOGL,50,0
13/10/2019,GOOGL,50,0
14/10/2019,GOOGL,50,0
15/10/2019,GOOGL,64,49
16/10/2019,GOOGL,61,98
17/10/2019,GOOGL,69,98
18/10/2019,GOOGL,50,0
19/10/2019,GOOGL,50,0
20/10/2019,GOOGL,50,0
21/10/2019,GOOGL,50,0
22/10/2019,GOOGL,50,0
23/10/2019,GOOGL,84.5,98
24/10/2019,GOOGL,61,49
25/10/2019,GOOGL,61.2,245
26/10/2019,GOOGL,64,49
27/10/2019,GOOGL,50,0
28/10/2019,GOOGL,30.43478261,1127
29/10/2019,GOOGL,60.83870968,1519
30/10/2019,GOOGL,31,294
31/10/2019,GOOGL,50,0
1/11/2019,GOOGL,49,1274
2/11/2019,GOOGL,49,49
3/11/2019,GOOGL,49,49
4/11/2019,GOOGL,40,98
5/11/2019,GOOGL,40,98
6/11/2019,GOOGL,61,392
7/11/2019,GOOGL,50,0
8/11/2019,GOOGL,57,98
9/11/2019,GOOGL,50,0
10/11/2019,GOOGL,50,0
11/11/2019,GOOGL,61,98
12/11/2019,GOOGL,50,0
13/11/2019,GOOGL,50,98
14/11/2019,GOOGL,57,196
15/11/2019,GOOGL,22,147
16/11/2019,GOOGL,22,49
17/11/2019,GOOGL,50,0
18/11/2019,GOOGL,61,49
19/11/2019,GOOGL,50,0
20/11/2019,GOOGL,62.83333333,294
21/11/2019,GOOGL,61,49
22/11/2019,GOOGL,50,0
23/11/2019,GOOGL,50,0
24/11/2019,GOOGL,50,0
25/11/2019,GOOGL,50,0
26/11/2019,GOOGL,43,49
27/11/2019,GOOGL,37,49
28/11/2019,GOOGL,50,0
29/11/2019,GOOGL,50,0
30/11/2019,GOOGL,50,0
1/12/2019,GOOGL,69,49
2/12/2019,GOOGL,22,98
3/12/2019,GOOGL,49.44444444,1323
4/12/2019,GOOGL,55.22222222,441
5/12/2019,GOOGL,74,392
6/12/2019,GOOGL,50,0
7/12/2019,GOOGL,44,49
8/12/2019,GOOGL,50,0
9/12/2019,GOOGL,54,147
10/12/2019,GOOGL,64,98
11/12/2019,GOOGL,50,147
12/12/2019,GOOGL,50,0
13/12/2019,GOOGL,50,0
14/12/2019,GOOGL,50,0
15/12/2019,GOOGL,50,0
16/12/2019,GOOGL,61.27272727,539
17/12/2019,GOOGL,29.42857143,343
18/12/2019,GOOGL,71,147
19/12/2019,GOOGL,61,147
20/12/2019,GOOGL,26.125,392
21/12/2019,GOOGL,44,98
22/12/2019,GOOGL,50,0
23/12/2019,GOOGL,44,49
24/12/2019,GOOGL,61,49
25/12/2019,GOOGL,50,0
26/12/2019,GOOGL,50,0
27/12/2019,GOOGL,50,0
28/12/2019,GOOGL,50,0
29/12/2019,GOOGL,50,0
30/12/2019,GOOGL,41,245
31/12/2019,GOOGL,50,0
1/1/2020,GOOGL,50,0
2/1/2020,GOOGL,40,98
3/1/2020,GOOGL,60.66666667,147
4/1/2020,GOOGL,50,0
5/1/2020,GOOGL,50,0
6/1/2020,GOOGL,61.54545455,539
7/1/2020,GOOGL,32.71428571,343
8/1/2020,GOOGL,50,0
9/1/2020,GOOGL,63,49
10/1/2020,GOOGL,58.1,490
11/1/2020,GOOGL,61,147
12/1/2020,GOOGL,61,49
13/1/2020,GOOGL,73,196
14/1/2020,GOOGL,60.75,588
15/1/2020,GOOGL,55.5,98
16/1/2020,GOOGL,54,147
17/1/2020,GOOGL,84.5,196
18/1/2020,GOOGL,50,0
19/1/2020,GOOGL,50,0
20/1/2020,GOOGL,69,49
21/1/2020,GOOGL,69.4,245
22/1/2020,GOOGL,61,98
23/1/2020,GOOGL,50,0
24/1/2020,GOOGL,72,343
25/1/2020,GOOGL,50,0
26/1/2020,GOOGL,50,0
27/1/2020,GOOGL,84.5,98
28/1/2020,GOOGL,61,49
29/1/2020,GOOGL,61,196
30/1/2020,GOOGL,65.75,196
31/1/2020,GOOGL,40,147
1/2/2020,GOOGL,50,0
2/2/2020,GOOGL,50,49
3/2/2020,GOOGL,48.65625,1568
4/2/2020,GOOGL,64.59090909,1078
5/2/2020,GOOGL,63,343
6/2/2020,GOOGL,65.5,196
7/2/2020,GOOGL,67.5,196
8/2/2020,GOOGL,50,0
9/2/2020,GOOGL,50,0
10/2/2020,GOOGL,50,0
11/2/2020,GOOGL,47,196
12/2/2020,GOOGL,29,196
13/2/2020,GOOGL,57.75,196
14/2/2020,GOOGL,43,196
15/2/2020,GOOGL,43,98
16/2/2020,GOOGL,50,0
17/2/2020,GOOGL,50,0
18/2/2020,GOOGL,50,0
19/2/2020,GOOGL,50,0
20/2/2020,GOOGL,22,196
21/2/2020,GOOGL,31.75,196
22/2/2020,GOOGL,50,0
23/2/2020,GOOGL,50,0
24/2/2020,GOOGL,61,98
25/2/2020,GOOGL,74,147
26/2/2020,GOOGL,67.4,245
27/2/2020,GOOGL,37,49
28/2/2020,GOOGL,50,0
29/2/2020,GOOGL,50,0
1/3/2020,GOOGL,50,0
2/3/2020,GOOGL,69,98
3/3/2020,GOOGL,50.5,98
4/3/2020,GOOGL,50.5,98
5/3/2020,GOOGL,61,490
6/3/2020,GOOGL,40,49
7/3/2020,GOOGL,50,0
8/3/2020,GOOGL,50,0
9/3/2020,GOOGL,61,294
10/3/2020,GOOGL,61,98
11/3/2020,GOOGL,50,49
12/3/2020,GOOGL,50,0
13/3/2020,GOOGL,50,0
14/3/2020,GOOGL,50,0
15/3/2020,GOOGL,50,0
16/3/2020,GOOGL,40,98
17/3/2020,GOOGL,61,49
18/3/2020,GOOGL,43.5,98
19/3/2020,GOOGL,61,49
20/3/2020,GOOGL,50,0
21/3/2020,GOOGL,50,0
22/3/2020,GOOGL,50,0
23/3/2020,GOOGL,61,196
24/3/2020,GOOGL,61,49
25/3/2020,GOOGL,50,0
26/3/2020,GOOGL,28.25,196
27/3/2020,GOOGL,37,98
28/3/2020,GOOGL,37,49
29/3/2020,GOOGL,50,0
30/3/2020,GOOGL,49.54545455,539
31/3/2020,GOOGL,61,49
1/4/2020,GOOGL,50,0
2/4/2020,GOOGL,50.5,98
3/4/2020,GOOGL,24.5,98
4/4/2020,GOOGL,50,0
5/4/2020,GOOGL,50,0
6/4/2020,GOOGL,61,147
7/4/2020,GOOGL,40,49
8/4/2020,GOOGL,48.25,196
9/4/2020,GOOGL,50,0
10/4/2020,GOOGL,61,245
11/4/2020,GOOGL,61,49
12/4/2020,GOOGL,50,0
13/4/2020,GOOGL,61,49
14/4/2020,GOOGL,50,0
15/4/2020,GOOGL,50,0
16/4/2020,GOOGL,50,0
17/4/2020,GOOGL,39.33333333,294
18/4/2020,GOOGL,50,0
19/4/2020,GOOGL,50,0
20/4/2020,GOOGL,43.5,98
21/4/2020,GOOGL,26.33333333,147
22/4/2020,GOOGL,31.33333333,147
23/4/2020,GOOGL,50,0
24/4/2020,GOOGL,52,196
25/4/2020,GOOGL,50,0
26/4/2020,GOOGL,50,0
27/4/2020,GOOGL,58.25,196
28/4/2020,GOOGL,63.04761905,1029
29/4/2020,GOOGL,75.64444444,2205
30/4/2020,GOOGL,50,0
1/5/2020,GOOGL,50,0
2/5/2020,GOOGL,50,0
3/5/2020,GOOGL,50,0
4/5/2020,GOOGL,54.5,98
5/5/2020,GOOGL,67,343
6/5/2020,GOOGL,48.5,98
7/5/2020,GOOGL,63,196
8/5/2020,GOOGL,50,0
9/5/2020,GOOGL,50,0
10/5/2020,GOOGL,50,0
11/5/2020,GOOGL,50,0
12/5/2020,GOOGL,84.5,98
13/5/2020,GOOGL,50,0
14/5/2020,GOOGL,61,49
15/5/2020,GOOGL,22,245
16/5/2020,GOOGL,22,147
17/5/2020,GOOGL,50,0
18/5/2020,GOOGL,22,147
19/5/2020,GOOGL,50,0
20/5/2020,GOOGL,63.5,294
21/5/2020,GOOGL,61,98
22/5/2020,GOOGL,57,98
23/5/2020,GOOGL,50,0
24/5/2020,GOOGL,50,0
25/5/2020,GOOGL,50,0
26/5/2020,GOOGL,61,98
27/5/2020,GOOGL,50,0
28/5/2020,GOOGL,37,49
29/5/2020,GOOGL,50,0
30/5/2020,GOOGL,50,0
31/5/2020,GOOGL,50,0
1/6/2020,GOOGL,40,49
2/6/2020,GOOGL,50,0
3/6/2020,GOOGL,45.5,196
4/6/2020,GOOGL,61,147
5/6/2020,GOOGL,64,98
6/6/2020,GOOGL,40,49
7/6/2020,GOOGL,50,0
8/6/2020,GOOGL,51.25,196
9/6/2020,GOOGL,59,49
10/6/2020,GOOGL,61,49
11/6/2020,GOOGL,61,49
12/6/2020,GOOGL,50,0
13/6/2020,GOOGL,50,0
14/6/2020,GOOGL,50,0
15/6/2020,GOOGL,61,49
16/6/2020,GOOGL,61,49
17/6/2020,GOOGL,54,196
18/6/2020,GOOGL,50,0
19/6/2020,GOOGL,50,0
20/6/2020,GOOGL,50,0
21/6/2020,GOOGL,50,0
22/6/2020,GOOGL,35.16666667,294
23/6/2020,GOOGL,50,0
24/6/2020,GOOGL,85,98
25/6/2020,GOOGL,50,0
26/6/2020,GOOGL,50,0
27/6/2020,GOOGL,50,0
28/6/2020,GOOGL,50,0
29/6/2020,GOOGL,61,147
30/6/2020,GOOGL,44.4,245
1/7/2020,GOOGL,50,0
2/7/2020,GOOGL,54,147
3/7/2020,GOOGL,57,98
4/7/2020,GOOGL,50,0
5/7/2020,GOOGL,50,0
6/7/2020,GOOGL,50,0
7/7/2020,GOOGL,59.77777778,441
8/7/2020,GOOGL,40,98
9/7/2020,GOOGL,77,147
10/7/2020,GOOGL,50,0
11/7/2020,GOOGL,50,0
12/7/2020,GOOGL,50,0
13/7/2020,GOOGL,61.33333333,735
14/7/2020,GOOGL,59,294
15/7/2020,GOOGL,54.41176471,833
16/7/2020,GOOGL,91.5,98
17/7/2020,GOOGL,50,0
18/7/2020,GOOGL,50,0
19/7/2020,GOOGL,50,0
20/7/2020,GOOGL,73,196
21/7/2020,GOOGL,81.33333333,147
22/7/2020,GOOGL,61,147
23/7/2020,GOOGL,61,147
24/7/2020,GOOGL,50,0
25/7/2020,GOOGL,50,0
26/7/2020,GOOGL,50,0
27/7/2020,GOOGL,91,49
28/7/2020,GOOGL,68.91666667,588
29/7/2020,GOOGL,50,49
30/7/2020,GOOGL,57.20833333,1176
31/7/2020,GOOGL,63.70833333,1176
1/8/2020,GOOGL,50,0
2/8/2020,GOOGL,50,0
3/8/2020,GOOGL,58.58333333,1176
4/8/2020,GOOGL,55.75,196
5/8/2020,GOOGL,36.125,392
6/8/2020,GOOGL,61,49
7/8/2020,GOOGL,50,0
8/8/2020,GOOGL,50,0
9/8/2020,GOOGL,50,0
10/8/2020,GOOGL,62,147
11/8/2020,GOOGL,50,0
12/8/2020,GOOGL,50,0
13/8/2020,GOOGL,69,49
14/8/2020,GOOGL,39.33333333,147
15/8/2020,GOOGL,50,0
16/8/2020,GOOGL,50,0
17/8/2020,GOOGL,50,0
18/8/2020,GOOGL,50,0
19/8/2020,GOOGL,61,196
20/8/2020,GOOGL,50,0
21/8/2020,GOOGL,50,0
22/8/2020,GOOGL,50,0
23/8/2020,GOOGL,50,0
24/8/2020,GOOGL,61,147
25/8/2020,GOOGL,85,98
26/8/2020,GOOGL,37,49
27/8/2020,GOOGL,50,0
28/8/2020,GOOGL,50,0
29/8/2020,GOOGL,50,0
30/8/2020,GOOGL,50,0
31/8/2020,GOOGL,50,0
1/9/2020,GOOGL,50,0
2/9/2020,GOOGL,40,49
3/9/2020,GOOGL,22,49
4/9/2020,GOOGL,50,0
5/9/2020,GOOGL,50,0
6/9/2020,GOOGL,50,0
7/9/2020,GOOGL,50,0
8/9/2020,GOOGL,61,147
9/9/2020,GOOGL,50,0
10/9/2020,GOOGL,40,49
11/9/2020,GOOGL,61,49
12/9/2020,GOOGL,50,0
13/9/2020,GOOGL,50,0
14/9/2020,GOOGL,22,98
15/9/2020,GOOGL,59.33333333,147
16/9/2020,GOOGL,61,49
17/9/2020,GOOGL,61,196
18/9/2020,GOOGL,61,98
19/9/2020,GOOGL,50,0
20/9/2020,GOOGL,50,0
21/9/2020,GOOGL,61,49
22/9/2020,GOOGL,61,147
23/9/2020,GOOGL,50,0
24/9/2020,GOOGL,70,147
25/9/2020,GOOGL,56,490
26/9/2020,GOOGL,56,196
27/9/2020,GOOGL,50,0
28/9/2020,GOOGL,50,0
29/9/2020,GOOGL,59.2,490
30/9/2020,GOOGL,50.44444444,441
1/10/2020,GOOGL,54,147
2/10/2020,GOOGL,50,0
3/10/2020,GOOGL,50,0
4/10/2020,GOOGL,50,0
5/10/2020,GOOGL,40,49
6/10/2020,GOOGL,61,49
7/10/2020,GOOGL,61,49
8/10/2020,GOOGL,50,0
9/10/2020,GOOGL,50,0
10/10/2020,GOOGL,50,0
11/10/2020,GOOGL,50,0
12/10/2020,GOOGL,73.33333333,147
13/10/2020,GOOGL,61,49
14/10/2020,GOOGL,61,441
15/10/2020,GOOGL,50,0
16/10/2020,GOOGL,50,0
17/10/2020,GOOGL,50,0
18/10/2020,GOOGL,50,0
19/10/2020,GOOGL,61,49
20/10/2020,GOOGL,35.29411765,833
21/10/2020,GOOGL,26.33333333,441
22/10/2020,GOOGL,49,245
23/10/2020,GOOGL,50,0
24/10/2020,GOOGL,50,0
25/10/2020,GOOGL,50,0
26/10/2020,GOOGL,50,0
27/10/2020,GOOGL,62.66666667,441
28/10/2020,GOOGL,43.5,98
29/10/2020,GOOGL,61.08333333,1176
30/10/2020,GOOGL,77.46666667,1470
31/10/2020,GOOGL,50,0
1/11/2020,GOOGL,50,0
2/11/2020,GOOGL,50,0
3/11/2020,GOOGL,50,0
4/11/2020,GOOGL,50,0
5/11/2020,GOOGL,50,0
6/11/2020,GOOGL,50,0
7/11/2020,GOOGL,50,0
8/11/2020,GOOGL,50,0
9/11/2020,GOOGL,50,0
10/11/2020,GOOGL,50,0
11/11/2020,GOOGL,50,0
12/11/2020,GOOGL,50,0
13/11/2020,GOOGL,50,0
14/11/2020,GOOGL,50,0
15/11/2020,GOOGL,50,0
16/11/2020,GOOGL,50,0
17/11/2020,GOOGL,50,0
18/11/2020,GOOGL,50,0
19/11/2020,GOOGL,50,0
20/11/2020,GOOGL,50,0
21/11/2020,GOOGL,50,0
22/11/2020,GOOGL,50,0
23/11/2020,GOOGL,50,0
24/11/2020,GOOGL,50,0
25/11/2020,GOOGL,50,0
26/11/2020,GOOGL,50,0
27/11/2020,GOOGL,50,0
28/11/2020,GOOGL,50,0
29/11/2020,GOOGL,50,0
30/11/2020,GOOGL,50,0
1/12/2020,GOOGL,50,0
2/12/2020,GOOGL,50,0
3/12/2020,GOOGL,50,0
4/12/2020,GOOGL,50,0
5/12/2020,GOOGL,50,0
6/12/2020,GOOGL,50,0
7/12/2020,GOOGL,50,0
8/12/2020,GOOGL,50,0
9/12/2020,GOOGL,50,0
10/12/2020,GOOGL,50,0
11/12/2020,GOOGL,50,0
12/12/2020,GOOGL,50,0
13/12/2020,GOOGL,50,0
14/12/2020,GOOGL,50,0
15/12/2020,GOOGL,50,0
16/12/2020,GOOGL,50,0
17/12/2020,GOOGL,50,0
18/12/2020,GOOGL,50,0
19/12/2020,GOOGL,50,0
20/12/2020,GOOGL,50,0
21/12/2020,GOOGL,50,0
22/12/2020,GOOGL,50,0
23/12/2020,GOOGL,50,0
24/12/2020,GOOGL,50,0
25/12/2020,GOOGL,50,0
26/12/2020,GOOGL,50,0
27/12/2020,GOOGL,50,0
28/12/2020,GOOGL,50,0
29/12/2020,GOOGL,50,0
30/12/2020,GOOGL,50,0
31/12/2020,GOOGL,50,0
1/1/2019,NFLX,54,2
2/1/2019,NFLX,45.71428571,21
3/1/2019,NFLX,40,1
4/1/2019,NFLX,63,13
5/1/2019,NFLX,51.5,2
6/1/2019,NFLX,51.5,2
7/1/2019,NFLX,50.5,4
8/1/2019,NFLX,50,0
9/1/2019,NFLX,50,0
10/1/2019,NFLX,50,0
11/1/2019,NFLX,55.95652174,23
12/1/2019,NFLX,50,0
13/1/2019,NFLX,50,0
14/1/2019,NFLX,34,4
15/1/2019,NFLX,59.14285714,14
16/1/2019,NFLX,53.125,8
17/1/2019,NFLX,52,26
18/1/2019,NFLX,63.97560976,41
19/1/2019,NFLX,40,2
20/1/2019,NFLX,40,1
21/1/2019,NFLX,50,1
22/1/2019,NFLX,50,0
23/1/2019,NFLX,40,2
24/1/2019,NFLX,40,2
25/1/2019,NFLX,50,0
26/1/2019,NFLX,40,1
27/1/2019,NFLX,50,0
28/1/2019,NFLX,50,0
29/1/2019,NFLX,50,1
30/1/2019,NFLX,50,1
31/1/2019,NFLX,50,1
1/2/2019,NFLX,50,0
2/2/2019,NFLX,50,0
3/2/2019,NFLX,50,0
4/2/2019,NFLX,50,0
5/2/2019,NFLX,50,0
6/2/2019,NFLX,50,0
7/2/2019,NFLX,50,0
8/2/2019,NFLX,48,2
9/2/2019,NFLX,50,0
10/2/2019,NFLX,50,0
11/2/2019,NFLX,50,0
12/2/2019,NFLX,50,0
13/2/2019,NFLX,65,1
14/2/2019,NFLX,50,0
15/2/2019,NFLX,40,1
16/2/2019,NFLX,40,1
17/2/2019,NFLX,50,0
18/2/2019,NFLX,50,0
19/2/2019,NFLX,50,0
20/2/2019,NFLX,51.5,2
21/2/2019,NFLX,50,0
22/2/2019,NFLX,50,0
23/2/2019,NFLX,50,0
24/2/2019,NFLX,50,0
25/2/2019,NFLX,50,0
26/2/2019,NFLX,51.5,2
27/2/2019,NFLX,50,0
28/2/2019,NFLX,50,0
1/3/2019,NFLX,50,0
2/3/2019,NFLX,50,0
3/3/2019,NFLX,50,0
4/3/2019,NFLX,50,0
5/3/2019,NFLX,50,0
6/3/2019,NFLX,50,0
7/3/2019,NFLX,44,2
8/3/2019,NFLX,40.8,5
9/3/2019,NFLX,50,0
10/3/2019,NFLX,50,0
11/3/2019,NFLX,50,0
12/3/2019,NFLX,50,0
13/3/2019,NFLX,50,0
14/3/2019,NFLX,50,2
15/3/2019,NFLX,50,0
16/3/2019,NFLX,50,0
17/3/2019,NFLX,50,0
18/3/2019,NFLX,50,0
19/3/2019,NFLX,50,0
20/3/2019,NFLX,50,0
21/3/2019,NFLX,50,0
22/3/2019,NFLX,40,1
23/3/2019,NFLX,50,0
24/3/2019,NFLX,50,0
25/3/2019,NFLX,63,4
26/3/2019,NFLX,50,0
27/3/2019,NFLX,57,2
28/3/2019,NFLX,50,0
29/3/2019,NFLX,50,0
30/3/2019,NFLX,50,0
31/3/2019,NFLX,50,0
1/4/2019,NFLX,50,0
2/4/2019,NFLX,50.5,2
3/4/2019,NFLX,54,1
4/4/2019,NFLX,50,0
5/4/2019,NFLX,50,0
6/4/2019,NFLX,50,0
7/4/2019,NFLX,50,0
8/4/2019,NFLX,50,0
9/4/2019,NFLX,50,0
10/4/2019,NFLX,50,0
11/4/2019,NFLX,50,0
12/4/2019,NFLX,46.83333333,6
13/4/2019,NFLX,50,0
14/4/2019,NFLX,50,0
15/4/2019,NFLX,50,1
16/4/2019,NFLX,58.6,20
17/4/2019,NFLX,62.18181818,22
18/4/2019,NFLX,56.66666667,3
19/4/2019,NFLX,50,0
20/4/2019,NFLX,50,0
21/4/2019,NFLX,50,0
22/4/2019,NFLX,50,1
23/4/2019,NFLX,44,9
24/4/2019,NFLX,50,7
25/4/2019,NFLX,50,0
26/4/2019,NFLX,56.4,5
27/4/2019,NFLX,50,0
28/4/2019,NFLX,50,0
29/4/2019,NFLX,50,0
30/4/2019,NFLX,50,0
1/5/2019,NFLX,50,0
2/5/2019,NFLX,50,0
3/5/2019,NFLX,50,0
4/5/2019,NFLX,50,0
5/5/2019,NFLX,50,0
6/5/2019,NFLX,50,0
7/5/2019,NFLX,50,1
8/5/2019,NFLX,50,0
9/5/2019,NFLX,50,0
10/5/2019,NFLX,50,0
11/5/2019,NFLX,50,0
12/5/2019,NFLX,61,2
13/5/2019,NFLX,50,0
14/5/2019,NFLX,50,0
15/5/2019,NFLX,50,0
16/5/2019,NFLX,50,0
17/5/2019,NFLX,50,0
18/5/2019,NFLX,50,0
19/5/2019,NFLX,50,0
20/5/2019,NFLX,50,0
21/5/2019,NFLX,50,0
22/5/2019,NFLX,40,1
23/5/2019,NFLX,50,0
24/5/2019,NFLX,50,0
25/5/2019,NFLX,50,0
26/5/2019,NFLX,50,0
27/5/2019,NFLX,50,0
28/5/2019,NFLX,50,0
29/5/2019,NFLX,50,0
30/5/2019,NFLX,50,0
31/5/2019,NFLX,78,1
1/6/2019,NFLX,50,0
2/6/2019,NFLX,50,0
3/6/2019,NFLX,50,0
4/6/2019,NFLX,72.5,4
5/6/2019,NFLX,50,0
6/6/2019,NFLX,50,0
7/6/2019,NFLX,50,0
8/6/2019,NFLX,50,0
9/6/2019,NFLX,50,0
10/6/2019,NFLX,50,0
11/6/2019,NFLX,50,0
12/6/2019,NFLX,50,0
13/6/2019,NFLX,50,0
14/6/2019,NFLX,50,3
15/6/2019,NFLX,50,0
16/6/2019,NFLX,50,0
17/6/2019,NFLX,63,1
18/6/2019,NFLX,50,0
19/6/2019,NFLX,50,0
20/6/2019,NFLX,50,0
21/6/2019,NFLX,62,2
22/6/2019,NFLX,50,0
23/6/2019,NFLX,50,0
24/6/2019,NFLX,50,0
25/6/2019,NFLX,40,1
26/6/2019,NFLX,50,0
27/6/2019,NFLX,50,0
28/6/2019,NFLX,50,0
29/6/2019,NFLX,50,0
30/6/2019,NFLX,50,0
1/7/2019,NFLX,50,0
2/7/2019,NFLX,50,0
3/7/2019,NFLX,63,1
4/7/2019,NFLX,40,1
5/7/2019,NFLX,50,0
6/7/2019,NFLX,50,0
7/7/2019,NFLX,50,0
8/7/2019,NFLX,50,0
9/7/2019,NFLX,58.66666667,3
10/7/2019,NFLX,50,0
11/7/2019,NFLX,50,0
12/7/2019,NFLX,56,10
13/7/2019,NFLX,68,1
14/7/2019,NFLX,68,1
15/7/2019,NFLX,68,2
16/7/2019,NFLX,62,3
17/7/2019,NFLX,50.79411765,34
18/7/2019,NFLX,41.36666667,30
19/7/2019,NFLX,31,2
20/7/2019,NFLX,31,2
21/7/2019,NFLX,45,2
22/7/2019,NFLX,22,2
23/7/2019,NFLX,28,3
24/7/2019,NFLX,28.33333333,3
25/7/2019,NFLX,50,0
26/7/2019,NFLX,50,0
27/7/2019,NFLX,50,0
28/7/2019,NFLX,50,0
29/7/2019,NFLX,22,1
30/7/2019,NFLX,50,0
31/7/2019,NFLX,41.5,4
1/8/2019,NFLX,30.66666667,3
2/8/2019,NFLX,48,1
3/8/2019,NFLX,50,0
4/8/2019,NFLX,50,0
5/8/2019,NFLX,22,1
6/8/2019,NFLX,22,1
7/8/2019,NFLX,50,0
8/8/2019,NFLX,50,0
9/8/2019,NFLX,61,1
10/8/2019,NFLX,50,0
11/8/2019,NFLX,50,0
12/8/2019,NFLX,22,1
13/8/2019,NFLX,50,0
14/8/2019,NFLX,50,0
15/8/2019,NFLX,50,0
16/8/2019,NFLX,50,0
17/8/2019,NFLX,50,0
18/8/2019,NFLX,50,0
19/8/2019,NFLX,22,1
20/8/2019,NFLX,50,0
21/8/2019,NFLX,26.66666667,3
22/8/2019,NFLX,50,0
23/8/2019,NFLX,69,2
24/8/2019,NFLX,50,0
25/8/2019,NFLX,50,0
26/8/2019,NFLX,22,1
27/8/2019,NFLX,50,0
28/8/2019,NFLX,50,0
29/8/2019,NFLX,49.33333333,3
30/8/2019,NFLX,50,0
31/8/2019,NFLX,50,0
1/9/2019,NFLX,50,0
2/9/2019,NFLX,22,1
3/9/2019,NFLX,50,0
4/9/2019,NFLX,50,0
5/9/2019,NFLX,50,0
6/9/2019,NFLX,82,2
7/9/2019,NFLX,50,0
8/9/2019,NFLX,50,0
9/9/2019,NFLX,22,1
10/9/2019,NFLX,50,0
11/9/2019,NFLX,50,0
12/9/2019,NFLX,50,0
13/9/2019,NFLX,50,0
14/9/2019,NFLX,50,0
15/9/2019,NFLX,22,1
16/9/2019,NFLX,50,2
17/9/2019,NFLX,69,2
18/9/2019,NFLX,50,0
19/9/2019,NFLX,50,0
20/9/2019,NFLX,35.5,4
21/9/2019,NFLX,50,0
22/9/2019,NFLX,50,0
23/9/2019,NFLX,40,2
24/9/2019,NFLX,39.41666667,12
25/9/2019,NFLX,57.25,4
26/9/2019,NFLX,50,0
27/9/2019,NFLX,50,0
28/9/2019,NFLX,50,0
29/9/2019,NFLX,50,0
30/9/2019,NFLX,50,0
1/10/2019,NFLX,50,0
2/10/2019,NFLX,47.66666667,3
3/10/2019,NFLX,50,0
4/10/2019,NFLX,63,1
5/10/2019,NFLX,50,0
6/10/2019,NFLX,50,0
7/10/2019,NFLX,23.14285714,7
8/10/2019,NFLX,50,0
9/10/2019,NFLX,30.6,5
10/10/2019,NFLX,44,10
11/10/2019,NFLX,47.6,5
12/10/2019,NFLX,40,3
13/10/2019,NFLX,40,2
14/10/2019,NFLX,40.14285714,7
15/10/2019,NFLX,50,0
16/10/2019,NFLX,58.60714286,28
17/10/2019,NFLX,48.61111111,36
18/10/2019,NFLX,63,1
19/10/2019,NFLX,50,0
20/10/2019,NFLX,50,0
21/10/2019,NFLX,44.4,5
22/10/2019,NFLX,50,6
23/10/2019,NFLX,51.33333333,3
24/10/2019,NFLX,50,0
25/10/2019,NFLX,50,0
26/10/2019,NFLX,52,1
27/10/2019,NFLX,50,0
28/10/2019,NFLX,42.8,5
29/10/2019,NFLX,50,0
30/10/2019,NFLX,63,4
31/10/2019,NFLX,64,1
1/11/2019,NFLX,61.66666667,3
2/11/2019,NFLX,64,1
3/11/2019,NFLX,64,1
4/11/2019,NFLX,64,1
5/11/2019,NFLX,55.66666667,3
6/11/2019,NFLX,63,2
7/11/2019,NFLX,50,0
8/11/2019,NFLX,50,0
9/11/2019,NFLX,63,2
10/11/2019,NFLX,50,0
11/11/2019,NFLX,50,0
12/11/2019,NFLX,50,0
13/11/2019,NFLX,40,2
14/11/2019,NFLX,69,2
15/11/2019,NFLX,50,0
16/11/2019,NFLX,50,0
17/11/2019,NFLX,50,0
18/11/2019,NFLX,61,2
19/11/2019,NFLX,50,0
20/11/2019,NFLX,50,0
21/11/2019,NFLX,50,0
22/11/2019,NFLX,50,0
23/11/2019,NFLX,50,0
24/11/2019,NFLX,50,0
25/11/2019,NFLX,28.25,4
26/11/2019,NFLX,50,0
27/11/2019,NFLX,40,1
28/11/2019,NFLX,50,0
29/11/2019,NFLX,50,0
30/11/2019,NFLX,50,0
1/12/2019,NFLX,50,0
2/12/2019,NFLX,40,3
3/12/2019,NFLX,35,7
4/12/2019,NFLX,50,0
5/12/2019,NFLX,50,0
6/12/2019,NFLX,50,0
7/12/2019,NFLX,50,0
8/12/2019,NFLX,50,0
9/12/2019,NFLX,50,0
10/12/2019,NFLX,32,4
11/12/2019,NFLX,50,1
12/12/2019,NFLX,50,0
13/12/2019,NFLX,50,2
14/12/2019,NFLX,50,0
15/12/2019,NFLX,50,0
16/12/2019,NFLX,50,0
17/12/2019,NFLX,63,1
18/12/2019,NFLX,63,3
19/12/2019,NFLX,80.5,2
20/12/2019,NFLX,50,0
21/12/2019,NFLX,50,0
22/12/2019,NFLX,50,0
23/12/2019,NFLX,50,0
24/12/2019,NFLX,50,0
25/12/2019,NFLX,50,0
26/12/2019,NFLX,40,1
27/12/2019,NFLX,50,0
28/12/2019,NFLX,50,0
29/12/2019,NFLX,50,0
30/12/2019,NFLX,50,0
31/12/2019,NFLX,50,0
1/1/2020,NFLX,50,0
2/1/2020,NFLX,50,0
3/1/2020,NFLX,50,0
4/1/2020,NFLX,50,0
5/1/2020,NFLX,50,0
6/1/2020,NFLX,50,0
7/1/2020,NFLX,50,0
8/1/2020,NFLX,63,2
9/1/2020,NFLX,50,0
10/1/2020,NFLX,50,0
11/1/2020,NFLX,50,0
12/1/2020,NFLX,50,0
13/1/2020,NFLX,50,0
14/1/2020,NFLX,50,0
15/1/2020,NFLX,50,0
16/1/2020,NFLX,50,0
17/1/2020,NFLX,72.66666667,3
18/1/2020,NFLX,50,0
19/1/2020,NFLX,50,0
20/1/2020,NFLX,50,0
21/1/2020,NFLX,56.63636364,22
22/1/2020,NFLX,57.8125,16
23/1/2020,NFLX,62.625,8
24/1/2020,NFLX,50,0
25/1/2020,NFLX,50,0
26/1/2020,NFLX,50,0
27/1/2020,NFLX,68.5,2
28/1/2020,NFLX,50,0
29/1/2020,NFLX,50,0
30/1/2020,NFLX,50,0
31/1/2020,NFLX,50,0
1/2/2020,NFLX,50,0
2/2/2020,NFLX,50,0
3/2/2020,NFLX,50,0
4/2/2020,NFLX,50,0
5/2/2020,NFLX,63,4
6/2/2020,NFLX,50,0
7/2/2020,NFLX,57,1
8/2/2020,NFLX,50,0
9/2/2020,NFLX,50,0
10/2/2020,NFLX,61,5
11/2/2020,NFLX,50,0
12/2/2020,NFLX,40,1
13/2/2020,NFLX,50,0
14/2/2020,NFLX,50,0
15/2/2020,NFLX,50,0
16/2/2020,NFLX,50,0
17/2/2020,NFLX,50,0
18/2/2020,NFLX,50,0
19/2/2020,NFLX,50,0
20/2/2020,NFLX,50,0
21/2/2020,NFLX,40,1
22/2/2020,NFLX,50,0
23/2/2020,NFLX,50,0
24/2/2020,NFLX,50,0
25/2/2020,NFLX,50,0
26/2/2020,NFLX,50,0
27/2/2020,NFLX,50,0
28/2/2020,NFLX,50,2
29/2/2020,NFLX,50,0
1/3/2020,NFLX,50,0
2/3/2020,NFLX,50,0
3/3/2020,NFLX,50,0
4/3/2020,NFLX,47.33333333,3
5/3/2020,NFLX,50,0
6/3/2020,NFLX,50,0
7/3/2020,NFLX,50,0
8/3/2020,NFLX,50,0
9/3/2020,NFLX,57,1
10/3/2020,NFLX,50,0
11/3/2020,NFLX,50,0
12/3/2020,NFLX,50,0
13/3/2020,NFLX,50,0
14/3/2020,NFLX,50,0
15/3/2020,NFLX,50,0
16/3/2020,NFLX,61,1
17/3/2020,NFLX,50,0
18/3/2020,NFLX,22,2
19/3/2020,NFLX,63,2
20/3/2020,NFLX,50,2
21/3/2020,NFLX,50,0
22/3/2020,NFLX,50,0
23/3/2020,NFLX,74,4
24/3/2020,NFLX,40,1
25/3/2020,NFLX,50,0
26/3/2020,NFLX,50,0
27/3/2020,NFLX,50,0
28/3/2020,NFLX,50,0
29/3/2020,NFLX,50,0
30/3/2020,NFLX,50,0
31/3/2020,NFLX,50,0
1/4/2020,NFLX,72.75,8
2/4/2020,NFLX,50,0
3/4/2020,NFLX,50,0
4/4/2020,NFLX,50,0
5/4/2020,NFLX,50,0
6/4/2020,NFLX,50,0
7/4/2020,NFLX,50,0
8/4/2020,NFLX,57,1
9/4/2020,NFLX,50,0
10/4/2020,NFLX,50,0
11/4/2020,NFLX,50,0
12/4/2020,NFLX,50,0
13/4/2020,NFLX,63,1
14/4/2020,NFLX,78.33333333,6
15/4/2020,NFLX,76.2,10
16/4/2020,NFLX,79.71428571,7
17/4/2020,NFLX,55,4
18/4/2020,NFLX,50,0
19/4/2020,NFLX,50,0
20/4/2020,NFLX,45,2
21/4/2020,NFLX,53.89473684,19
22/4/2020,NFLX,67.5,44
23/4/2020,NFLX,76.09090909,11
24/4/2020,NFLX,50,0
25/4/2020,NFLX,50,0
26/4/2020,NFLX,50,0
27/4/2020,NFLX,40,3
28/4/2020,NFLX,50,0
29/4/2020,NFLX,50,0
30/4/2020,NFLX,50,0
1/5/2020,NFLX,50,0
2/5/2020,NFLX,50,0
3/5/2020,NFLX,50,0
4/5/2020,NFLX,50,0
5/5/2020,NFLX,50,0
6/5/2020,NFLX,50,0
7/5/2020,NFLX,50,0
8/5/2020,NFLX,57,1
9/5/2020,NFLX,50,0
10/5/2020,NFLX,50,0
11/5/2020,NFLX,50,0
12/5/2020,NFLX,50,0
13/5/2020,NFLX,50,0
14/5/2020,NFLX,64,2
15/5/2020,NFLX,47.66666667,3
16/5/2020,NFLX,50,0
17/5/2020,NFLX,50,0
18/5/2020,NFLX,50,0
19/5/2020,NFLX,50,0
20/5/2020,NFLX,50,0
21/5/2020,NFLX,61.33333333,3
22/5/2020,NFLX,40,2
23/5/2020,NFLX,50,0
24/5/2020,NFLX,50,0
25/5/2020,NFLX,50,0
26/5/2020,NFLX,40,5
27/5/2020,NFLX,47.66666667,3
28/5/2020,NFLX,40,1
29/5/2020,NFLX,63,1
30/5/2020,NFLX,50,0
31/5/2020,NFLX,50,0
1/6/2020,NFLX,50,0
2/6/2020,NFLX,50,0
3/6/2020,NFLX,50,0
4/6/2020,NFLX,50,0
5/6/2020,NFLX,50,0
6/6/2020,NFLX,50,0
7/6/2020,NFLX,50,0
8/6/2020,NFLX,50,0
9/6/2020,NFLX,57,1
10/6/2020,NFLX,50,0
11/6/2020,NFLX,50,0
12/6/2020,NFLX,50,0
13/6/2020,NFLX,50,0
14/6/2020,NFLX,50,0
15/6/2020,NFLX,54.33333333,3
16/6/2020,NFLX,50,0
17/6/2020,NFLX,50,0
18/6/2020,NFLX,68,2
19/6/2020,NFLX,50,0
20/6/2020,NFLX,50,0
21/6/2020,NFLX,50,0
22/6/2020,NFLX,63,1
23/6/2020,NFLX,63,2
24/6/2020,NFLX,40,1
25/6/2020,NFLX,50,0
26/6/2020,NFLX,50,0
27/6/2020,NFLX,50,0
28/6/2020,NFLX,50,0
29/6/2020,NFLX,50,0
30/6/2020,NFLX,55,2
1/7/2020,NFLX,50,0
2/7/2020,NFLX,50,0
3/7/2020,NFLX,50,0
4/7/2020,NFLX,50,0
5/7/2020,NFLX,50,0
6/7/2020,NFLX,41,4
7/7/2020,NFLX,75.66666667,3
8/7/2020,NFLX,66,2
9/7/2020,NFLX,50,0
10/7/2020,NFLX,70.33333333,9
11/7/2020,NFLX,50,0
12/7/2020,NFLX,50,0
13/7/2020,NFLX,70.66666667,9
14/7/2020,NFLX,52.8,10
15/7/2020,NFLX,78,4
16/7/2020,NFLX,49.55172414,29
17/7/2020,NFLX,58.92307692,39
18/7/2020,NFLX,50,0
19/7/2020,NFLX,50,0
20/7/2020,NFLX,40,1
21/7/2020,NFLX,50,1
22/7/2020,NFLX,40,1
23/7/2020,NFLX,50,0
24/7/2020,NFLX,50,0
25/7/2020,NFLX,50,0
26/7/2020,NFLX,50,0
27/7/2020,NFLX,50,0
28/7/2020,NFLX,59.25,4
29/7/2020,NFLX,50,0
30/7/2020,NFLX,50,0
31/7/2020,NFLX,50,0
1/8/2020,NFLX,50,0
2/8/2020,NFLX,50,0
3/8/2020,NFLX,50,0
4/8/2020,NFLX,50,0
5/8/2020,NFLX,40,1
6/8/2020,NFLX,40,1
7/8/2020,NFLX,50,0
8/8/2020,NFLX,50,0
9/8/2020,NFLX,50,0
10/8/2020,NFLX,45.66666667,3
11/8/2020,NFLX,40,1
12/8/2020,NFLX,50,0
13/8/2020,NFLX,40,1
14/8/2020,NFLX,22,3
15/8/2020,NFLX,50,0
16/8/2020,NFLX,50,0
17/8/2020,NFLX,40,1
18/8/2020,NFLX,50,0
19/8/2020,NFLX,40,2
20/8/2020,NFLX,50,0
21/8/2020,NFLX,40,2
22/8/2020,NFLX,50,0
23/8/2020,NFLX,50,0
24/8/2020,NFLX,50,0
25/8/2020,NFLX,40,1
26/8/2020,NFLX,63,3
27/8/2020,NFLX,40,1
28/8/2020,NFLX,50,0
29/8/2020,NFLX,50,0
30/8/2020,NFLX,50,0
31/8/2020,NFLX,50,0
1/9/2020,NFLX,50,0
2/9/2020,NFLX,50,0
3/9/2020,NFLX,50,0
4/9/2020,NFLX,40,1
5/9/2020,NFLX,50,0
6/9/2020,NFLX,50,0
7/9/2020,NFLX,50,0
8/9/2020,NFLX,80.66666667,3
9/9/2020,NFLX,51.45454545,11
10/9/2020,NFLX,50,0
11/9/2020,NFLX,50,0
12/9/2020,NFLX,50,0
13/9/2020,NFLX,50,0
14/9/2020,NFLX,50,0
15/9/2020,NFLX,57,4
16/9/2020,NFLX,50,0
17/9/2020,NFLX,50,0
18/9/2020,NFLX,50,0
19/9/2020,NFLX,50,0
20/9/2020,NFLX,50,0
21/9/2020,NFLX,50,0
22/9/2020,NFLX,40,1
23/9/2020,NFLX,50,0
24/9/2020,NFLX,50,0
25/9/2020,NFLX,50,0
26/9/2020,NFLX,50,0
27/9/2020,NFLX,50,0
28/9/2020,NFLX,79.25,4
29/9/2020,NFLX,50,0
30/9/2020,NFLX,50,0
1/10/2020,NFLX,50,0
2/10/2020,NFLX,50,0
3/10/2020,NFLX,50,0
4/10/2020,NFLX,50,0
5/10/2020,NFLX,50,0
6/10/2020,NFLX,50,0
7/10/2020,NFLX,76,5
8/10/2020,NFLX,50,0
9/10/2020,NFLX,50,0
10/10/2020,NFLX,50,0
11/10/2020,NFLX,50,0
12/10/2020,NFLX,50,0
13/10/2020,NFLX,50,0
14/10/2020,NFLX,63,2
15/10/2020,NFLX,82.25,8
16/10/2020,NFLX,79.85714286,7
17/10/2020,NFLX,50,0
18/10/2020,NFLX,50,0
19/10/2020,NFLX,57,1
20/10/2020,NFLX,46.34782609,23
21/10/2020,NFLX,54.61904762,21
22/10/2020,NFLX,50,0
23/10/2020,NFLX,50,0
24/10/2020,NFLX,50,0
25/10/2020,NFLX,50,0
26/10/2020,NFLX,50,0
27/10/2020,NFLX,50,0
28/10/2020,NFLX,50,0
29/10/2020,NFLX,57.54545455,11
30/10/2020,NFLX,51,4
31/10/2020,NFLX,50,0
1/11/2020,NFLX,50,0
2/11/2020,NFLX,50,0
3/11/2020,NFLX,50,0
4/11/2020,NFLX,50,0
5/11/2020,NFLX,50,0
6/11/2020,NFLX,50,0
7/11/2020,NFLX,50,0
8/11/2020,NFLX,50,0
9/11/2020,NFLX,50,0
10/11/2020,NFLX,50,0
11/11/2020,NFLX,50,0
12/11/2020,NFLX,50,0
13/11/2020,NFLX,50,0
14/11/2020,NFLX,50,0
15/11/2020,NFLX,50,0
16/11/2020,NFLX,50,0
17/11/2020,NFLX,50,0
18/11/2020,NFLX,50,0
19/11/2020,NFLX,50,0
20/11/2020,NFLX,50,0
21/11/2020,NFLX,50,0
22/11/2020,NFLX,50,0
23/11/2020,NFLX,50,0
24/11/2020,NFLX,50,0
25/11/2020,NFLX,50,0
26/11/2020,NFLX,50,0
27/11/2020,NFLX,50,0
28/11/2020,NFLX,50,0
29/11/2020,NFLX,50,0
30/11/2020,NFLX,50,0
1/12/2020,NFLX,50,0
2/12/2020,NFLX,50,0
3/12/2020,NFLX,50,0
4/12/2020,NFLX,50,0
5/12/2020,NFLX,50,0
6/12/2020,NFLX,50,0
7/12/2020,NFLX,50,0
8/12/2020,NFLX,50,0
9/12/2020,NFLX,50,0
10/12/2020,NFLX,50,0
11/12/2020,NFLX,50,0
12/12/2020,NFLX,50,0
13/12/2020,NFLX,50,0
14/12/2020,NFLX,50,0
15/12/2020,NFLX,50,0
16/12/2020,NFLX,50,0
17/12/2020,NFLX,50,0
18/12/2020,NFLX,50,0
19/12/2020,NFLX,50,0
20/12/2020,NFLX,50,0
21/12/2020,NFLX,50,0
22/12/2020,NFLX,50,0
23/12/2020,NFLX,50,0
24/12/2020,NFLX,50,0
25/12/2020,NFLX,50,0
26/12/2020,NFLX,50,0
27/12/2020,NFLX,50,0
28/12/2020,NFLX,50,0
29/12/2020,NFLX,50,0
30/12/2020,NFLX,50,0
31/12/2020,NFLX,50,0
