"","ticker","date","twtrmentions","twtrsentiment"
"1","AAPL",2020-01-01,362,0.419889502762431
"2","AAPL",2020-01-02,1623,0.438693776956254
"3","AAPL",2020-01-03,1338,0.242152466367713
"4","AAPL",2020-01-04,355,0.36056338028169
"5","AAPL",2020-01-05,383,0.281984334203655
"6","AAPL",2020-01-06,1090,0.246788990825688
"7","AAPL",2020-01-07,915,0.263387978142076
"8","AAPL",2020-01-08,1063,0.322671683913452
"9","AAPL",2020-01-09,1494,0.332663989290495
"10","AAPL",2020-01-10,1164,0.319587628865979
"11","AAPL",2020-01-11,401,0.354114713216958
"12","AAPL",2020-01-12,381,0.341207349081365
"13","AAPL",2020-01-13,1140,0.334210526315789
"14","AAPL",2020-01-14,1305,0.304214559386973
"15","AAPL",2020-01-15,1131,0.21131741821397
"16","AAPL",2020-01-16,926,0.296976241900648
"17","AAPL",2020-01-17,1153,0.392020815264527
"18","AAPL",2020-01-18,412,0.351941747572816
"19","AAPL",2020-01-19,312,0.330128205128205
"20","AAPL",2020-01-20,421,0.413301662707838
"21","AAPL",2020-01-21,851,0.246768507638073
"22","AAPL",2020-01-22,981,0.269113149847095
"23","AAPL",2020-01-23,934,0.313704496788009
"24","AAPL",2020-01-24,1301,0.225211375864719
"25","AAPL",2020-01-25,382,0.31151832460733
"26","AAPL",2020-01-26,388,0.231958762886598
"27","AAPL",2020-01-27,1140,0.165789473684211
"28","AAPL",2020-01-28,3315,0.328808446455505
"29","AAPL",2020-01-29,2377,0.323937736642827
"30","AAPL",2020-01-30,1144,0.312062937062937
"31","AAPL",2020-01-31,1154,0.273830155979203
"32","AAPL",2020-02-01,640,0.134375
"33","AAPL",2020-02-02,443,0.106094808126411
"34","AAPL",2020-02-03,1037,0.189971070395371
"35","AAPL",2020-02-04,1029,0.30709426627794
"36","AAPL",2020-02-05,806,0.186104218362283
"37","AAPL",2020-02-06,910,0.313186813186813
"38","AAPL",2020-02-07,857,0.161026837806301
"39","AAPL",2020-02-08,350,0.134285714285714
"40","AAPL",2020-02-09,347,0.0720461095100865
"41","AAPL",2020-02-10,1050,0.163809523809524
"42","AAPL",2020-02-11,999,0.242242242242242
"43","AAPL",2020-02-12,928,0.261853448275862
"44","AAPL",2020-02-13,923,0.174431202600217
"45","AAPL",2020-02-14,687,0.311499272197962
"46","AAPL",2020-02-15,280,0.217857142857143
"47","AAPL",2020-02-16,247,0.246963562753036
"48","AAPL",2020-02-17,1107,-0.147244805781391
"49","AAPL",2020-02-18,2689,-0.0319821494979546
"50","AAPL",2020-02-19,1218,0.201970443349754
"51","AAPL",2020-02-20,1002,0.161676646706587
"52","AAPL",2020-02-21,1095,0.0931506849315069
"53","AAPL",2020-02-22,349,0.234957020057307
"54","AAPL",2020-02-23,281,0.167259786476868
"55","AAPL",2020-02-24,1395,0.0845878136200717
"56","AAPL",2020-02-25,1272,0.159591194968553
"57","AAPL",2020-02-26,1117,0.173679498657117
"58","AAPL",2020-02-27,1438,0.0681502086230876
"59","AAPL",2020-02-28,1543,0.1749837977965
"60","AAPL",2020-02-29,430,0.0883720930232558
"61","AAPL",2020-03-01,336,-0.00595238095238095
"62","AAPL",2020-03-02,1340,0.266417910447761
"63","AAPL",2020-03-03,1341,0.261744966442953
"64","AAPL",2020-03-04,969,0.243550051599587
"65","AAPL",2020-03-05,1006,0.140159045725646
"66","AAPL",2020-03-06,1036,0.083011583011583
"67","AAPL",2020-03-07,315,0.107936507936508
"68","AAPL",2020-03-08,340,0.129411764705882
"69","AAPL",2020-03-09,1284,-0.00545171339563863
"70","AAPL",2020-03-10,1132,0.195229681978799
"71","AAPL",2020-03-11,1046,0.106118546845124
"72","AAPL",2020-03-12,1402,0.0527817403708987
"73","AAPL",2020-03-13,1408,0.245028409090909
"74","AAPL",2020-03-14,596,0.0939597315436242
"75","AAPL",2020-03-15,546,-0.0732600732600733
"76","AAPL",2020-03-16,1378,-0.02322206095791
"77","AAPL",2020-03-17,1143,0.161854768153981
"78","AAPL",2020-03-18,1190,0.102521008403361
"79","AAPL",2020-03-19,950,0.18
"80","AAPL",2020-03-20,942,0.0148619957537155
"81","AAPL",2020-03-21,436,0.126146788990826
"82","AAPL",2020-03-22,423,0.033096926713948
"83","AAPL",2020-03-23,1261,0.106264869151467
"84","AAPL",2020-03-24,1011,0.242334322453017
"85","AAPL",2020-03-25,1089,0.15702479338843
"86","AAPL",2020-03-26,982,0.176171079429735
"87","AAPL",2020-03-27,788,0.248730964467005
"88","AAPL",2020-03-28,270,0.137037037037037
"89","AAPL",2020-03-29,302,0.158940397350993
"90","AAPL",2020-03-30,689,0.213352685050798
"91","AAPL",2020-03-31,898,0.241648106904232
"92","AAPL",2020-04-01,896,0.140625
"93","AAPL",2020-04-02,786,0.227735368956743
"94","AAPL",2020-04-03,872,0.229357798165138
"95","AAPL",2020-04-04,291,0.130584192439863
"96","AAPL",2020-04-05,270,0.177777777777778
"97","AAPL",2020-04-06,963,0.312564901349948
"98","AAPL",2020-04-07,948,0.242616033755274
"99","AAPL",2020-04-08,772,0.240932642487047
"100","AAPL",2020-04-09,857,0.204200700116686
"101","AAPL",2020-04-10,411,0.279805352798054
"102","AAPL",2020-04-11,277,0.202166064981949
"103","AAPL",2020-04-12,238,0.168067226890756
"104","AAPL",2020-04-13,1092,0.0824175824175824
"105","AAPL",2020-04-14,1455,0.257044673539519
"106","AAPL",2020-04-15,1104,0.28713768115942
"107","AAPL",2020-04-16,1212,0.24009900990099
"108","AAPL",2020-04-17,1519,0.0579328505595787
"109","AAPL",2020-04-18,380,0.305263157894737
"110","AAPL",2020-04-19,343,0.212827988338192
"111","AAPL",2020-04-20,913,0.119386637458927
"112","AAPL",2020-04-21,1148,0.302264808362369
"113","AAPL",2020-04-22,881,0.270147559591373
"114","AAPL",2020-04-23,1004,0.25398406374502
"115","AAPL",2020-04-24,919,0.289445048966268
"116","AAPL",2020-04-25,381,0.406824146981627
"117","AAPL",2020-04-26,415,0.24578313253012
"118","AAPL",2020-04-27,1097,0.192342752962625
"119","AAPL",2020-04-28,843,0.281138790035587
"120","AAPL",2020-04-29,895,0.329608938547486
"121","AAPL",2020-04-30,2697,0.282536151279199
"122","AAPL",2020-05-01,1839,0.213703099510604
"123","AAPL",2020-05-02,406,0.32512315270936
"124","AAPL",2020-05-03,438,0.226027397260274
"125","AAPL",2020-05-04,1196,0.269230769230769
"126","AAPL",2020-05-05,1231,0.368805848903331
"127","AAPL",2020-05-06,1086,0.271639042357274
"128","AAPL",2020-05-07,958,0.311064718162839
"129","AAPL",2020-05-08,1183,0.377852916314455
"130","AAPL",2020-05-09,408,0.362745098039216
"131","AAPL",2020-05-10,348,0.255747126436782
"132","AAPL",2020-05-11,1259,0.330420969023034
"133","AAPL",2020-05-12,1494,0.21954484605087
"134","AAPL",2020-05-13,1101,0.0971843778383288
"135","AAPL",2020-05-14,1034,0.203094777562863
"136","AAPL",2020-05-15,1210,0.136363636363636
"137","AAPL",2020-05-16,328,0.23780487804878
"138","AAPL",2020-05-17,408,0.308823529411765
"139","AAPL",2020-05-18,946,0.254756871035941
"140","AAPL",2020-05-19,1073,0.260950605778192
"141","AAPL",2020-05-20,949,0.290832455216017
"142","AAPL",2020-05-21,828,0.246376811594203
"143","AAPL",2020-05-22,699,0.283261802575107
"144","AAPL",2020-05-23,370,0.183783783783784
"145","AAPL",2020-05-24,247,0.331983805668016
"146","AAPL",2020-05-25,424,0.441037735849057
"147","AAPL",2020-05-26,980,0.36530612244898
"148","AAPL",2020-05-27,874,0.348970251716247
"149","AAPL",2020-05-28,1011,0.393669634025717
"150","AAPL",2020-05-29,715,0.32027972027972
"151","AAPL",2020-05-30,278,0.320143884892086
"152","AAPL",2020-05-31,306,0.111111111111111
"153","AAPL",2020-06-01,818,0.202933985330073
"154","AAPL",2020-06-02,951,0.293375394321767
"155","AAPL",2020-06-03,1011,0.255192878338279
"156","AAPL",2020-06-04,761,0.279894875164258
"157","AAPL",2020-06-05,1368,0.327485380116959
"158","AAPL",2020-06-06,425,0.331764705882353
"159","AAPL",2020-06-07,482,0.354771784232365
"160","AAPL",2020-06-08,971,0.340885684860968
"161","AAPL",2020-06-09,1882,0.328374070138151
"162","AAPL",2020-06-10,1767,0.245048104131296
"163","AAPL",2020-06-11,1522,0.205650459921156
"164","AAPL",2020-06-12,1178,0.235993208828523
"165","AAPL",2020-06-13,398,0.361809045226131
"166","AAPL",2020-06-14,526,0.277566539923954
"167","AAPL",2020-06-15,1091,0.275893675527039
"168","AAPL",2020-06-16,1401,0.331905781584582
"169","AAPL",2020-06-17,1251,0.262190247801759
"170","AAPL",2020-06-18,1107,0.233062330623306
"171","AAPL",2020-06-19,1769,0.0226116449971735
"172","AAPL",2020-06-20,512,0.087890625
"173","AAPL",2020-06-21,498,0.134538152610442
"174","AAPL",2020-06-22,2152,0.311802973977695
"175","AAPL",2020-06-23,2551,0.294394355154841
"176","AAPL",2020-06-24,1629,0.1817065684469
"177","AAPL",2020-06-25,1348,0.156528189910979
"178","AAPL",2020-06-26,1178,0.119694397283531
"179","AAPL",2020-06-27,425,0.157647058823529
"180","AAPL",2020-06-28,517,0.235976789168279
"181","AAPL",2020-06-29,1176,0.251700680272109
"182","AAPL",2020-06-30,1439,0.252953439888812
"183","AAPL",2020-07-01,1459,0.15832762165867
"184","AAPL",2020-07-02,1135,0.296916299559471
"185","AAPL",2020-07-03,481,0.266112266112266
"186","AAPL",2020-07-04,299,0.20066889632107
"187","AAPL",2020-07-05,380,0.202631578947368
"188","AAPL",2020-07-06,1511,0.186631369953673
"189","AAPL",2020-07-07,1519,0.247531270572745
"190","AAPL",2020-07-08,1637,0.235186316432498
"191","AAPL",2020-07-09,1582,0.210493046776233
"192","AAPL",2020-07-10,1271,0.230527143981117
"193","AAPL",2020-07-11,511,0.221135029354207
"194","AAPL",2020-07-12,540,0.183333333333333
"195","AAPL",2020-07-13,2150,0.30046511627907
"196","AAPL",2020-07-14,1542,0.243190661478599
"197","AAPL",2020-07-15,1684,0.329572446555819
"198","AAPL",2020-07-16,1358,0.206185567010309
"199","AAPL",2020-07-17,1111,0.335733573357336
"200","AAPL",2020-07-18,504,0.408730158730159
"201","AAPL",2020-07-19,470,0.21063829787234
"202","AAPL",2020-07-20,1349,0.31653076352854
"203","AAPL",2020-07-21,1472,0.273777173913043
"204","AAPL",2020-07-22,1335,0.184269662921348
"205","AAPL",2020-07-23,2301,0.0591047370708388
"206","AAPL",2020-07-24,2066,0.22216844143272
"207","AAPL",2020-07-25,742,0.358490566037736
"208","AAPL",2020-07-26,652,0.25920245398773
"209","AAPL",2020-07-27,1512,0.288359788359788
"210","AAPL",2020-07-28,1356,0.21165191740413
"211","AAPL",2020-07-29,1848,0.0627705627705628
"212","AAPL",2020-07-30,4587,0.324395029431001
"213","AAPL",2020-07-31,5216,0.326495398773006
"214","AAPL",2020-08-01,1202,0.275374376039933
"215","AAPL",2020-08-02,818,0.28239608801956
"216","AAPL",2020-08-03,2847,0.366350544432736
"217","AAPL",2020-08-04,2277,0.31181379007466
"218","AAPL",2020-08-05,1677,0.317829457364341
"219","AAPL",2020-08-06,2660,0.349248120300752
"220","AAPL",2020-08-07,1932,0.241718426501035
"221","AAPL",2020-08-08,602,0.300664451827243
"222","AAPL",2020-08-09,568,0.36443661971831
"223","AAPL",2020-08-10,1910,0.237696335078534
"224","AAPL",2020-08-11,2086,0.191754554170662
"225","AAPL",2020-08-12,2065,0.314769975786925
"226","AAPL",2020-08-13,3012,0.272908366533865
"227","AAPL",2020-08-14,2071,0.230806373732496
"228","AAPL",2020-08-15,825,0.237575757575758
"229","AAPL",2020-08-16,652,0.288343558282209
"230","AAPL",2020-08-17,1811,0.283821093318608
"231","AAPL",2020-08-18,2021,0.331024245423058
"232","AAPL",2020-08-19,3249,0.392428439519852
"233","AAPL",2020-08-20,2521,0.331614438714796
"234","AAPL",2020-08-21,4902,0.378416972664219
"235","AAPL",2020-08-22,1547,0.369747899159664
"236","AAPL",2020-08-23,1308,0.388379204892966
"237","AAPL",2020-08-24,3839,0.301380567856213
"238","AAPL",2020-08-25,2604,0.186635944700461
"239","AAPL",2020-08-26,2444,0.272504091653028
"240","AAPL",2020-08-27,2044,0.153620352250489
"241","AAPL",2020-08-28,2086,0.186481303930968
"242","AAPL",2020-08-29,1016,0.246062992125984
"243","AAPL",2020-08-30,1012,0.237154150197628
"244","AAPL",2020-08-31,4957,0.26487795037321
"245","AAPL",2020-09-01,3210,0.346417445482866
"246","AAPL",2020-09-02,2885,0.221490467937608
"247","AAPL",2020-09-03,3394,0.0388921626399529
"248","AAPL",2020-09-04,3586,0.176519799219186
"249","AAPL",2020-09-05,754,0.258620689655172
"250","AAPL",2020-09-06,556,0.27158273381295
"251","AAPL",2020-09-07,869,0.319907940161105
"252","AAPL",2020-09-08,3064,0.183746736292428
"253","AAPL",2020-09-09,2204,0.31442831215971
"254","AAPL",2020-09-10,1976,0.190789473684211
"255","AAPL",2020-09-11,2118,0.209631728045326
"256","AAPL",2020-09-12,750,0.241333333333333
"257","AAPL",2020-09-13,736,0.361413043478261
"258","AAPL",2020-09-14,2121,0.40971239981141
"259","AAPL",2020-09-15,4349,0.314325132214302
"260","AAPL",2020-09-16,2397,0.217772215269086
"261","AAPL",2020-09-17,2387,0.243401759530792
"262","AAPL",2020-09-18,2671,0.131037064769749
"263","AAPL",2020-09-19,1051,0.299714557564225
"264","AAPL",2020-09-20,842,0.309976247030879
"265","AAPL",2020-09-21,2964,0.312078272604588
"266","AAPL",2020-09-22,2391,0.296528649100795
"267","AAPL",2020-09-23,2142,0.135387488328665
"268","AAPL",2020-09-24,2328,0.225515463917526
"269","AAPL",2020-09-25,2243,0.292465448060633
"270","AAPL",2020-09-26,639,0.370892018779343
"271","AAPL",2020-09-27,545,0.368807339449541
"272","AAPL",2020-09-28,1755,0.314529914529915
"273","AAPL",2020-09-29,1714,0.250291715285881
"274","AAPL",2020-09-30,1877,0.303676078849227
"275","AAPL",2020-10-01,1506,0.318061088977424
"276","AAPL",2020-10-02,1664,0.231971153846154
"277","AAPL",2020-10-03,594,0.353535353535354
"278","AAPL",2020-10-04,683,0.225475841874085
"279","AAPL",2020-10-05,1796,0.341314031180401
"280","AAPL",2020-10-06,2327,0.228620541469703
"281","AAPL",2020-10-07,1946,0.248715313463515
"282","AAPL",2020-10-08,1632,0.378676470588235
"283","AAPL",2020-10-09,2001,0.432283858070965
"284","AAPL",2020-10-10,987,0.482269503546099
"285","AAPL",2020-10-11,1019,0.473012757605496
"286","AAPL",2020-10-12,4141,0.422603235933349
"287","AAPL",2020-10-13,5628,0.318230277185501
"288","AAPL",2020-10-14,2712,0.319321533923304
"289","AAPL",2020-10-15,1994,0.326980942828485
"290","AAPL",2020-10-16,1810,0.320441988950276
"291","AAPL",2020-10-17,792,0.404040404040404
"292","AAPL",2020-10-18,703,0.37126600284495
"293","AAPL",2020-10-19,1897,0.297838692672641
"294","AAPL",2020-10-20,2025,0.302716049382716
"295","AAPL",2020-10-21,1759,0.337123365548607
"296","AAPL",2020-10-22,1973,0.343132285859098
"297","AAPL",2020-10-23,1867,0.405463310123192
"298","AAPL",2020-10-24,635,0.35748031496063
"299","AAPL",2020-10-25,715,0.387412587412587
"300","AAPL",2020-10-26,1884,0.293524416135881
"301","AAPL",2020-10-27,1449,0.319530710835059
"302","AAPL",2020-10-28,1690,0.174556213017751
"303","AAPL",2020-10-29,3658,0.166211044286495
"304","AAPL",2020-10-30,2800,0.103928571428571
"305","AAPL",2020-10-31,632,0.212025316455696
"306","AAPL",2020-11-01,600,0.265
"307","AAPL",2020-11-02,2014,0.277557100297915
"308","AAPL",2020-11-03,1555,0.268167202572347
"309","AAPL",2020-11-04,1422,0.338959212376934
"310","AAPL",2020-11-05,1482,0.357624831309042
"311","AAPL",2020-11-06,1157,0.32152117545376
"312","AAPL",2020-11-07,463,0.293736501079914
"313","AAPL",2020-11-08,450,0.377777777777778
"314","AAPL",2020-11-09,1437,0.247042449547669
"315","AAPL",2020-11-10,1879,0.321979776476849
"316","AAPL",2020-11-11,1516,0.300131926121372
"317","AAPL",2020-11-12,1428,0.275910364145658
"318","AAPL",2020-11-13,1181,0.303979678238781
"319","AAPL",2020-11-14,407,0.223587223587224
"320","AAPL",2020-11-15,434,0.370967741935484
"321","AAPL",2020-11-16,1273,0.285938727415554
"322","AAPL",2020-11-17,1172,0.328498293515358
"323","AAPL",2020-11-18,1350,0.237037037037037
"324","AAPL",2020-11-19,1098,0.312386156648452
"325","AAPL",2020-11-20,973,0.34737923946557
"326","AAPL",2020-11-21,462,0.300865800865801
"327","AAPL",2020-11-22,366,0.262295081967213
"328","AAPL",2020-11-23,1394,0.208751793400287
"329","AAPL",2020-11-24,1559,0.241821680564464
"330","AAPL",2020-11-25,1313,0.302361005331302
"331","AAPL",2020-11-26,449,0.44988864142539
"332","AAPL",2020-11-27,833,0.402160864345738
"333","AAPL",2020-11-28,482,0.329875518672199
"334","AAPL",2020-11-29,565,0.414159292035398
"335","AAPL",2020-11-30,2370,0.415189873417722
"336","AAPL",2020-12-01,2167,0.420858329487771
"337","AAPL",2020-12-02,1482,0.280026990553306
"338","AAPL",2020-12-03,1283,0.279812938425565
"339","AAPL",2020-12-04,1276,0.22257053291536
"340","AAPL",2020-12-05,530,0.283018867924528
"341","AAPL",2020-12-06,582,0.298969072164948
"342","AAPL",2020-12-07,1518,0.362977602108037
"343","AAPL",2020-12-08,2070,0.316908212560386
"344","AAPL",2020-12-09,1890,0.296296296296296
"345","AAPL",2020-12-10,1337,0.18922961854899
"346","AAPL",2020-12-11,1205,0.253112033195021
"347","AAPL",2020-12-12,513,0.288499025341131
"348","AAPL",2020-12-13,535,0.183177570093458
"349","AAPL",2020-12-14,1161,0.203273040482343
"350","AAPL",2020-12-15,2632,0.361702127659574
"351","AAPL",2020-12-16,1694,0.211924439197166
"352","AAPL",2020-12-17,1389,0.264938804895608
"353","AAPL",2020-12-18,1294,0.258114374034003
"354","AAPL",2020-12-19,615,0.204878048780488
"355","AAPL",2020-12-20,619,0.153473344103393
"356","AAPL",2020-12-21,2663,0.321066466391288
"357","AAPL",2020-12-22,4136,0.29110251450677
"358","AAPL",2020-12-23,2149,0.29502093997208
"359","AAPL",2020-12-24,1050,0.343809523809524
"360","AAPL",2020-12-25,380,0.439473684210526
"361","AAPL",2020-12-26,440,0.415909090909091
"362","AAPL",2020-12-27,549,0.298724954462659
"363","AAPL",2020-12-28,1927,0.413596263622211
"364","AAPL",2020-12-29,1701,0.304526748971193
"365","AAPL",2020-12-30,1302,0.341781874039939
"366","AAPL",2020-12-31,1298,0.304314329738059
"367","AMZN",2020-01-01,232,0.383620689655172
"368","AMZN",2020-01-02,851,0.286721504112808
"369","AMZN",2020-01-03,579,0.250431778929188
"370","AMZN",2020-01-04,214,0.406542056074766
"371","AMZN",2020-01-05,240,0.341666666666667
"372","AMZN",2020-01-06,895,0.325139664804469
"373","AMZN",2020-01-07,698,0.318051575931232
"374","AMZN",2020-01-08,716,0.20391061452514
"375","AMZN",2020-01-09,668,0.227544910179641
"376","AMZN",2020-01-10,639,0.225352112676056
"377","AMZN",2020-01-11,218,0.220183486238532
"378","AMZN",2020-01-12,207,0.347826086956522
"379","AMZN",2020-01-13,534,0.267790262172285
"380","AMZN",2020-01-14,741,0.184885290148448
"381","AMZN",2020-01-15,650,0.218461538461538
"382","AMZN",2020-01-16,657,0.26027397260274
"383","AMZN",2020-01-17,683,0.32796486090776
"384","AMZN",2020-01-18,305,0.350819672131148
"385","AMZN",2020-01-19,219,0.383561643835616
"386","AMZN",2020-01-20,244,0.364754098360656
"387","AMZN",2020-01-21,729,0.189300411522634
"388","AMZN",2020-01-22,815,0.229447852760736
"389","AMZN",2020-01-23,568,0.191901408450704
"390","AMZN",2020-01-24,622,0.239549839228296
"391","AMZN",2020-01-25,264,0.287878787878788
"392","AMZN",2020-01-26,252,0.242063492063492
"393","AMZN",2020-01-27,648,0.212962962962963
"394","AMZN",2020-01-28,539,0.261595547309833
"395","AMZN",2020-01-29,532,0.157894736842105
"396","AMZN",2020-01-30,2548,0.344191522762951
"397","AMZN",2020-01-31,2499,0.304121648659464
"398","AMZN",2020-02-01,511,0.338551859099804
"399","AMZN",2020-02-02,393,0.312977099236641
"400","AMZN",2020-02-03,865,0.271676300578035
"401","AMZN",2020-02-04,1029,0.32555879494655
"402","AMZN",2020-02-05,857,0.239206534422404
"403","AMZN",2020-02-06,665,0.311278195488722
"404","AMZN",2020-02-07,1047,0.314231136580707
"405","AMZN",2020-02-08,281,0.291814946619217
"406","AMZN",2020-02-09,322,0.139751552795031
"407","AMZN",2020-02-10,1149,0.239338555265448
"408","AMZN",2020-02-11,1222,0.25531914893617
"409","AMZN",2020-02-12,784,0.184948979591837
"410","AMZN",2020-02-13,883,0.12004530011325
"411","AMZN",2020-02-14,650,0.255384615384615
"412","AMZN",2020-02-15,247,0.303643724696356
"413","AMZN",2020-02-16,238,0.310924369747899
"414","AMZN",2020-02-17,362,0.116022099447514
"415","AMZN",2020-02-18,751,0.191744340878828
"416","AMZN",2020-02-19,704,0.301136363636364
"417","AMZN",2020-02-20,617,0.147487844408428
"418","AMZN",2020-02-21,643,0.138413685847589
"419","AMZN",2020-02-22,220,0.195454545454545
"420","AMZN",2020-02-23,207,0.289855072463768
"421","AMZN",2020-02-24,648,0.0709876543209877
"422","AMZN",2020-02-25,704,0.150568181818182
"423","AMZN",2020-02-26,602,0.225913621262458
"424","AMZN",2020-02-27,775,0.0503225806451613
"425","AMZN",2020-02-28,735,0.0653061224489796
"426","AMZN",2020-02-29,256,0.25390625
"427","AMZN",2020-03-01,198,0.0909090909090909
"428","AMZN",2020-03-02,532,0.148496240601504
"429","AMZN",2020-03-03,647,0.187017001545595
"430","AMZN",2020-03-04,638,0.181818181818182
"431","AMZN",2020-03-05,606,-0.0462046204620462
"432","AMZN",2020-03-06,619,0.0258481421647819
"433","AMZN",2020-03-07,175,0.0685714285714286
"434","AMZN",2020-03-08,177,0.112994350282486
"435","AMZN",2020-03-09,780,0.0179487179487179
"436","AMZN",2020-03-10,598,0.225752508361204
"437","AMZN",2020-03-11,654,0.123853211009174
"438","AMZN",2020-03-12,773,0.0465717981888745
"439","AMZN",2020-03-13,656,0.155487804878049
"440","AMZN",2020-03-14,219,0.118721461187215
"441","AMZN",2020-03-15,314,-0.14968152866242
"442","AMZN",2020-03-16,789,0.0443599493029151
"443","AMZN",2020-03-17,955,0.128795811518325
"444","AMZN",2020-03-18,876,0.123287671232877
"445","AMZN",2020-03-19,836,0.110047846889952
"446","AMZN",2020-03-20,651,0.199692780337942
"447","AMZN",2020-03-21,279,0.207885304659498
"448","AMZN",2020-03-22,291,0.213058419243986
"449","AMZN",2020-03-23,716,0.210893854748603
"450","AMZN",2020-03-24,719,0.0292072322670376
"451","AMZN",2020-03-25,725,0.0358620689655172
"452","AMZN",2020-03-26,535,0.0467289719626168
"453","AMZN",2020-03-27,455,0.0879120879120879
"454","AMZN",2020-03-28,214,0.182242990654206
"455","AMZN",2020-03-29,246,0.126016260162602
"456","AMZN",2020-03-30,624,0.0961538461538462
"457","AMZN",2020-03-31,610,0.0213114754098361
"458","AMZN",2020-04-01,630,0.13015873015873
"459","AMZN",2020-04-02,617,0.153970826580227
"460","AMZN",2020-04-03,531,0.0885122410546139
"461","AMZN",2020-04-04,212,0.155660377358491
"462","AMZN",2020-04-05,185,0.027027027027027
"463","AMZN",2020-04-06,548,0.251824817518248
"464","AMZN",2020-04-07,590,0.21864406779661
"465","AMZN",2020-04-08,602,0.177740863787375
"466","AMZN",2020-04-09,567,0.27689594356261
"467","AMZN",2020-04-10,225,0.146666666666667
"468","AMZN",2020-04-11,157,0.0127388535031847
"469","AMZN",2020-04-12,256,0.1171875
"470","AMZN",2020-04-13,1704,0.168427230046948
"471","AMZN",2020-04-14,1757,0.232783153101878
"472","AMZN",2020-04-15,1373,0.185724690458849
"473","AMZN",2020-04-16,2042,0.203232125367287
"474","AMZN",2020-04-17,1207,0.243579121789561
"475","AMZN",2020-04-18,376,0.292553191489362
"476","AMZN",2020-04-19,398,0.14572864321608
"477","AMZN",2020-04-20,998,0.203406813627255
"478","AMZN",2020-04-21,934,0.226980728051392
"479","AMZN",2020-04-22,697,0.33142037302726
"480","AMZN",2020-04-23,965,0.290155440414508
"481","AMZN",2020-04-24,829,0.264173703256936
"482","AMZN",2020-04-25,385,0.238961038961039
"483","AMZN",2020-04-26,470,0.248936170212766
"484","AMZN",2020-04-27,1079,0.293790546802595
"485","AMZN",2020-04-28,988,0.167004048582996
"486","AMZN",2020-04-29,911,0.298572996706915
"487","AMZN",2020-04-30,2708,0.151033973412112
"488","AMZN",2020-05-01,1957,0.105263157894737
"489","AMZN",2020-05-02,405,0.407407407407407
"490","AMZN",2020-05-03,386,0.215025906735751
"491","AMZN",2020-05-04,1042,0.148752399232246
"492","AMZN",2020-05-05,810,0.259259259259259
"493","AMZN",2020-05-06,732,0.193989071038251
"494","AMZN",2020-05-07,703,0.223328591749644
"495","AMZN",2020-05-08,656,0.288109756097561
"496","AMZN",2020-05-09,278,0.248201438848921
"497","AMZN",2020-05-10,284,0.140845070422535
"498","AMZN",2020-05-11,875,0.288
"499","AMZN",2020-05-12,792,0.029040404040404
"500","AMZN",2020-05-13,925,0.126486486486486
"501","AMZN",2020-05-14,804,0.159203980099502
"502","AMZN",2020-05-15,858,0.201631701631702
"503","AMZN",2020-05-16,294,0.224489795918367
"504","AMZN",2020-05-17,355,0.225352112676056
"505","AMZN",2020-05-18,841,0.284185493460166
"506","AMZN",2020-05-19,1247,0.322373696872494
"507","AMZN",2020-05-20,1037,0.340405014464802
"508","AMZN",2020-05-21,1035,0.238647342995169
"509","AMZN",2020-05-22,745,0.158389261744966
"510","AMZN",2020-05-23,350,0.171428571428571
"511","AMZN",2020-05-24,276,0.257246376811594
"512","AMZN",2020-05-25,381,0.244094488188976
"513","AMZN",2020-05-26,698,0.217765042979943
"514","AMZN",2020-05-27,1020,0.251960784313725
"515","AMZN",2020-05-28,812,0.294334975369458
"516","AMZN",2020-05-29,637,0.254317111459969
"517","AMZN",2020-05-30,238,0.256302521008403
"518","AMZN",2020-05-31,254,0.0748031496062992
"519","AMZN",2020-06-01,733,0.27012278308322
"520","AMZN",2020-06-02,761,0.358738501971091
"521","AMZN",2020-06-03,906,0.333333333333333
"522","AMZN",2020-06-04,1083,0.272391505078486
"523","AMZN",2020-06-05,939,0.215122470713525
"524","AMZN",2020-06-06,292,0.236301369863014
"525","AMZN",2020-06-07,359,0.37883008356546
"526","AMZN",2020-06-08,1003,0.397806580259222
"527","AMZN",2020-06-09,1528,0.388743455497382
"528","AMZN",2020-06-10,1202,0.299500831946755
"529","AMZN",2020-06-11,1150,0.142608695652174
"530","AMZN",2020-06-12,850,0.201176470588235
"531","AMZN",2020-06-13,269,0.234200743494424
"532","AMZN",2020-06-14,419,0.22673031026253
"533","AMZN",2020-06-15,847,0.239669421487603
"534","AMZN",2020-06-16,903,0.362126245847176
"535","AMZN",2020-06-17,969,0.184726522187822
"536","AMZN",2020-06-18,917,0.074154852780807
"537","AMZN",2020-06-19,966,0.15527950310559
"538","AMZN",2020-06-20,345,0.072463768115942
"539","AMZN",2020-06-21,347,0.069164265129683
"540","AMZN",2020-06-22,881,0.0874006810442679
"541","AMZN",2020-06-23,1402,0.25962910128388
"542","AMZN",2020-06-24,1119,0.271671134941912
"543","AMZN",2020-06-25,925,0.252972972972973
"544","AMZN",2020-06-26,1292,0.25
"545","AMZN",2020-06-27,347,0.0662824207492795
"546","AMZN",2020-06-28,444,0.247747747747748
"547","AMZN",2020-06-29,932,0.231759656652361
"548","AMZN",2020-06-30,998,0.328657314629259
"549","AMZN",2020-07-01,1532,0.338772845953003
"550","AMZN",2020-07-02,1410,0.326241134751773
"551","AMZN",2020-07-03,473,0.310782241014799
"552","AMZN",2020-07-04,294,0.353741496598639
"553","AMZN",2020-07-05,412,0.203883495145631
"554","AMZN",2020-07-06,2081,0.287361845266699
"555","AMZN",2020-07-07,1602,0.245942571785268
"556","AMZN",2020-07-08,1468,0.240463215258856
"557","AMZN",2020-07-09,1855,0.157951482479784
"558","AMZN",2020-07-10,1611,0.183116076970826
"559","AMZN",2020-07-11,517,0.214700193423598
"560","AMZN",2020-07-12,578,0.221453287197232
"561","AMZN",2020-07-13,1761,0.22771152754117
"562","AMZN",2020-07-14,1381,0.243301955104996
"563","AMZN",2020-07-15,1219,0.297785069729286
"564","AMZN",2020-07-16,1393,0.165111270638909
"565","AMZN",2020-07-17,1046,0.261950286806883
"566","AMZN",2020-07-18,514,0.317120622568093
"567","AMZN",2020-07-19,495,0.191919191919192
"568","AMZN",2020-07-20,2125,0.305411764705882
"569","AMZN",2020-07-21,1728,0.267939814814815
"570","AMZN",2020-07-22,1291,0.147172734314485
"571","AMZN",2020-07-23,1591,0.0942803268384664
"572","AMZN",2020-07-24,1651,0.227135069654755
"573","AMZN",2020-07-25,624,0.389423076923077
"574","AMZN",2020-07-26,619,0.250403877221325
"575","AMZN",2020-07-27,1426,0.338709677419355
"576","AMZN",2020-07-28,1139,0.24846356453029
"577","AMZN",2020-07-29,1749,0.141223556317896
"578","AMZN",2020-07-30,4046,0.309935739001483
"579","AMZN",2020-07-31,2829,0.294096854012018
"580","AMZN",2020-08-01,646,0.306501547987616
"581","AMZN",2020-08-02,517,0.392649903288201
"582","AMZN",2020-08-03,1338,0.378923766816143
"583","AMZN",2020-08-04,1261,0.388580491673275
"584","AMZN",2020-08-05,1293,0.37200309358082
"585","AMZN",2020-08-06,1361,0.341660543717855
"586","AMZN",2020-08-07,1062,0.292843691148776
"587","AMZN",2020-08-08,371,0.285714285714286
"588","AMZN",2020-08-09,515,0.30873786407767
"589","AMZN",2020-08-10,1229,0.275020341741253
"590","AMZN",2020-08-11,1279,0.322908522283034
"591","AMZN",2020-08-12,1319,0.332069749810462
"592","AMZN",2020-08-13,1474,0.246947082767978
"593","AMZN",2020-08-14,1210,0.209917355371901
"594","AMZN",2020-08-15,535,0.328971962616822
"595","AMZN",2020-08-16,489,0.249488752556237
"596","AMZN",2020-08-17,1419,0.27061310782241
"597","AMZN",2020-08-18,2543,0.410145497443964
"598","AMZN",2020-08-19,1831,0.35390496996177
"599","AMZN",2020-08-20,1449,0.401656314699793
"600","AMZN",2020-08-21,1557,0.376364804110469
"601","AMZN",2020-08-22,812,0.492610837438424
"602","AMZN",2020-08-23,830,0.478313253012048
"603","AMZN",2020-08-24,1626,0.342558425584256
"604","AMZN",2020-08-25,1390,0.289208633093525
"605","AMZN",2020-08-26,1813,0.277992277992278
"606","AMZN",2020-08-27,1499,0.212141427618412
"607","AMZN",2020-08-28,1071,0.264239028944911
"608","AMZN",2020-08-29,475,0.195789473684211
"609","AMZN",2020-08-30,419,0.26491646778043
"610","AMZN",2020-08-31,1515,0.297689768976898
"611","AMZN",2020-09-01,1424,0.36938202247191
"612","AMZN",2020-09-02,1152,0.287326388888889
"613","AMZN",2020-09-03,1306,0.139356814701378
"614","AMZN",2020-09-04,1386,0.216450216450216
"615","AMZN",2020-09-05,452,0.265486725663717
"616","AMZN",2020-09-06,359,0.172701949860724
"617","AMZN",2020-09-07,559,0.273703041144902
"618","AMZN",2020-09-08,1143,0.204724409448819
"619","AMZN",2020-09-09,1173,0.305200341005968
"620","AMZN",2020-09-10,1148,0.232578397212544
"621","AMZN",2020-09-11,1031,0.164888457807953
"622","AMZN",2020-09-12,479,0.196242171189979
"623","AMZN",2020-09-13,436,0.190366972477064
"624","AMZN",2020-09-14,1307,0.31522570772762
"625","AMZN",2020-09-15,1238,0.294022617124394
"626","AMZN",2020-09-16,1320,0.275
"627","AMZN",2020-09-17,1541,0.226476314081765
"628","AMZN",2020-09-18,1467,0.134287661895024
"629","AMZN",2020-09-19,683,0.253294289897511
"630","AMZN",2020-09-20,630,0.207936507936508
"631","AMZN",2020-09-21,1434,0.316596931659693
"632","AMZN",2020-09-22,2091,0.383070301291248
"633","AMZN",2020-09-23,1433,0.19609211444522
"634","AMZN",2020-09-24,1571,0.327816677275621
"635","AMZN",2020-09-25,1288,0.336180124223602
"636","AMZN",2020-09-26,443,0.374717832957111
"637","AMZN",2020-09-27,353,0.274787535410765
"638","AMZN",2020-09-28,1267,0.367008681925809
"639","AMZN",2020-09-29,1342,0.330104321907601
"640","AMZN",2020-09-30,1403,0.367783321454027
"641","AMZN",2020-10-01,1404,0.36039886039886
"642","AMZN",2020-10-02,1287,0.254079254079254
"643","AMZN",2020-10-03,479,0.375782881002088
"644","AMZN",2020-10-04,563,0.353463587921847
"645","AMZN",2020-10-05,1303,0.386799693016117
"646","AMZN",2020-10-06,1407,0.200426439232409
"647","AMZN",2020-10-07,1485,0.331986531986532
"648","AMZN",2020-10-08,1245,0.440963855421687
"649","AMZN",2020-10-09,1563,0.486244401791427
"650","AMZN",2020-10-10,662,0.490936555891239
"651","AMZN",2020-10-11,797,0.500627352572146
"652","AMZN",2020-10-12,2369,0.464330941325454
"653","AMZN",2020-10-13,1922,0.425598335067638
"654","AMZN",2020-10-14,1546,0.371280724450194
"655","AMZN",2020-10-15,1451,0.331495520330806
"656","AMZN",2020-10-16,1568,0.285076530612245
"657","AMZN",2020-10-17,633,0.355450236966825
"658","AMZN",2020-10-18,564,0.349290780141844
"659","AMZN",2020-10-19,1317,0.343204252088079
"660","AMZN",2020-10-20,1336,0.418413173652695
"661","AMZN",2020-10-21,1288,0.338509316770186
"662","AMZN",2020-10-22,1358,0.393961708394698
"663","AMZN",2020-10-23,1353,0.486326681448633
"664","AMZN",2020-10-24,482,0.435684647302905
"665","AMZN",2020-10-25,526,0.420152091254753
"666","AMZN",2020-10-26,1182,0.265651438240271
"667","AMZN",2020-10-27,1048,0.394083969465649
"668","AMZN",2020-10-28,1107,0.130081300813008
"669","AMZN",2020-10-29,2726,0.225972120322817
"670","AMZN",2020-10-30,1803,0.154187465335552
"671","AMZN",2020-10-31,407,0.206388206388206
"672","AMZN",2020-11-01,380,0.228947368421053
"673","AMZN",2020-11-02,1318,0.226100151745068
"674","AMZN",2020-11-03,975,0.332307692307692
"675","AMZN",2020-11-04,1055,0.385781990521327
"676","AMZN",2020-11-05,1067,0.333645735707591
"677","AMZN",2020-11-06,867,0.229527104959631
"678","AMZN",2020-11-07,288,0.159722222222222
"679","AMZN",2020-11-08,243,0.283950617283951
"680","AMZN",2020-11-09,1096,0.171532846715328
"681","AMZN",2020-11-10,1228,0.0594462540716612
"682","AMZN",2020-11-11,1005,0.242786069651741
"683","AMZN",2020-11-12,904,0.370575221238938
"684","AMZN",2020-11-13,858,0.249417249417249
"685","AMZN",2020-11-14,300,0.29
"686","AMZN",2020-11-15,409,0.295843520782396
"687","AMZN",2020-11-16,840,0.295238095238095
"688","AMZN",2020-11-17,1774,0.215896279594138
"689","AMZN",2020-11-18,1020,0.134313725490196
"690","AMZN",2020-11-19,1028,0.292801556420233
"691","AMZN",2020-11-20,992,0.3125
"692","AMZN",2020-11-21,378,0.285714285714286
"693","AMZN",2020-11-22,348,0.301724137931034
"694","AMZN",2020-11-23,1004,0.276892430278884
"695","AMZN",2020-11-24,1216,0.302631578947368
"696","AMZN",2020-11-25,1473,0.325186693822132
"697","AMZN",2020-11-26,415,0.342168674698795
"698","AMZN",2020-11-27,902,0.406873614190687
"699","AMZN",2020-11-28,439,0.341685649202733
"700","AMZN",2020-11-29,456,0.399122807017544
"701","AMZN",2020-11-30,1045,0.31866028708134
"702","AMZN",2020-12-01,1866,0.402465166130761
"703","AMZN",2020-12-02,1307,0.257842387146136
"704","AMZN",2020-12-03,1158,0.244386873920553
"705","AMZN",2020-12-04,1214,0.193574958813839
"706","AMZN",2020-12-05,522,0.113026819923372
"707","AMZN",2020-12-06,545,0.222018348623853
"708","AMZN",2020-12-07,1201,0.253122398001665
"709","AMZN",2020-12-08,1465,0.255290102389079
"710","AMZN",2020-12-09,1235,0.165182186234818
"711","AMZN",2020-12-10,1205,0.132780082987552
"712","AMZN",2020-12-11,997,0.254764292878636
"713","AMZN",2020-12-12,406,0.189655172413793
"714","AMZN",2020-12-13,479,0.0876826722338205
"715","AMZN",2020-12-14,1374,0.258369723435226
"716","AMZN",2020-12-15,1305,0.209961685823755
"717","AMZN",2020-12-16,1950,0.293333333333333
"718","AMZN",2020-12-17,1359,0.2560706401766
"719","AMZN",2020-12-18,1115,0.232286995515695
"720","AMZN",2020-12-19,482,0.161825726141079
"721","AMZN",2020-12-20,523,0.204588910133843
"722","AMZN",2020-12-21,1098,0.224954462659381
"723","AMZN",2020-12-22,1096,0.190693430656934
"724","AMZN",2020-12-23,1120,0.21875
"725","AMZN",2020-12-24,778,0.209511568123393
"726","AMZN",2020-12-25,246,0.247967479674797
"727","AMZN",2020-12-26,355,0.284507042253521
"728","AMZN",2020-12-27,391,0.248081841432225
"729","AMZN",2020-12-28,2001,0.415292353823088
"730","AMZN",2020-12-29,1597,0.35003130870382
"731","AMZN",2020-12-30,1188,0.263468013468013
"732","AMZN",2020-12-31,915,0.316939890710383
"733","FB",2020-01-01,119,0.470588235294118
"734","FB",2020-01-02,421,0.356294536817102
"735","FB",2020-01-03,413,0.234866828087167
"736","FB",2020-01-04,164,0.317073170731707
"737","FB",2020-01-05,210,0.257142857142857
"738","FB",2020-01-06,538,0.28996282527881
"739","FB",2020-01-07,564,0.23936170212766
"740","FB",2020-01-08,456,0.280701754385965
"741","FB",2020-01-09,588,0.202380952380952
"742","FB",2020-01-10,507,0.242603550295858
"743","FB",2020-01-11,174,0.241379310344828
"744","FB",2020-01-12,175,0.434285714285714
"745","FB",2020-01-13,469,0.309168443496802
"746","FB",2020-01-14,397,0.254408060453401
"747","FB",2020-01-15,391,0.304347826086957
"748","FB",2020-01-16,384,0.21875
"749","FB",2020-01-17,466,0.210300429184549
"750","FB",2020-01-18,218,0.380733944954128
"751","FB",2020-01-19,181,0.298342541436464
"752","FB",2020-01-20,219,0.310502283105023
"753","FB",2020-01-21,398,0.201005025125628
"754","FB",2020-01-22,404,0.264851485148515
"755","FB",2020-01-23,367,0.231607629427793
"756","FB",2020-01-24,434,0.225806451612903
"757","FB",2020-01-25,228,0.324561403508772
"758","FB",2020-01-26,230,0.3
"759","FB",2020-01-27,478,0.223849372384937
"760","FB",2020-01-28,499,0.17434869739479
"761","FB",2020-01-29,1573,0.125238397965671
"762","FB",2020-01-30,1492,0.0422252010723861
"763","FB",2020-01-31,668,0.103293413173653
"764","FB",2020-02-01,327,0.134556574923547
"765","FB",2020-02-02,306,0.111111111111111
"766","FB",2020-02-03,498,0.200803212851406
"767","FB",2020-02-04,555,0.252252252252252
"768","FB",2020-02-05,457,0.146608315098468
"769","FB",2020-02-06,392,0.127551020408163
"770","FB",2020-02-07,383,0.281984334203655
"771","FB",2020-02-08,166,0.307228915662651
"772","FB",2020-02-09,200,0.03
"773","FB",2020-02-10,406,0.187192118226601
"774","FB",2020-02-11,746,0.0201072386058981
"775","FB",2020-02-12,502,0.125498007968127
"776","FB",2020-02-13,528,0.231060606060606
"777","FB",2020-02-14,471,0.250530785562633
"778","FB",2020-02-15,209,0.267942583732057
"779","FB",2020-02-16,205,0.229268292682927
"780","FB",2020-02-17,250,0.032
"781","FB",2020-02-18,501,0.149700598802395
"782","FB",2020-02-19,488,0.211065573770492
"783","FB",2020-02-20,428,0.0233644859813084
"784","FB",2020-02-21,433,0.184757505773672
"785","FB",2020-02-22,177,0.203389830508475
"786","FB",2020-02-23,162,0.0925925925925926
"787","FB",2020-02-24,461,-0.0498915401301518
"788","FB",2020-02-25,440,0.184090909090909
"789","FB",2020-02-26,409,0.0953545232273839
"790","FB",2020-02-27,586,-0.117747440273038
"791","FB",2020-02-28,492,0.016260162601626
"792","FB",2020-02-29,207,0.120772946859903
"793","FB",2020-03-01,146,0.089041095890411
"794","FB",2020-03-02,382,0.0916230366492147
"795","FB",2020-03-03,468,0.0341880341880342
"796","FB",2020-03-04,393,0.0305343511450382
"797","FB",2020-03-05,468,-0.106837606837607
"798","FB",2020-03-06,532,-0.0601503759398496
"799","FB",2020-03-07,189,-0.116402116402116
"800","FB",2020-03-08,151,0.245033112582781
"801","FB",2020-03-09,516,-0.0387596899224806
"802","FB",2020-03-10,391,0.0588235294117647
"803","FB",2020-03-11,438,0.0502283105022831
"804","FB",2020-03-12,492,-0.0548780487804878
"805","FB",2020-03-13,413,0.0532687651331719
"806","FB",2020-03-14,141,-0.134751773049645
"807","FB",2020-03-15,196,-0.076530612244898
"808","FB",2020-03-16,392,-0.0586734693877551
"809","FB",2020-03-17,488,0.235655737704918
"810","FB",2020-03-18,537,0.0130353817504655
"811","FB",2020-03-19,407,-0.00982800982800983
"812","FB",2020-03-20,346,0.0491329479768786
"813","FB",2020-03-21,176,0.00568181818181818
"814","FB",2020-03-22,200,0.015
"815","FB",2020-03-23,414,-0.0603864734299517
"816","FB",2020-03-24,538,-0.0855018587360595
"817","FB",2020-03-25,586,0.068259385665529
"818","FB",2020-03-26,432,0.0972222222222222
"819","FB",2020-03-27,300,0.03
"820","FB",2020-03-28,146,0.00684931506849315
"821","FB",2020-03-29,184,-0.00543478260869565
"822","FB",2020-03-30,396,0.0606060606060606
"823","FB",2020-03-31,429,0.020979020979021
"824","FB",2020-04-01,390,0.217948717948718
"825","FB",2020-04-02,360,0.108333333333333
"826","FB",2020-04-03,367,0.100817438692098
"827","FB",2020-04-04,158,0.0189873417721519
"828","FB",2020-04-05,183,0.0819672131147541
"829","FB",2020-04-06,359,0.105849582172702
"830","FB",2020-04-07,416,0.199519230769231
"831","FB",2020-04-08,350,0.185714285714286
"832","FB",2020-04-09,322,0.105590062111801
"833","FB",2020-04-10,169,0.207100591715976
"834","FB",2020-04-11,106,0.30188679245283
"835","FB",2020-04-12,152,0.184210526315789
"836","FB",2020-04-13,341,0.258064516129032
"837","FB",2020-04-14,393,0.206106870229008
"838","FB",2020-04-15,344,0.267441860465116
"839","FB",2020-04-16,473,0.114164904862579
"840","FB",2020-04-17,390,0.21025641025641
"841","FB",2020-04-18,172,0.255813953488372
"842","FB",2020-04-19,194,0.34020618556701
"843","FB",2020-04-20,481,0.153846153846154
"844","FB",2020-04-21,466,0.184549356223176
"845","FB",2020-04-22,932,0.436695278969957
"846","FB",2020-04-23,529,0.181474480151229
"847","FB",2020-04-24,1043,0.0834132310642378
"848","FB",2020-04-25,406,0.25615763546798
"849","FB",2020-04-26,347,0.132564841498559
"850","FB",2020-04-27,761,0.236530880420499
"851","FB",2020-04-28,651,0.15668202764977
"852","FB",2020-04-29,1976,0.324392712550607
"853","FB",2020-04-30,1299,0.237875288683603
"854","FB",2020-05-01,637,0.0769230769230769
"855","FB",2020-05-02,242,0.384297520661157
"856","FB",2020-05-03,230,0.204347826086957
"857","FB",2020-05-04,491,0.307535641547862
"858","FB",2020-05-05,570,0.231578947368421
"859","FB",2020-05-06,489,0.20040899795501
"860","FB",2020-05-07,482,0.255186721991701
"861","FB",2020-05-08,440,0.293181818181818
"862","FB",2020-05-09,188,0.281914893617021
"863","FB",2020-05-10,167,0.107784431137725
"864","FB",2020-05-11,353,0.161473087818697
"865","FB",2020-05-12,447,0.172259507829978
"866","FB",2020-05-13,478,0.131799163179916
"867","FB",2020-05-14,438,0.0707762557077626
"868","FB",2020-05-15,682,0.247800586510264
"869","FB",2020-05-16,257,0.315175097276265
"870","FB",2020-05-17,232,0.198275862068966
"871","FB",2020-05-18,473,0.236786469344609
"872","FB",2020-05-19,973,0.369989722507708
"873","FB",2020-05-20,1582,0.338811630847029
"874","FB",2020-05-21,1153,0.258456201214224
"875","FB",2020-05-22,663,0.273001508295626
"876","FB",2020-05-23,282,0.333333333333333
"877","FB",2020-05-24,221,0.393665158371041
"878","FB",2020-05-25,370,0.308108108108108
"879","FB",2020-05-26,728,0.226648351648352
"880","FB",2020-05-27,911,0.0944017563117453
"881","FB",2020-05-28,1224,-0.0996732026143791
"882","FB",2020-05-29,626,0.012779552715655
"883","FB",2020-05-30,269,0.148698884758364
"884","FB",2020-05-31,219,0.159817351598174
"885","FB",2020-06-01,714,0.0252100840336134
"886","FB",2020-06-02,847,0.0731995277449823
"887","FB",2020-06-03,806,0.0272952853598015
"888","FB",2020-06-04,571,0.0542907180385289
"889","FB",2020-06-05,634,0.0488958990536278
"890","FB",2020-06-06,261,0.0114942528735632
"891","FB",2020-06-07,352,0.153409090909091
"892","FB",2020-06-08,531,0.212806026365348
"893","FB",2020-06-09,934,0.372591006423983
"894","FB",2020-06-10,696,0.202586206896552
"895","FB",2020-06-11,708,0.077683615819209
"896","FB",2020-06-12,529,0.0699432892249527
"897","FB",2020-06-13,213,0.206572769953052
"898","FB",2020-06-14,340,0.205882352941176
"899","FB",2020-06-15,699,0.178826895565093
"900","FB",2020-06-16,648,0.248456790123457
"901","FB",2020-06-17,726,0.0853994490358127
"902","FB",2020-06-18,706,0.0169971671388102
"903","FB",2020-06-19,759,0.10935441370224
"904","FB",2020-06-20,320,0.0125
"905","FB",2020-06-21,329,0.0151975683890578
"906","FB",2020-06-22,873,0.130584192439863
"907","FB",2020-06-23,1094,0.150822669104205
"908","FB",2020-06-24,784,0.0114795918367347
"909","FB",2020-06-25,785,0
"910","FB",2020-06-26,2128,-0.158364661654135
"911","FB",2020-06-27,784,-0.169642857142857
"912","FB",2020-06-28,885,-0.112994350282486
"913","FB",2020-06-29,2215,-0.0410835214446953
"914","FB",2020-06-30,1286,0.0653188180404355
"915","FB",2020-07-01,1472,0.0591032608695652
"916","FB",2020-07-02,1090,0.0119266055045872
"917","FB",2020-07-03,399,0.180451127819549
"918","FB",2020-07-04,244,0.110655737704918
"919","FB",2020-07-05,283,0.144876325088339
"920","FB",2020-07-06,888,0.172297297297297
"921","FB",2020-07-07,1300,0.123846153846154
"922","FB",2020-07-08,1075,0.0176744186046512
"923","FB",2020-07-09,769,0.05851755526658
"924","FB",2020-07-10,832,0.0336538461538462
"925","FB",2020-07-11,347,0.118155619596542
"926","FB",2020-07-12,432,0.134259259259259
"927","FB",2020-07-13,1038,0.172447013487476
"928","FB",2020-07-14,763,0.0812581913499345
"929","FB",2020-07-15,705,0.29645390070922
"930","FB",2020-07-16,750,0.072
"931","FB",2020-07-17,739,0.213802435723951
"932","FB",2020-07-18,380,0.318421052631579
"933","FB",2020-07-19,426,0.0164319248826291
"934","FB",2020-07-20,933,0.0803858520900322
"935","FB",2020-07-21,897,0.0602006688963211
"936","FB",2020-07-22,840,-0.0452380952380952
"937","FB",2020-07-23,1001,-0.0759240759240759
"938","FB",2020-07-24,953,-0.00104931794333683
"939","FB",2020-07-25,439,0.300683371298405
"940","FB",2020-07-26,381,0.280839895013123
"941","FB",2020-07-27,898,0.0924276169265033
"942","FB",2020-07-28,808,0.120049504950495
"943","FB",2020-07-29,1463,-0.0642515379357485
"944","FB",2020-07-30,2924,0.203146374829001
"945","FB",2020-07-31,2353,0.254993625159371
"946","FB",2020-08-01,576,0.201388888888889
"947","FB",2020-08-02,416,0.240384615384615
"948","FB",2020-08-03,1032,0.297480620155039
"949","FB",2020-08-04,811,0.271270036991369
"950","FB",2020-08-05,763,0.190039318479685
"951","FB",2020-08-06,1831,0.230475150191152
"952","FB",2020-08-07,1798,0.220244716351502
"953","FB",2020-08-08,356,0.342696629213483
"954","FB",2020-08-09,383,0.389033942558747
"955","FB",2020-08-10,887,0.191657271702368
"956","FB",2020-08-11,972,0.228395061728395
"957","FB",2020-08-12,908,0.294052863436123
"958","FB",2020-08-13,772,0.211139896373057
"959","FB",2020-08-14,719,0.171070931849791
"960","FB",2020-08-15,388,0.342783505154639
"961","FB",2020-08-16,374,0.24331550802139
"962","FB",2020-08-17,730,0.36986301369863
"963","FB",2020-08-18,1173,0.384484228473998
"964","FB",2020-08-19,1338,0.294469357249626
"965","FB",2020-08-20,1121,0.323818019625335
"966","FB",2020-08-21,1043,0.367209971236817
"967","FB",2020-08-22,537,0.463687150837989
"968","FB",2020-08-23,588,0.399659863945578
"969","FB",2020-08-24,1100,0.314545454545455
"970","FB",2020-08-25,1579,0.324889170360988
"971","FB",2020-08-26,2494,0.28588612670409
"972","FB",2020-08-27,1224,0.108660130718954
"973","FB",2020-08-28,784,0.0714285714285714
"974","FB",2020-08-29,426,0.07981220657277
"975","FB",2020-08-30,322,0.301242236024845
"976","FB",2020-08-31,857,0.231038506417736
"977","FB",2020-09-01,912,0.25
"978","FB",2020-09-02,899,0.234705228031146
"979","FB",2020-09-03,1086,-0.0469613259668508
"980","FB",2020-09-04,871,0.125143513203215
"981","FB",2020-09-05,304,0.157894736842105
"982","FB",2020-09-06,275,0.2
"983","FB",2020-09-07,450,0.262222222222222
"984","FB",2020-09-08,799,0.132665832290363
"985","FB",2020-09-09,657,0.150684931506849
"986","FB",2020-09-10,691,0.150506512301013
"987","FB",2020-09-11,664,0.0978915662650602
"988","FB",2020-09-12,318,0.166666666666667
"989","FB",2020-09-13,346,0.179190751445087
"990","FB",2020-09-14,837,0.289127837514934
"991","FB",2020-09-15,963,0.0363447559709242
"992","FB",2020-09-16,1116,0.102150537634409
"993","FB",2020-09-17,1064,0.130639097744361
"994","FB",2020-09-18,1053,0.0740740740740741
"995","FB",2020-09-19,522,0.318007662835249
"996","FB",2020-09-20,501,0.337325349301397
"997","FB",2020-09-21,1086,0.330570902394107
"998","FB",2020-09-22,1036,0.315637065637066
"999","FB",2020-09-23,1004,0.149402390438247
"1000","FB",2020-09-24,896,0.158482142857143
"1001","FB",2020-09-25,793,0.283732660781841
"1002","FB",2020-09-26,334,0.350299401197605
"1003","FB",2020-09-27,274,0.167883211678832
"1004","FB",2020-09-28,639,0.259780907668232
"1005","FB",2020-09-29,907,0.261300992282249
"1006","FB",2020-09-30,858,0.335664335664336
"1007","FB",2020-10-01,853,0.273153575615475
"1008","FB",2020-10-02,740,0.208108108108108
"1009","FB",2020-10-03,360,0.4
"1010","FB",2020-10-04,382,0.327225130890052
"1011","FB",2020-10-05,804,0.348258706467662
"1012","FB",2020-10-06,988,0.119433198380567
"1013","FB",2020-10-07,1018,0.18664047151277
"1014","FB",2020-10-08,833,0.331332533013205
"1015","FB",2020-10-09,793,0.382093316519546
"1016","FB",2020-10-10,478,0.535564853556485
"1017","FB",2020-10-11,531,0.395480225988701
"1018","FB",2020-10-12,1342,0.395678092399404
"1019","FB",2020-10-13,901,0.334073251942286
"1020","FB",2020-10-14,875,0.299428571428571
"1021","FB",2020-10-15,1006,0.119284294234592
"1022","FB",2020-10-16,894,0.236017897091723
"1023","FB",2020-10-17,480,0.30625
"1024","FB",2020-10-18,415,0.310843373493976
"1025","FB",2020-10-19,891,0.187429854096521
"1026","FB",2020-10-20,1263,0.31353919239905
"1027","FB",2020-10-21,1630,0.365644171779141
"1028","FB",2020-10-22,1335,0.378277153558052
"1029","FB",2020-10-23,1427,0.438682550805886
"1030","FB",2020-10-24,452,0.265486725663717
"1031","FB",2020-10-25,515,0.289320388349515
"1032","FB",2020-10-26,1016,0.188976377952756
"1033","FB",2020-10-27,840,0.148809523809524
"1034","FB",2020-10-28,1105,-0.0217194570135747
"1035","FB",2020-10-29,2513,0.15399920413848
"1036","FB",2020-10-30,1652,0.0338983050847458
"1037","FB",2020-10-31,363,0.0440771349862259
"1038","FB",2020-11-01,413,0.232445520581114
"1039","FB",2020-11-02,928,0.168103448275862
"1040","FB",2020-11-03,749,0.255006675567423
"1041","FB",2020-11-04,989,0.274014155712841
"1042","FB",2020-11-05,870,0.239080459770115
"1043","FB",2020-11-06,693,0.210678210678211
"1044","FB",2020-11-07,322,0.0279503105590062
"1045","FB",2020-11-08,290,0.313793103448276
"1046","FB",2020-11-09,624,0.182692307692308
"1047","FB",2020-11-10,762,0.073490813648294
"1048","FB",2020-11-11,669,0.0807174887892377
"1049","FB",2020-11-12,632,0.162974683544304
"1050","FB",2020-11-13,582,0.0309278350515464
"1051","FB",2020-11-14,257,0.0622568093385214
"1052","FB",2020-11-15,281,0.135231316725979
"1053","FB",2020-11-16,517,0.216634429400387
"1054","FB",2020-11-17,607,0.042833607907743
"1055","FB",2020-11-18,546,0.0238095238095238
"1056","FB",2020-11-19,530,0.1
"1057","FB",2020-11-20,502,0.191235059760956
"1058","FB",2020-11-21,271,0.11070110701107
"1059","FB",2020-11-22,217,0.184331797235023
"1060","FB",2020-11-23,624,0.22275641025641
"1061","FB",2020-11-24,680,0.229411764705882
"1062","FB",2020-11-25,564,0.195035460992908
"1063","FB",2020-11-26,225,0.32
"1064","FB",2020-11-27,538,0.276951672862454
"1065","FB",2020-11-28,240,0.208333333333333
"1066","FB",2020-11-29,276,0.239130434782609
"1067","FB",2020-11-30,756,0.226190476190476
"1068","FB",2020-12-01,1158,0.319516407599309
"1069","FB",2020-12-02,871,0.229621125143513
"1070","FB",2020-12-03,770,0.0844155844155844
"1071","FB",2020-12-04,670,0.0164179104477612
"1072","FB",2020-12-05,282,-0.00709219858156028
"1073","FB",2020-12-06,296,0.131756756756757
"1074","FB",2020-12-07,781,0.24583866837388
"1075","FB",2020-12-08,637,0.182103610675039
"1076","FB",2020-12-09,1516,-0.12532981530343
"1077","FB",2020-12-10,1222,-0.0662847790507365
"1078","FB",2020-12-11,779,0.0667522464698331
"1079","FB",2020-12-12,283,0.106007067137809
"1080","FB",2020-12-13,339,-0.0383480825958702
"1081","FB",2020-12-14,581,0.0998278829604131
"1082","FB",2020-12-15,951,0.161934805467928
"1083","FB",2020-12-16,914,0.050328227571116
"1084","FB",2020-12-17,873,0.129438717067583
"1085","FB",2020-12-18,761,0.0775295663600526
"1086","FB",2020-12-19,351,0.0797720797720798
"1087","FB",2020-12-20,321,0.0965732087227414
"1088","FB",2020-12-21,591,0.147208121827411
"1089","FB",2020-12-22,766,0.0913838120104439
"1090","FB",2020-12-23,649,0.201848998459168
"1091","FB",2020-12-24,412,0.12378640776699
"1092","FB",2020-12-25,162,0.0925925925925926
"1093","FB",2020-12-26,199,0.301507537688442
"1094","FB",2020-12-27,274,0.200729927007299
"1095","FB",2020-12-28,716,0.212290502793296
"1096","FB",2020-12-29,696,0.183908045977011
"1097","FB",2020-12-30,546,0.148351648351648
"1098","FB",2020-12-31,458,0.181222707423581
"1099","NFLX",2020-01-01,137,0.284671532846715
"1100","NFLX",2020-01-02,380,0.405263157894737
"1101","NFLX",2020-01-03,346,0.173410404624277
"1102","NFLX",2020-01-04,127,0.401574803149606
"1103","NFLX",2020-01-05,144,0.423611111111111
"1104","NFLX",2020-01-06,588,0.331632653061224
"1105","NFLX",2020-01-07,465,0.286021505376344
"1106","NFLX",2020-01-08,545,0.394495412844037
"1107","NFLX",2020-01-09,427,0.213114754098361
"1108","NFLX",2020-01-10,310,0.267741935483871
"1109","NFLX",2020-01-11,134,0.201492537313433
"1110","NFLX",2020-01-12,128,0.4765625
"1111","NFLX",2020-01-13,434,0.384792626728111
"1112","NFLX",2020-01-14,460,0.341304347826087
"1113","NFLX",2020-01-15,364,0.35989010989011
"1114","NFLX",2020-01-16,414,0.265700483091787
"1115","NFLX",2020-01-17,481,0.378378378378378
"1116","NFLX",2020-01-18,208,0.360576923076923
"1117","NFLX",2020-01-19,209,0.555023923444976
"1118","NFLX",2020-01-20,339,0.383480825958702
"1119","NFLX",2020-01-21,1579,0.293223559214693
"1120","NFLX",2020-01-22,1461,0.225188227241615
"1121","NFLX",2020-01-23,1319,0.342683851402578
"1122","NFLX",2020-01-24,908,0.332599118942731
"1123","NFLX",2020-01-25,288,0.392361111111111
"1124","NFLX",2020-01-26,214,0.518691588785047
"1125","NFLX",2020-01-27,471,0.21656050955414
"1126","NFLX",2020-01-28,504,0.25
"1127","NFLX",2020-01-29,441,0.208616780045351
"1128","NFLX",2020-01-30,371,0.1455525606469
"1129","NFLX",2020-01-31,340,0.238235294117647
"1130","NFLX",2020-02-01,158,0.272151898734177
"1131","NFLX",2020-02-02,177,0.203389830508475
"1132","NFLX",2020-02-03,452,0.491150442477876
"1133","NFLX",2020-02-04,604,0.334437086092715
"1134","NFLX",2020-02-05,558,0.28494623655914
"1135","NFLX",2020-02-06,346,0.26878612716763
"1136","NFLX",2020-02-07,388,0.293814432989691
"1137","NFLX",2020-02-08,123,0.227642276422764
"1138","NFLX",2020-02-09,144,0.3125
"1139","NFLX",2020-02-10,485,0.311340206185567
"1140","NFLX",2020-02-11,433,0.392609699769053
"1141","NFLX",2020-02-12,387,0.237726098191214
"1142","NFLX",2020-02-13,465,0.253763440860215
"1143","NFLX",2020-02-14,319,0.191222570532915
"1144","NFLX",2020-02-15,123,0.121951219512195
"1145","NFLX",2020-02-16,111,0.108108108108108
"1146","NFLX",2020-02-17,192,0.078125
"1147","NFLX",2020-02-18,485,0.210309278350515
"1148","NFLX",2020-02-19,426,0.251173708920188
"1149","NFLX",2020-02-20,345,0.0898550724637681
"1150","NFLX",2020-02-21,320,0.15625
"1151","NFLX",2020-02-22,108,0.0925925925925926
"1152","NFLX",2020-02-23,130,0.176923076923077
"1153","NFLX",2020-02-24,407,0.00982800982800983
"1154","NFLX",2020-02-25,421,0.197149643705463
"1155","NFLX",2020-02-26,538,0.263940520446097
"1156","NFLX",2020-02-27,856,0.307242990654206
"1157","NFLX",2020-02-28,401,0.211970074812968
"1158","NFLX",2020-02-29,169,0.100591715976331
"1159","NFLX",2020-03-01,142,0.147887323943662
"1160","NFLX",2020-03-02,270,0.2
"1161","NFLX",2020-03-03,460,0.247826086956522
"1162","NFLX",2020-03-04,360,0.197222222222222
"1163","NFLX",2020-03-05,504,0.263888888888889
"1164","NFLX",2020-03-06,421,0.123515439429929
"1165","NFLX",2020-03-07,138,0.173913043478261
"1166","NFLX",2020-03-08,138,0.130434782608696
"1167","NFLX",2020-03-09,425,-0.0541176470588235
"1168","NFLX",2020-03-10,433,0.15473441108545
"1169","NFLX",2020-03-11,437,0.105263157894737
"1170","NFLX",2020-03-12,534,-0.0205992509363296
"1171","NFLX",2020-03-13,396,0.121212121212121
"1172","NFLX",2020-03-14,129,0.170542635658915
"1173","NFLX",2020-03-15,174,0
"1174","NFLX",2020-03-16,413,-0.0121065375302663
"1175","NFLX",2020-03-17,420,0.0452380952380952
"1176","NFLX",2020-03-18,465,0.043010752688172
"1177","NFLX",2020-03-19,419,0.164677804295943
"1178","NFLX",2020-03-20,362,0.24585635359116
"1179","NFLX",2020-03-21,137,0.18978102189781
"1180","NFLX",2020-03-22,148,0.148648648648649
"1181","NFLX",2020-03-23,612,0.352941176470588
"1182","NFLX",2020-03-24,517,0.25531914893617
"1183","NFLX",2020-03-25,392,0.153061224489796
"1184","NFLX",2020-03-26,327,0.256880733944954
"1185","NFLX",2020-03-27,315,0.266666666666667
"1186","NFLX",2020-03-28,122,0.0163934426229508
"1187","NFLX",2020-03-29,143,0.188811188811189
"1188","NFLX",2020-03-30,404,0.247524752475248
"1189","NFLX",2020-03-31,384,0.15625
"1190","NFLX",2020-04-01,373,0.265415549597855
"1191","NFLX",2020-04-02,388,0.309278350515464
"1192","NFLX",2020-04-03,278,0.100719424460432
"1193","NFLX",2020-04-04,133,-0.0300751879699248
"1194","NFLX",2020-04-05,148,0.128378378378378
"1195","NFLX",2020-04-06,432,0.25462962962963
"1196","NFLX",2020-04-07,423,0.151300236406619
"1197","NFLX",2020-04-08,439,0.170842824601367
"1198","NFLX",2020-04-09,404,0.252475247524752
"1199","NFLX",2020-04-10,155,0.316129032258064
"1200","NFLX",2020-04-11,106,0.113207547169811
"1201","NFLX",2020-04-12,144,0.326388888888889
"1202","NFLX",2020-04-13,1159,0.391716997411562
"1203","NFLX",2020-04-14,974,0.353182751540041
"1204","NFLX",2020-04-15,1183,0.340659340659341
"1205","NFLX",2020-04-16,1324,0.27416918429003
"1206","NFLX",2020-04-17,909,0.301430143014301
"1207","NFLX",2020-04-18,290,0.368965517241379
"1208","NFLX",2020-04-19,338,0.343195266272189
"1209","NFLX",2020-04-20,985,0.295431472081218
"1210","NFLX",2020-04-21,2263,0.282368537339814
"1211","NFLX",2020-04-22,1561,0.300448430493274
"1212","NFLX",2020-04-23,765,0.303267973856209
"1213","NFLX",2020-04-24,511,0.268101761252446
"1214","NFLX",2020-04-25,259,0.359073359073359
"1215","NFLX",2020-04-26,278,0.377697841726619
"1216","NFLX",2020-04-27,471,0.375796178343949
"1217","NFLX",2020-04-28,643,0.189735614307932
"1218","NFLX",2020-04-29,573,0.336823734729494
"1219","NFLX",2020-04-30,501,0.375249500998004
"1220","NFLX",2020-05-01,451,0.272727272727273
"1221","NFLX",2020-05-02,164,0.378048780487805
"1222","NFLX",2020-05-03,174,0.339080459770115
"1223","NFLX",2020-05-04,593,0.409780775716695
"1224","NFLX",2020-05-05,577,0.265164644714038
"1225","NFLX",2020-05-06,610,0.391803278688525
"1226","NFLX",2020-05-07,462,0.372294372294372
"1227","NFLX",2020-05-08,417,0.3189448441247
"1228","NFLX",2020-05-09,142,0.23943661971831
"1229","NFLX",2020-05-10,141,0.134751773049645
"1230","NFLX",2020-05-11,468,0.320512820512821
"1231","NFLX",2020-05-12,520,-0.0134615384615385
"1232","NFLX",2020-05-13,573,0.225130890052356
"1233","NFLX",2020-05-14,698,0.279369627507163
"1234","NFLX",2020-05-15,590,0.228813559322034
"1235","NFLX",2020-05-16,146,0.280821917808219
"1236","NFLX",2020-05-17,222,0.396396396396396
"1237","NFLX",2020-05-18,562,0.298932384341637
"1238","NFLX",2020-05-19,486,0.316872427983539
"1239","NFLX",2020-05-20,465,0.23010752688172
"1240","NFLX",2020-05-21,573,0.240837696335079
"1241","NFLX",2020-05-22,363,0.212121212121212
"1242","NFLX",2020-05-23,217,0.15668202764977
"1243","NFLX",2020-05-24,163,0.214723926380368
"1244","NFLX",2020-05-25,218,0.252293577981651
"1245","NFLX",2020-05-26,596,0.172818791946309
"1246","NFLX",2020-05-27,680,0.263235294117647
"1247","NFLX",2020-05-28,506,0.33399209486166
"1248","NFLX",2020-05-29,309,0.275080906148867
"1249","NFLX",2020-05-30,123,0.308943089430894
"1250","NFLX",2020-05-31,124,0.225806451612903
"1251","NFLX",2020-06-01,422,0.395734597156398
"1252","NFLX",2020-06-02,360,0.297222222222222
"1253","NFLX",2020-06-03,468,0.19017094017094
"1254","NFLX",2020-06-04,452,0.165929203539823
"1255","NFLX",2020-06-05,428,0.123831775700935
"1256","NFLX",2020-06-06,169,0.106508875739645
"1257","NFLX",2020-06-07,202,0.0693069306930693
"1258","NFLX",2020-06-08,502,0.384462151394422
"1259","NFLX",2020-06-09,657,0.343987823439878
"1260","NFLX",2020-06-10,505,0.237623762376238
"1261","NFLX",2020-06-11,713,0.203366058906031
"1262","NFLX",2020-06-12,481,0.143451143451143
"1263","NFLX",2020-06-13,136,0.198529411764706
"1264","NFLX",2020-06-14,203,0.211822660098522
"1265","NFLX",2020-06-15,484,0.278925619834711
"1266","NFLX",2020-06-16,495,0.274747474747475
"1267","NFLX",2020-06-17,564,0.283687943262411
"1268","NFLX",2020-06-18,524,0.244274809160305
"1269","NFLX",2020-06-19,376,0.196808510638298
"1270","NFLX",2020-06-20,135,0.259259259259259
"1271","NFLX",2020-06-21,170,0.317647058823529
"1272","NFLX",2020-06-22,661,0.314674735249622
"1273","NFLX",2020-06-23,589,0.307300509337861
"1274","NFLX",2020-06-24,401,0.182044887780549
"1275","NFLX",2020-06-25,394,0.210659898477157
"1276","NFLX",2020-06-26,384,0.190104166666667
"1277","NFLX",2020-06-27,126,0.0793650793650794
"1278","NFLX",2020-06-28,199,0.190954773869347
"1279","NFLX",2020-06-29,353,0.288951841359773
"1280","NFLX",2020-06-30,476,0.359243697478992
"1281","NFLX",2020-07-01,920,0.405434782608696
"1282","NFLX",2020-07-02,581,0.294320137693632
"1283","NFLX",2020-07-03,193,0.398963730569948
"1284","NFLX",2020-07-04,135,0.348148148148148
"1285","NFLX",2020-07-05,177,0.282485875706215
"1286","NFLX",2020-07-06,924,0.207792207792208
"1287","NFLX",2020-07-07,596,0.35738255033557
"1288","NFLX",2020-07-08,655,0.364885496183206
"1289","NFLX",2020-07-09,547,0.307129798903108
"1290","NFLX",2020-07-10,1379,0.411167512690355
"1291","NFLX",2020-07-11,367,0.294277929155313
"1292","NFLX",2020-07-12,444,0.34009009009009
"1293","NFLX",2020-07-13,1179,0.350296861747243
"1294","NFLX",2020-07-14,858,0.175990675990676
"1295","NFLX",2020-07-15,715,0.306293706293706
"1296","NFLX",2020-07-16,3171,0.140964995269631
"1297","NFLX",2020-07-17,2114,0.129139072847682
"1298","NFLX",2020-07-18,332,0.240963855421687
"1299","NFLX",2020-07-19,341,0.404692082111437
"1300","NFLX",2020-07-20,960,0.260416666666667
"1301","NFLX",2020-07-21,734,0.271117166212534
"1302","NFLX",2020-07-22,643,0.129082426127527
"1303","NFLX",2020-07-23,807,-0.0223048327137546
"1304","NFLX",2020-07-24,780,0.184615384615385
"1305","NFLX",2020-07-25,217,0.0691244239631336
"1306","NFLX",2020-07-26,178,0.303370786516854
"1307","NFLX",2020-07-27,580,0.341379310344828
"1308","NFLX",2020-07-28,440,0.279545454545455
"1309","NFLX",2020-07-29,527,0.197343453510436
"1310","NFLX",2020-07-30,502,0.298804780876494
"1311","NFLX",2020-07-31,429,0.365967365967366
"1312","NFLX",2020-08-01,196,0.290816326530612
"1313","NFLX",2020-08-02,199,0.28643216080402
"1314","NFLX",2020-08-03,616,0.438311688311688
"1315","NFLX",2020-08-04,602,0.450166112956811
"1316","NFLX",2020-08-05,498,0.327309236947791
"1317","NFLX",2020-08-06,560,0.226785714285714
"1318","NFLX",2020-08-07,641,0.174726989079563
"1319","NFLX",2020-08-08,155,0.283870967741935
"1320","NFLX",2020-08-09,155,0.283870967741935
"1321","NFLX",2020-08-10,522,0.243295019157088
"1322","NFLX",2020-08-11,715,0.255944055944056
"1323","NFLX",2020-08-12,659,0.332321699544765
"1324","NFLX",2020-08-13,541,0.266173752310536
"1325","NFLX",2020-08-14,461,0.264642082429501
"1326","NFLX",2020-08-15,218,0.334862385321101
"1327","NFLX",2020-08-16,218,0.362385321100917
"1328","NFLX",2020-08-17,470,0.453191489361702
"1329","NFLX",2020-08-18,651,0.497695852534562
"1330","NFLX",2020-08-19,597,0.346733668341709
"1331","NFLX",2020-08-20,630,0.419047619047619
"1332","NFLX",2020-08-21,572,0.477272727272727
"1333","NFLX",2020-08-22,281,0.469750889679715
"1334","NFLX",2020-08-23,341,0.504398826979472
"1335","NFLX",2020-08-24,547,0.369287020109689
"1336","NFLX",2020-08-25,545,0.289908256880734
"1337","NFLX",2020-08-26,1721,0.406740267286461
"1338","NFLX",2020-08-27,751,0.383488681757656
"1339","NFLX",2020-08-28,449,0.391982182628062
"1340","NFLX",2020-08-29,185,0.264864864864865
"1341","NFLX",2020-08-30,182,0.296703296703297
"1342","NFLX",2020-08-31,568,0.383802816901408
"1343","NFLX",2020-09-01,812,0.46551724137931
"1344","NFLX",2020-09-02,611,0.312602291325696
"1345","NFLX",2020-09-03,554,0.128158844765343
"1346","NFLX",2020-09-04,526,0.125475285171103
"1347","NFLX",2020-09-05,169,0.27810650887574
"1348","NFLX",2020-09-06,138,0.420289855072464
"1349","NFLX",2020-09-07,259,0.347490347490348
"1350","NFLX",2020-09-08,588,0.321428571428571
"1351","NFLX",2020-09-09,570,0.257894736842105
"1352","NFLX",2020-09-10,649,0.0231124807395994
"1353","NFLX",2020-09-11,511,0.00782778864970646
"1354","NFLX",2020-09-12,240,0.00416666666666667
"1355","NFLX",2020-09-13,271,0.11070110701107
"1356","NFLX",2020-09-14,657,0.156773211567732
"1357","NFLX",2020-09-15,641,0.221528861154446
"1358","NFLX",2020-09-16,544,0.220588235294118
"1359","NFLX",2020-09-17,531,0.107344632768362
"1360","NFLX",2020-09-18,488,0.135245901639344
"1361","NFLX",2020-09-19,271,0.3690036900369
"1362","NFLX",2020-09-20,218,0.256880733944954
"1363","NFLX",2020-09-21,722,0.297783933518006
"1364","NFLX",2020-09-22,501,0.349301397205589
"1365","NFLX",2020-09-23,529,0.185255198487713
"1366","NFLX",2020-09-24,486,0.263374485596708
"1367","NFLX",2020-09-25,498,0.295180722891566
"1368","NFLX",2020-09-26,178,0.410112359550562
"1369","NFLX",2020-09-27,161,0.440993788819876
"1370","NFLX",2020-09-28,524,0.387404580152672
"1371","NFLX",2020-09-29,570,0.298245614035088
"1372","NFLX",2020-09-30,577,0.376083188908146
"1373","NFLX",2020-10-01,854,0.46135831381733
"1374","NFLX",2020-10-02,603,0.26865671641791
"1375","NFLX",2020-10-03,193,0.430051813471503
"1376","NFLX",2020-10-04,249,0.437751004016064
"1377","NFLX",2020-10-05,607,0.477759472817133
"1378","NFLX",2020-10-06,611,0.292962356792144
"1379","NFLX",2020-10-07,952,0.453781512605042
"1380","NFLX",2020-10-08,660,0.451515151515152
"1381","NFLX",2020-10-09,742,0.532345013477089
"1382","NFLX",2020-10-10,323,0.572755417956656
"1383","NFLX",2020-10-11,333,0.486486486486487
"1384","NFLX",2020-10-12,743,0.413189771197847
"1385","NFLX",2020-10-13,770,0.379220779220779
"1386","NFLX",2020-10-14,1017,0.458210422812193
"1387","NFLX",2020-10-15,799,0.340425531914894
"1388","NFLX",2020-10-16,837,0.452807646356033
"1389","NFLX",2020-10-17,369,0.495934959349593
"1390","NFLX",2020-10-18,418,0.399521531100478
"1391","NFLX",2020-10-19,867,0.44636678200692
"1392","NFLX",2020-10-20,2289,0.203582350371341
"1393","NFLX",2020-10-21,1949,0.29297075423294
"1394","NFLX",2020-10-22,992,0.334677419354839
"1395","NFLX",2020-10-23,836,0.504784688995215
"1396","NFLX",2020-10-24,229,0.366812227074236
"1397","NFLX",2020-10-25,199,0.331658291457286
"1398","NFLX",2020-10-26,454,0.242290748898678
"1399","NFLX",2020-10-27,433,0.244803695150115
"1400","NFLX",2020-10-28,536,0.194029850746269
"1401","NFLX",2020-10-29,1068,0.293071161048689
"1402","NFLX",2020-10-30,641,0.170046801872075
"1403","NFLX",2020-10-31,151,0.337748344370861
"1404","NFLX",2020-11-01,174,0.333333333333333
"1405","NFLX",2020-11-02,446,0.179372197309417
"1406","NFLX",2020-11-03,360,0.4
"1407","NFLX",2020-11-04,386,0.233160621761658
"1408","NFLX",2020-11-05,411,0.316301703163017
"1409","NFLX",2020-11-06,328,0.259146341463415
"1410","NFLX",2020-11-07,129,0.178294573643411
"1411","NFLX",2020-11-08,119,0.235294117647059
"1412","NFLX",2020-11-09,668,0.133233532934132
"1413","NFLX",2020-11-10,571,0.225919439579685
"1414","NFLX",2020-11-11,460,0.282608695652174
"1415","NFLX",2020-11-12,414,0.326086956521739
"1416","NFLX",2020-11-13,343,0.102040816326531
"1417","NFLX",2020-11-14,138,0.27536231884058
"1418","NFLX",2020-11-15,153,0.169934640522876
"1419","NFLX",2020-11-16,332,0.159638554216867
"1420","NFLX",2020-11-17,315,0.257142857142857
"1421","NFLX",2020-11-18,363,0.165289256198347
"1422","NFLX",2020-11-19,354,0.285310734463277
"1423","NFLX",2020-11-20,575,0.314782608695652
"1424","NFLX",2020-11-21,150,0.446666666666667
"1425","NFLX",2020-11-22,163,0.294478527607362
"1426","NFLX",2020-11-23,515,0.407766990291262
"1427","NFLX",2020-11-24,467,0.284796573875803
"1428","NFLX",2020-11-25,388,0.211340206185567
"1429","NFLX",2020-11-26,128,0.4453125
"1430","NFLX",2020-11-27,299,0.45819397993311
"1431","NFLX",2020-11-28,141,0.276595744680851
"1432","NFLX",2020-11-29,163,0.49079754601227
"1433","NFLX",2020-11-30,370,0.378378378378378
"1434","NFLX",2020-12-01,709,0.425952045133992
"1435","NFLX",2020-12-02,486,0.283950617283951
"1436","NFLX",2020-12-03,456,0.232456140350877
"1437","NFLX",2020-12-04,447,0.105145413870246
"1438","NFLX",2020-12-05,165,-0.0787878787878788
"1439","NFLX",2020-12-06,192,0.161458333333333
"1440","NFLX",2020-12-07,668,0.437125748502994
"1441","NFLX",2020-12-08,521,0.295585412667946
"1442","NFLX",2020-12-09,489,0.104294478527607
"1443","NFLX",2020-12-10,500,0.15
"1444","NFLX",2020-12-11,568,0.153169014084507
"1445","NFLX",2020-12-12,192,0.046875
"1446","NFLX",2020-12-13,180,-0.0555555555555556
"1447","NFLX",2020-12-14,552,0.338768115942029
"1448","NFLX",2020-12-15,436,0.282110091743119
"1449","NFLX",2020-12-16,420,0.261904761904762
"1450","NFLX",2020-12-17,504,0.301587301587302
"1451","NFLX",2020-12-18,346,0.210982658959538
"1452","NFLX",2020-12-19,178,0.0112359550561798
"1453","NFLX",2020-12-20,181,0.0883977900552486
"1454","NFLX",2020-12-21,328,0.222560975609756
"1455","NFLX",2020-12-22,345,0.217391304347826
"1456","NFLX",2020-12-23,304,0.210526315789474
"1457","NFLX",2020-12-24,180,0.166666666666667
"1458","NFLX",2020-12-25,66,0.363636363636364
"1459","NFLX",2020-12-26,99,0.222222222222222
"1460","NFLX",2020-12-27,123,0.300813008130081
"1461","NFLX",2020-12-28,344,0.40406976744186
"1462","NFLX",2020-12-29,488,0.377049180327869
"1463","NFLX",2020-12-30,360,0.125
"1464","NFLX",2020-12-31,520,0.390384615384615
"1465","GOOGL",2020-01-01,75,0.453333333333333
"1466","GOOGL",2020-01-02,254,0.44488188976378
"1467","GOOGL",2020-01-03,239,0.397489539748954
"1468","GOOGL",2020-01-04,113,0.424778761061947
"1469","GOOGL",2020-01-05,118,0.279661016949153
"1470","GOOGL",2020-01-06,440,0.375
"1471","GOOGL",2020-01-07,311,0.453376205787781
"1472","GOOGL",2020-01-08,236,0.415254237288136
"1473","GOOGL",2020-01-09,284,0.426056338028169
"1474","GOOGL",2020-01-10,284,0.341549295774648
"1475","GOOGL",2020-01-11,94,0.468085106382979
"1476","GOOGL",2020-01-12,101,0.485148514851485
"1477","GOOGL",2020-01-13,245,0.387755102040816
"1478","GOOGL",2020-01-14,244,0.545081967213115
"1479","GOOGL",2020-01-15,190,0.173684210526316
"1480","GOOGL",2020-01-16,323,0.464396284829721
"1481","GOOGL",2020-01-17,455,0.494505494505495
"1482","GOOGL",2020-01-18,164,0.390243902439024
"1483","GOOGL",2020-01-19,115,0.556521739130435
"1484","GOOGL",2020-01-20,153,0.620915032679739
"1485","GOOGL",2020-01-21,315,0.365079365079365
"1486","GOOGL",2020-01-22,287,0.268292682926829
"1487","GOOGL",2020-01-23,227,0.330396475770925
"1488","GOOGL",2020-01-24,291,0.353951890034364
"1489","GOOGL",2020-01-25,124,0.403225806451613
"1490","GOOGL",2020-01-26,93,0.505376344086022
"1491","GOOGL",2020-01-27,265,0.339622641509434
"1492","GOOGL",2020-01-28,219,0.438356164383562
"1493","GOOGL",2020-01-29,256,0.29296875
"1494","GOOGL",2020-01-30,264,0.325757575757576
"1495","GOOGL",2020-01-31,315,0.358730158730159
"1496","GOOGL",2020-02-01,186,0.419354838709677
"1497","GOOGL",2020-02-02,181,0.325966850828729
"1498","GOOGL",2020-02-03,937,0.23906083244397
"1499","GOOGL",2020-02-04,704,0.286931818181818
"1500","GOOGL",2020-02-05,310,0.290322580645161
"1501","GOOGL",2020-02-06,300,0.376666666666667
"1502","GOOGL",2020-02-07,259,0.444015444015444
"1503","GOOGL",2020-02-08,135,0.548148148148148
"1504","GOOGL",2020-02-09,105,0.371428571428571
"1505","GOOGL",2020-02-10,411,0.394160583941606
"1506","GOOGL",2020-02-11,430,0.244186046511628
"1507","GOOGL",2020-02-12,275,0.2
"1508","GOOGL",2020-02-13,219,0.296803652968037
"1509","GOOGL",2020-02-14,202,0.420792079207921
"1510","GOOGL",2020-02-15,92,0.489130434782609
"1511","GOOGL",2020-02-16,93,0.451612903225806
"1512","GOOGL",2020-02-17,114,0.307017543859649
"1513","GOOGL",2020-02-18,199,0.261306532663317
"1514","GOOGL",2020-02-19,229,0.209606986899563
"1515","GOOGL",2020-02-20,195,0.128205128205128
"1516","GOOGL",2020-02-21,230,0.191304347826087
"1517","GOOGL",2020-02-22,91,0.21978021978022
"1518","GOOGL",2020-02-23,89,0.258426966292135
"1519","GOOGL",2020-02-24,188,0.138297872340426
"1520","GOOGL",2020-02-25,221,0.158371040723982
"1521","GOOGL",2020-02-26,213,0.28169014084507
"1522","GOOGL",2020-02-27,261,0.0459770114942529
"1523","GOOGL",2020-02-28,239,0.00418410041841004
"1524","GOOGL",2020-02-29,109,0.348623853211009
"1525","GOOGL",2020-03-01,62,0.032258064516129
"1526","GOOGL",2020-03-02,174,0.235632183908046
"1527","GOOGL",2020-03-03,243,0.218106995884774
"1528","GOOGL",2020-03-04,190,0.178947368421053
"1529","GOOGL",2020-03-05,243,0.0781893004115226
"1530","GOOGL",2020-03-06,282,0.0177304964539007
"1531","GOOGL",2020-03-07,92,0.347826086956522
"1532","GOOGL",2020-03-08,74,0.108108108108108
"1533","GOOGL",2020-03-09,206,0.0388349514563107
"1534","GOOGL",2020-03-10,194,0.195876288659794
"1535","GOOGL",2020-03-11,240,0.1875
"1536","GOOGL",2020-03-12,258,0.0891472868217054
"1537","GOOGL",2020-03-13,309,0.197411003236246
"1538","GOOGL",2020-03-14,100,-0.03
"1539","GOOGL",2020-03-15,182,0.0659340659340659
"1540","GOOGL",2020-03-16,219,0.127853881278539
"1541","GOOGL",2020-03-17,216,0.282407407407407
"1542","GOOGL",2020-03-18,182,0.0879120879120879
"1543","GOOGL",2020-03-19,184,0.0543478260869565
"1544","GOOGL",2020-03-20,214,0.172897196261682
"1545","GOOGL",2020-03-21,97,0.206185567010309
"1546","GOOGL",2020-03-22,94,0.106382978723404
"1547","GOOGL",2020-03-23,233,0.171673819742489
"1548","GOOGL",2020-03-24,258,0.205426356589147
"1549","GOOGL",2020-03-25,287,0.149825783972125
"1550","GOOGL",2020-03-26,222,0.13963963963964
"1551","GOOGL",2020-03-27,186,0.301075268817204
"1552","GOOGL",2020-03-28,81,0.246913580246914
"1553","GOOGL",2020-03-29,66,-0.0151515151515152
"1554","GOOGL",2020-03-30,229,0.231441048034935
"1555","GOOGL",2020-03-31,201,0.328358208955224
"1556","GOOGL",2020-04-01,214,0.186915887850467
"1557","GOOGL",2020-04-02,194,0.221649484536082
"1558","GOOGL",2020-04-03,214,0.172897196261682
"1559","GOOGL",2020-04-04,83,0.192771084337349
"1560","GOOGL",2020-04-05,68,0.147058823529412
"1561","GOOGL",2020-04-06,187,0.181818181818182
"1562","GOOGL",2020-04-07,195,0.256410256410256
"1563","GOOGL",2020-04-08,238,0.0588235294117647
"1564","GOOGL",2020-04-09,207,0.265700483091787
"1565","GOOGL",2020-04-10,130,0.207692307692308
"1566","GOOGL",2020-04-11,78,0.0897435897435897
"1567","GOOGL",2020-04-12,110,0.190909090909091
"1568","GOOGL",2020-04-13,441,-0.124716553287982
"1569","GOOGL",2020-04-14,434,-0.0253456221198157
"1570","GOOGL",2020-04-15,304,0.0822368421052632
"1571","GOOGL",2020-04-16,384,0.0442708333333333
"1572","GOOGL",2020-04-17,272,0.198529411764706
"1573","GOOGL",2020-04-18,129,0.232558139534884
"1574","GOOGL",2020-04-19,103,0.339805825242718
"1575","GOOGL",2020-04-20,318,0.10377358490566
"1576","GOOGL",2020-04-21,270,0.222222222222222
"1577","GOOGL",2020-04-22,301,0.299003322259136
"1578","GOOGL",2020-04-23,361,0.18005540166205
"1579","GOOGL",2020-04-24,342,0.228070175438596
"1580","GOOGL",2020-04-25,159,0.377358490566038
"1581","GOOGL",2020-04-26,169,0.195266272189349
"1582","GOOGL",2020-04-27,389,0.29305912596401
"1583","GOOGL",2020-04-28,1123,0.256455921638468
"1584","GOOGL",2020-04-29,918,0.332244008714597
"1585","GOOGL",2020-04-30,352,0.269886363636364
"1586","GOOGL",2020-05-01,322,0.363354037267081
"1587","GOOGL",2020-05-02,125,0.448
"1588","GOOGL",2020-05-03,149,0.416107382550336
"1589","GOOGL",2020-05-04,387,0.27906976744186
"1590","GOOGL",2020-05-05,268,0.305970149253731
"1591","GOOGL",2020-05-06,234,0.158119658119658
"1592","GOOGL",2020-05-07,297,0.249158249158249
"1593","GOOGL",2020-05-08,225,0.391111111111111
"1594","GOOGL",2020-05-09,119,0.260504201680672
"1595","GOOGL",2020-05-10,92,0.423913043478261
"1596","GOOGL",2020-05-11,215,0.381395348837209
"1597","GOOGL",2020-05-12,366,-0.19672131147541
"1598","GOOGL",2020-05-13,272,0.176470588235294
"1599","GOOGL",2020-05-14,218,0.110091743119266
"1600","GOOGL",2020-05-15,276,0.0181159420289855
"1601","GOOGL",2020-05-16,141,0.290780141843972
"1602","GOOGL",2020-05-17,120,0.4
"1603","GOOGL",2020-05-18,244,0.163934426229508
"1604","GOOGL",2020-05-19,233,0.261802575107296
"1605","GOOGL",2020-05-20,277,0.310469314079422
"1606","GOOGL",2020-05-21,238,0.289915966386555
"1607","GOOGL",2020-05-22,235,0.25531914893617
"1608","GOOGL",2020-05-23,153,0.254901960784314
"1609","GOOGL",2020-05-24,110,0.345454545454545
"1610","GOOGL",2020-05-25,175,0.171428571428571
"1611","GOOGL",2020-05-26,266,0.191729323308271
"1612","GOOGL",2020-05-27,341,0.111436950146628
"1613","GOOGL",2020-05-28,355,0.00845070422535211
"1614","GOOGL",2020-05-29,240,0.195833333333333
"1615","GOOGL",2020-05-30,106,0.160377358490566
"1616","GOOGL",2020-05-31,84,0.333333333333333
"1617","GOOGL",2020-06-01,292,0.462328767123288
"1618","GOOGL",2020-06-02,281,0.427046263345196
"1619","GOOGL",2020-06-03,487,0.232032854209446
"1620","GOOGL",2020-06-04,326,0.242331288343558
"1621","GOOGL",2020-06-05,427,0.159250585480094
"1622","GOOGL",2020-06-06,140,0.242857142857143
"1623","GOOGL",2020-06-07,169,0.159763313609467
"1624","GOOGL",2020-06-08,416,0.394230769230769
"1625","GOOGL",2020-06-09,465,0.309677419354839
"1626","GOOGL",2020-06-10,350,0.271428571428571
"1627","GOOGL",2020-06-11,422,0.163507109004739
"1628","GOOGL",2020-06-12,312,0.323717948717949
"1629","GOOGL",2020-06-13,87,0.218390804597701
"1630","GOOGL",2020-06-14,113,0.309734513274336
"1631","GOOGL",2020-06-15,339,0.410029498525074
"1632","GOOGL",2020-06-16,288,0.253472222222222
"1633","GOOGL",2020-06-17,310,0.135483870967742
"1634","GOOGL",2020-06-18,295,0.0644067796610169
"1635","GOOGL",2020-06-19,204,0.362745098039216
"1636","GOOGL",2020-06-20,114,0.105263157894737
"1637","GOOGL",2020-06-21,106,0.207547169811321
"1638","GOOGL",2020-06-22,353,0.263456090651558
"1639","GOOGL",2020-06-23,358,0.259776536312849
"1640","GOOGL",2020-06-24,349,0.292263610315186
"1641","GOOGL",2020-06-25,328,0.332317073170732
"1642","GOOGL",2020-06-26,396,0.202020202020202
"1643","GOOGL",2020-06-27,149,0.214765100671141
"1644","GOOGL",2020-06-28,165,0.121212121212121
"1645","GOOGL",2020-06-29,347,0.265129682997118
"1646","GOOGL",2020-06-30,335,0.376119402985075
"1647","GOOGL",2020-07-01,378,0.404761904761905
"1648","GOOGL",2020-07-02,410,0.409756097560976
"1649","GOOGL",2020-07-03,117,0.538461538461538
"1650","GOOGL",2020-07-04,96,0.3125
"1651","GOOGL",2020-07-05,132,0.340909090909091
"1652","GOOGL",2020-07-06,352,0.463068181818182
"1653","GOOGL",2020-07-07,404,0.26980198019802
"1654","GOOGL",2020-07-08,341,0.290322580645161
"1655","GOOGL",2020-07-09,436,0.252293577981651
"1656","GOOGL",2020-07-10,439,0.232346241457859
"1657","GOOGL",2020-07-11,151,0.357615894039735
"1658","GOOGL",2020-07-12,184,0.304347826086957
"1659","GOOGL",2020-07-13,541,0.395563770794824
"1660","GOOGL",2020-07-14,465,0.296774193548387
"1661","GOOGL",2020-07-15,356,0.407303370786517
"1662","GOOGL",2020-07-16,358,0.114525139664804
"1663","GOOGL",2020-07-17,289,0.273356401384083
"1664","GOOGL",2020-07-18,109,0.146788990825688
"1665","GOOGL",2020-07-19,142,0.323943661971831
"1666","GOOGL",2020-07-20,473,0.418604651162791
"1667","GOOGL",2020-07-21,402,0.380597014925373
"1668","GOOGL",2020-07-22,370,0.243243243243243
"1669","GOOGL",2020-07-23,482,0.0643153526970954
"1670","GOOGL",2020-07-24,425,0.115294117647059
"1671","GOOGL",2020-07-25,191,0.141361256544503
"1672","GOOGL",2020-07-26,206,0.213592233009709
"1673","GOOGL",2020-07-27,451,0.237250554323725
"1674","GOOGL",2020-07-28,387,0.211886304909561
"1675","GOOGL",2020-07-29,637,0.116169544740973
"1676","GOOGL",2020-07-30,1325,0.239245283018868
"1677","GOOGL",2020-07-31,865,0.270520231213873
"1678","GOOGL",2020-08-01,225,0.395555555555556
"1679","GOOGL",2020-08-02,177,0.446327683615819
"1680","GOOGL",2020-08-03,563,0.396092362344583
"1681","GOOGL",2020-08-04,454,0.363436123348018
"1682","GOOGL",2020-08-05,342,0.318713450292398
"1683","GOOGL",2020-08-06,411,0.352798053527981
"1684","GOOGL",2020-08-07,372,0.32258064516129
"1685","GOOGL",2020-08-08,114,0.37719298245614
"1686","GOOGL",2020-08-09,161,0.521739130434783
"1687","GOOGL",2020-08-10,271,0.302583025830258
"1688","GOOGL",2020-08-11,374,0.240641711229947
"1689","GOOGL",2020-08-12,308,0.253246753246753
"1690","GOOGL",2020-08-13,345,0.208695652173913
"1691","GOOGL",2020-08-14,344,0.0755813953488372
"1692","GOOGL",2020-08-15,155,0.264516129032258
"1693","GOOGL",2020-08-16,164,0.207317073170732
"1694","GOOGL",2020-08-17,266,0.338345864661654
"1695","GOOGL",2020-08-18,395,0.440506329113924
"1696","GOOGL",2020-08-19,402,0.45771144278607
"1697","GOOGL",2020-08-20,337,0.216617210682493
"1698","GOOGL",2020-08-21,331,0.404833836858006
"1699","GOOGL",2020-08-22,148,0.25
"1700","GOOGL",2020-08-23,144,0.395833333333333
"1701","GOOGL",2020-08-24,356,0.27247191011236
"1702","GOOGL",2020-08-25,348,0.327586206896552
"1703","GOOGL",2020-08-26,394,0.388324873096447
"1704","GOOGL",2020-08-27,295,0.322033898305085
"1705","GOOGL",2020-08-28,215,0.32093023255814
"1706","GOOGL",2020-08-29,120,0.366666666666667
"1707","GOOGL",2020-08-30,110,0.245454545454545
"1708","GOOGL",2020-08-31,255,0.325490196078431
"1709","GOOGL",2020-09-01,329,0.346504559270517
"1710","GOOGL",2020-09-02,386,0.349740932642487
"1711","GOOGL",2020-09-03,362,0.113259668508287
"1712","GOOGL",2020-09-04,303,0.0759075907590759
"1713","GOOGL",2020-09-05,109,-0.211009174311927
"1714","GOOGL",2020-09-06,74,0.27027027027027
"1715","GOOGL",2020-09-07,122,0.131147540983607
"1716","GOOGL",2020-09-08,261,0.0498084291187739
"1717","GOOGL",2020-09-09,223,0.134529147982063
"1718","GOOGL",2020-09-10,185,0.243243243243243
"1719","GOOGL",2020-09-11,244,0.188524590163934
"1720","GOOGL",2020-09-12,103,0.16504854368932
"1721","GOOGL",2020-09-13,105,0.19047619047619
"1722","GOOGL",2020-09-14,271,0.18450184501845
"1723","GOOGL",2020-09-15,245,0.236734693877551
"1724","GOOGL",2020-09-16,243,0.201646090534979
"1725","GOOGL",2020-09-17,256,0.1328125
"1726","GOOGL",2020-09-18,289,0.0242214532871972
"1727","GOOGL",2020-09-19,107,0.0280373831775701
"1728","GOOGL",2020-09-20,131,0.244274809160305
"1729","GOOGL",2020-09-21,298,0.12751677852349
"1730","GOOGL",2020-09-22,233,0.274678111587983
"1731","GOOGL",2020-09-23,273,-0.0402930402930403
"1732","GOOGL",2020-09-24,314,0.14968152866242
"1733","GOOGL",2020-09-25,265,0.218867924528302
"1734","GOOGL",2020-09-26,114,0.263157894736842
"1735","GOOGL",2020-09-27,99,0.323232323232323
"1736","GOOGL",2020-09-28,208,0.355769230769231
"1737","GOOGL",2020-09-29,302,0.33112582781457
"1738","GOOGL",2020-09-30,362,0.18232044198895
"1739","GOOGL",2020-10-01,258,0.321705426356589
"1740","GOOGL",2020-10-02,238,0.147058823529412
"1741","GOOGL",2020-10-03,116,0.387931034482759
"1742","GOOGL",2020-10-04,109,0.357798165137615
"1743","GOOGL",2020-10-05,241,0.24896265560166
"1744","GOOGL",2020-10-06,328,0.106707317073171
"1745","GOOGL",2020-10-07,352,0.0681818181818182
"1746","GOOGL",2020-10-08,289,0.352941176470588
"1747","GOOGL",2020-10-09,306,0.382352941176471
"1748","GOOGL",2020-10-10,122,0.352459016393443
"1749","GOOGL",2020-10-11,148,0.128378378378378
"1750","GOOGL",2020-10-12,450,0.38
"1751","GOOGL",2020-10-13,256,0.34765625
"1752","GOOGL",2020-10-14,244,0.434426229508197
"1753","GOOGL",2020-10-15,236,0.279661016949153
"1754","GOOGL",2020-10-16,276,0.329710144927536
"1755","GOOGL",2020-10-17,118,0.330508474576271
"1756","GOOGL",2020-10-18,129,0.310077519379845
"1757","GOOGL",2020-10-19,234,0.226495726495726
"1758","GOOGL",2020-10-20,663,-0.0542986425339367
"1759","GOOGL",2020-10-21,450,0.177777777777778
"1760","GOOGL",2020-10-22,265,0.215094339622642
"1761","GOOGL",2020-10-23,317,0.384858044164038
"1762","GOOGL",2020-10-24,200,0.325
"1763","GOOGL",2020-10-25,198,0.358585858585859
"1764","GOOGL",2020-10-26,296,0.131756756756757
"1765","GOOGL",2020-10-27,246,0.203252032520325
"1766","GOOGL",2020-10-28,453,-0.0618101545253863
"1767","GOOGL",2020-10-29,1166,0.211835334476844
"1768","GOOGL",2020-10-30,711,0.139240506329114
"1769","GOOGL",2020-10-31,127,0.110236220472441
"1770","GOOGL",2020-11-01,133,0.255639097744361
"1771","GOOGL",2020-11-02,277,0.270758122743682
"1772","GOOGL",2020-11-03,270,0.4
"1773","GOOGL",2020-11-04,397,0.307304785894207
"1774","GOOGL",2020-11-05,282,0.24468085106383
"1775","GOOGL",2020-11-06,206,0.247572815533981
"1776","GOOGL",2020-11-07,91,0.131868131868132
"1777","GOOGL",2020-11-08,105,0.352380952380952
"1778","GOOGL",2020-11-09,227,0.409691629955947
"1779","GOOGL",2020-11-10,264,0.231060606060606
"1780","GOOGL",2020-11-11,301,0.119601328903654
"1781","GOOGL",2020-11-12,264,0.196969696969697
"1782","GOOGL",2020-11-13,244,0.290983606557377
"1783","GOOGL",2020-11-14,111,0.297297297297297
"1784","GOOGL",2020-11-15,96,0.302083333333333
"1785","GOOGL",2020-11-16,202,0.272277227722772
"1786","GOOGL",2020-11-17,169,0.266272189349112
"1787","GOOGL",2020-11-18,238,0.264705882352941
"1788","GOOGL",2020-11-19,225,0.373333333333333
"1789","GOOGL",2020-11-20,195,0.38974358974359
"1790","GOOGL",2020-11-21,99,0.404040404040404
"1791","GOOGL",2020-11-22,74,0.405405405405405
"1792","GOOGL",2020-11-23,206,0.228155339805825
"1793","GOOGL",2020-11-24,251,0.250996015936255
"1794","GOOGL",2020-11-25,202,0.301980198019802
"1795","GOOGL",2020-11-26,80,0.4125
"1796","GOOGL",2020-11-27,193,0.409326424870466
"1797","GOOGL",2020-11-28,76,0.407894736842105
"1798","GOOGL",2020-11-29,85,0.376470588235294
"1799","GOOGL",2020-11-30,232,0.21551724137931
"1800","GOOGL",2020-12-01,381,0.356955380577428
"1801","GOOGL",2020-12-02,343,0.256559766763848
"1802","GOOGL",2020-12-03,279,0.111111111111111
"1803","GOOGL",2020-12-04,263,0.14828897338403
"1804","GOOGL",2020-12-05,139,0.0143884892086331
"1805","GOOGL",2020-12-06,96,0.166666666666667
"1806","GOOGL",2020-12-07,261,0.256704980842912
"1807","GOOGL",2020-12-08,235,0.140425531914894
"1808","GOOGL",2020-12-09,222,0.126126126126126
"1809","GOOGL",2020-12-10,277,-0.0144404332129964
"1810","GOOGL",2020-12-11,232,0.155172413793103
"1811","GOOGL",2020-12-12,128,0
"1812","GOOGL",2020-12-13,121,-0.0991735537190083
"1813","GOOGL",2020-12-14,407,-0.164619164619165
"1814","GOOGL",2020-12-15,238,0.046218487394958
"1815","GOOGL",2020-12-16,273,0.0695970695970696
"1816","GOOGL",2020-12-17,387,-0.0723514211886305
"1817","GOOGL",2020-12-18,237,-0.0590717299578059
"1818","GOOGL",2020-12-19,138,0.0434782608695652
"1819","GOOGL",2020-12-20,119,0.0168067226890756
"1820","GOOGL",2020-12-21,249,0.228915662650602
"1821","GOOGL",2020-12-22,302,0.0662251655629139
"1822","GOOGL",2020-12-23,256,0.3203125
"1823","GOOGL",2020-12-24,158,0.215189873417722
"1824","GOOGL",2020-12-25,75,0.28
"1825","GOOGL",2020-12-26,81,0.45679012345679
"1826","GOOGL",2020-12-27,76,0.223684210526316
"1827","GOOGL",2020-12-28,255,0.450980392156863
"1828","GOOGL",2020-12-29,241,0.107883817427386
"1829","GOOGL",2020-12-30,209,0.138755980861244
"1830","GOOGL",2020-12-31,216,0.402777777777778
