ticker,date,wsbmentions,wsbsentiment
AAPL,1/1/2019,3,0
AAPL,2/1/2019,11,-0.1039
AAPL,3/1/2019,68,0.079394118
AAPL,4/1/2019,37,0.115702703
AAPL,5/1/2019,8,0.303425
AAPL,6/1/2019,4,0.2737
AAPL,7/1/2019,37,-0.013648649
AAPL,8/1/2019,16,-0.00395625
AAPL,9/1/2019,28,-0.047646429
AAPL,10/1/2019,22,0.188309091
AAPL,11/1/2019,29,-0.103665517
AAPL,12/1/2019,2,-0.6017
AAPL,13/1/2019,6,0.1507
AAPL,14/1/2019,34,0.026138235
AAPL,15/1/2019,15,0.069993333
AAPL,16/1/2019,9,-0.134266667
AAPL,17/1/2019,6,0.175833333
AAPL,18/1/2019,36,0.226561111
AAPL,19/1/2019,4,-0.02305
AAPL,20/1/2019,2,-0.93
AAPL,21/1/2019,5,0.06058
AAPL,22/1/2019,6,0.062383333
AAPL,23/1/2019,10,0.19614
AAPL,24/1/2019,11,-0.090381818
AAPL,25/1/2019,36,0.091591667
AAPL,26/1/2019,9,0.226877778
AAPL,27/1/2019,3,0.330533333
AAPL,28/1/2019,44,-0.096604546
AAPL,29/1/2019,95,-0.022763158
AAPL,30/1/2019,47,0.155865957
AAPL,31/1/2019,36,0.049941667
AAPL,1/2/2019,11,-0.094218182
AAPL,2/2/2019,1,-0.0516
AAPL,3/2/2019,0,0
AAPL,4/2/2019,16,0.025025
AAPL,5/2/2019,21,0.201776191
AAPL,6/2/2019,19,-0.05571579
AAPL,7/2/2019,12,-0.027841667
AAPL,8/2/2019,16,0.147525
AAPL,9/2/2019,0,0
AAPL,10/2/2019,1,-0.2263
AAPL,11/2/2019,3,0.021566667
AAPL,12/2/2019,14,-0.029864286
AAPL,13/2/2019,16,0.08225
AAPL,14/2/2019,7,-0.029614286
AAPL,15/2/2019,12,-0.067216667
AAPL,16/2/2019,0,0
AAPL,17/2/2019,0,0
AAPL,18/2/2019,0,0
AAPL,19/2/2019,3,-0.5634
AAPL,20/2/2019,10,0.05436
AAPL,21/2/2019,6,0.3506
AAPL,22/2/2019,7,0.4512
AAPL,23/2/2019,4,0.4789
AAPL,24/2/2019,1,0.7436
AAPL,25/2/2019,10,-0.08576
AAPL,26/2/2019,3,-0.549066667
AAPL,27/2/2019,3,0.194366667
AAPL,28/2/2019,3,0.139066667
AAPL,1/3/2019,11,0.145281818
AAPL,2/3/2019,1,0
AAPL,3/3/2019,0,0
AAPL,4/3/2019,5,0.3763
AAPL,5/3/2019,4,0.335125
AAPL,6/3/2019,6,0.007633333
AAPL,7/3/2019,2,0.3139
AAPL,8/3/2019,1,0.1027
AAPL,9/3/2019,4,0.4462
AAPL,10/3/2019,2,-0.07655
AAPL,11/3/2019,9,-0.027166667
AAPL,12/3/2019,50,0.087824
AAPL,13/3/2019,34,0.081317647
AAPL,14/3/2019,29,0.13257931
AAPL,15/3/2019,74,0.152125676
AAPL,16/3/2019,6,0.059533333
AAPL,17/3/2019,2,0.3612
AAPL,18/3/2019,0,0
AAPL,19/3/2019,59,0.011791525
AAPL,20/3/2019,34,-0.085705882
AAPL,21/3/2019,132,0.039806818
AAPL,22/3/2019,95,0.080486316
AAPL,23/3/2019,14,0.322442857
AAPL,24/3/2019,10,0.21414
AAPL,25/3/2019,73,0.045023288
AAPL,26/3/2019,90,-0.03754
AAPL,27/3/2019,21,0.130695238
AAPL,28/3/2019,14,-0.103871429
AAPL,29/3/2019,19,0.279236842
AAPL,30/3/2019,0,0
AAPL,31/3/2019,1,0.296
AAPL,1/4/2019,34,0.099108824
AAPL,2/4/2019,31,0.1341
AAPL,3/4/2019,30,-0.043166667
AAPL,4/4/2019,12,0.022216667
AAPL,5/4/2019,11,0.132981818
AAPL,6/4/2019,2,0.11595
AAPL,7/4/2019,2,-0.04985
AAPL,8/4/2019,56,-0.018878571
AAPL,9/4/2019,77,0.052748052
AAPL,10/4/2019,28,0.067296429
AAPL,11/4/2019,27,0.015477778
AAPL,12/4/2019,52,0.040365385
AAPL,13/4/2019,4,0.081975
AAPL,14/4/2019,3,0.440966667
AAPL,15/4/2019,8,0.3174875
AAPL,16/4/2019,35,0.056711429
AAPL,17/4/2019,40,0.12618
AAPL,18/4/2019,25,0.165256
AAPL,19/4/2019,6,0.113333333
AAPL,20/4/2019,14,-0.038085714
AAPL,21/4/2019,2,0.8764
AAPL,22/4/2019,6,0.045266667
AAPL,23/4/2019,16,0.05725
AAPL,24/4/2019,14,0.048614286
AAPL,25/4/2019,18,0.110027778
AAPL,26/4/2019,40,0.08148
AAPL,27/4/2019,7,0.195528571
AAPL,28/4/2019,7,0.385071429
AAPL,29/4/2019,32,0.164746875
AAPL,30/4/2019,175,0.032552
AAPL,1/5/2019,107,0.070583178
AAPL,2/5/2019,28,0.245532143
AAPL,3/5/2019,21,0.399628571
AAPL,4/5/2019,0,0
AAPL,5/5/2019,9,0.024566667
AAPL,6/5/2019,24,0.04205
AAPL,7/5/2019,18,-0.094744444
AAPL,8/5/2019,36,0.074316667
AAPL,9/5/2019,20,0.104505
AAPL,10/5/2019,32,-0.053153125
AAPL,11/5/2019,2,0.3673
AAPL,12/5/2019,0,0
AAPL,13/5/2019,49,0.130583674
AAPL,14/5/2019,21,0.103414286
AAPL,15/5/2019,56,0.088882143
AAPL,16/5/2019,48,-0.0069125
AAPL,17/5/2019,30,-0.038243333
AAPL,18/5/2019,2,-0.07325
AAPL,19/5/2019,4,-0.171975
AAPL,20/5/2019,38,-0.058392105
AAPL,21/5/2019,21,0.270180952
AAPL,22/5/2019,46,-0.061486957
AAPL,23/5/2019,16,-0.06275625
AAPL,24/5/2019,14,0.018314286
AAPL,25/5/2019,1,-0.3182
AAPL,26/5/2019,2,-0.1591
AAPL,27/5/2019,0,0
AAPL,28/5/2019,9,0.171622222
AAPL,29/5/2019,21,-0.005971429
AAPL,30/5/2019,11,-0.052281818
AAPL,31/5/2019,20,0.037715
AAPL,1/6/2019,4,0.48845
AAPL,2/6/2019,1,0
AAPL,3/6/2019,57,0.018770175
AAPL,4/6/2019,15,0.060266667
AAPL,5/6/2019,20,0.086625
AAPL,6/6/2019,7,-0.004642857
AAPL,7/6/2019,22,0.190227273
AAPL,8/6/2019,6,0.089733333
AAPL,9/6/2019,7,0.431571429
AAPL,10/6/2019,13,0.031176923
AAPL,11/6/2019,8,-0.2417625
AAPL,12/6/2019,20,0.16117
AAPL,13/6/2019,21,-0.012357143
AAPL,14/6/2019,14,0.105778571
AAPL,15/6/2019,2,-0.4019
AAPL,16/6/2019,0,0
AAPL,17/6/2019,5,-0.3607
AAPL,18/6/2019,15,0.066313333
AAPL,19/6/2019,18,-0.048588889
AAPL,20/6/2019,11,0.019772727
AAPL,21/6/2019,14,0.219078571
AAPL,22/6/2019,1,0.855
AAPL,23/6/2019,1,0.3612
AAPL,24/6/2019,15,-0.08342
AAPL,25/6/2019,5,-0.09534
AAPL,26/6/2019,19,0.045063158
AAPL,27/6/2019,17,-0.011576471
AAPL,28/6/2019,14,0.122128571
AAPL,29/6/2019,4,0.62995
AAPL,30/6/2019,2,0.4588
AAPL,1/7/2019,12,-0.029041667
AAPL,2/7/2019,14,-0.084914286
AAPL,3/7/2019,18,-0.009644444
AAPL,4/7/2019,3,0.2732
AAPL,5/7/2019,12,-0.069741667
AAPL,6/7/2019,2,-0.27115
AAPL,7/7/2019,2,0.2275
AAPL,8/7/2019,26,0.046057692
AAPL,9/7/2019,19,0.022710526
AAPL,10/7/2019,6,0.033583333
AAPL,11/7/2019,18,-0.010388889
AAPL,12/7/2019,14,0.186742857
AAPL,13/7/2019,4,0.2887
AAPL,14/7/2019,0,0
AAPL,15/7/2019,6,-0.1406
AAPL,16/7/2019,4,0
AAPL,17/7/2019,16,0.0434375
AAPL,18/7/2019,11,0.388172727
AAPL,19/7/2019,14,0.073421429
AAPL,20/7/2019,4,0.4478
AAPL,21/7/2019,1,0.9136
AAPL,22/7/2019,5,-0.06468
AAPL,23/7/2019,26,-0.006592308
AAPL,24/7/2019,11,0.163927273
AAPL,25/7/2019,7,-0.065685714
AAPL,26/7/2019,19,0.261142105
AAPL,27/7/2019,0,0
AAPL,28/7/2019,2,0.2023
AAPL,29/7/2019,15,0.2452
AAPL,30/7/2019,92,0.016765217
AAPL,31/7/2019,39,0.063269231
AAPL,1/8/2019,36,-0.013202778
AAPL,2/8/2019,34,0.02485
AAPL,3/8/2019,1,-0.0286
AAPL,4/8/2019,0,0
AAPL,5/8/2019,32,0.056984375
AAPL,6/8/2019,8,0.0254875
AAPL,7/8/2019,10,0.10115
AAPL,8/8/2019,4,-0.0271
AAPL,9/8/2019,14,0.091807143
AAPL,10/8/2019,3,-0.313133333
AAPL,11/8/2019,1,0
AAPL,12/8/2019,16,-0.0680375
AAPL,13/8/2019,30,-0.096613333
AAPL,14/8/2019,23,0.073804348
AAPL,15/8/2019,9,-0.002511111
AAPL,16/8/2019,13,0.025761539
AAPL,17/8/2019,3,-0.172666667
AAPL,18/8/2019,4,0.207525
AAPL,19/8/2019,19,-0.063431579
AAPL,20/8/2019,33,0.088206061
AAPL,21/8/2019,8,0.011575
AAPL,22/8/2019,2,0.5406
AAPL,23/8/2019,49,0.13825102
AAPL,24/8/2019,5,0.21858
AAPL,25/8/2019,9,0.276055556
AAPL,26/8/2019,14,0.223478571
AAPL,27/8/2019,9,0.123588889
AAPL,28/8/2019,3,0.370066667
AAPL,29/8/2019,2,0.064
AAPL,30/8/2019,8,0.2594125
AAPL,31/8/2019,0,0
AAPL,1/9/2019,3,0.779033333
AAPL,2/9/2019,0,0
AAPL,3/9/2019,12,0.0907
AAPL,4/9/2019,8,0.1136
AAPL,5/9/2019,9,0.230666667
AAPL,6/9/2019,15,-0.025793333
AAPL,7/9/2019,0,0
AAPL,8/9/2019,2,0.60055
AAPL,9/9/2019,20,0.08503
AAPL,10/9/2019,66,0.062271212
AAPL,11/9/2019,46,0.040480435
AAPL,12/9/2019,18,-0.133027778
AAPL,13/9/2019,64,0.007439063
AAPL,14/9/2019,2,0.2446
AAPL,15/9/2019,2,0.0722
AAPL,16/9/2019,6,-0.138583333
AAPL,17/9/2019,5,0.14516
AAPL,18/9/2019,16,0.08958125
AAPL,19/9/2019,7,-0.1819
AAPL,20/9/2019,14,0.084207143
AAPL,21/9/2019,4,0.1299
AAPL,22/9/2019,1,0.8911
AAPL,23/9/2019,10,-0.07346
AAPL,24/9/2019,16,-0.03585
AAPL,25/9/2019,10,0.26174
AAPL,26/9/2019,8,0.1057125
AAPL,27/9/2019,7,-0.206871429
AAPL,28/9/2019,4,-0.189475
AAPL,29/9/2019,2,-0.32385
AAPL,30/9/2019,23,0.085373913
AAPL,1/10/2019,70,0.008714286
AAPL,2/10/2019,37,-0.008016216
AAPL,3/10/2019,12,0.174333333
AAPL,4/10/2019,25,0.103712
AAPL,5/10/2019,10,0.20106
AAPL,6/10/2019,1,0.2023
AAPL,7/10/2019,29,0.059827586
AAPL,8/10/2019,27,0.078255556
AAPL,9/10/2019,7,-0.147685714
AAPL,10/10/2019,25,0.135704
AAPL,11/10/2019,48,0.085110417
AAPL,12/10/2019,8,-0.0479875
AAPL,13/10/2019,2,-0.2433
AAPL,14/10/2019,33,-0.203609091
AAPL,15/10/2019,45,-0.157455556
AAPL,16/10/2019,23,0.013252174
AAPL,17/10/2019,13,0.148538462
AAPL,18/10/2019,34,-0.021044118
AAPL,19/10/2019,8,-0.2465125
AAPL,20/10/2019,2,-0.11075
AAPL,21/10/2019,32,-0.12478125
AAPL,22/10/2019,30,0.046273333
AAPL,23/10/2019,31,-0.05006129
AAPL,24/10/2019,20,0.06388
AAPL,25/10/2019,36,0.066572222
AAPL,26/10/2019,7,-0.041742857
AAPL,27/10/2019,4,0.044125
AAPL,28/10/2019,43,0.209681395
AAPL,29/10/2019,85,0.058567059
AAPL,30/10/2019,131,0.065589313
AAPL,31/10/2019,48,-0.048241667
AAPL,1/11/2019,65,0.143975385
AAPL,2/11/2019,8,0.3349375
AAPL,3/11/2019,4,0.071475
AAPL,4/11/2019,14,0.090507143
AAPL,5/11/2019,9,-0.022466667
AAPL,6/11/2019,12,0.086491667
AAPL,7/11/2019,28,0.111171429
AAPL,8/11/2019,25,-0.056732
AAPL,9/11/2019,1,0
AAPL,10/11/2019,0,0
AAPL,11/11/2019,32,0.022690625
AAPL,12/11/2019,35,0.041308571
AAPL,13/11/2019,48,0.10485
AAPL,14/11/2019,58,0.060712069
AAPL,15/11/2019,55,0.178529091
AAPL,16/11/2019,7,0.067385714
AAPL,17/11/2019,4,0.11265
AAPL,18/11/2019,27,-0.084051852
AAPL,19/11/2019,42,0.003233333
AAPL,20/11/2019,58,-0.020782759
AAPL,21/11/2019,38,-0.064739474
AAPL,22/11/2019,29,-0.03082069
AAPL,23/11/2019,4,0.524775
AAPL,24/11/2019,0,0
AAPL,25/11/2019,25,0.153256
AAPL,26/11/2019,24,0.0528875
AAPL,27/11/2019,17,0.190194118
AAPL,28/11/2019,3,0.235233333
AAPL,29/11/2019,3,0.026433333
AAPL,30/11/2019,0,0
AAPL,1/12/2019,1,0.5423
AAPL,2/12/2019,16,0.12546875
AAPL,3/12/2019,27,-0.008685185
AAPL,4/12/2019,11,-0.060290909
AAPL,5/12/2019,13,-0.050615385
AAPL,6/12/2019,40,0.13548
AAPL,7/12/2019,3,0.236366667
AAPL,8/12/2019,8,-0.020825
AAPL,9/12/2019,30,-0.00734
AAPL,10/12/2019,19,0.128463158
AAPL,11/12/2019,18,0.041822222
AAPL,12/12/2019,37,0.04145946
AAPL,13/12/2019,28,-0.043842857
AAPL,14/12/2019,4,-0.022225
AAPL,15/12/2019,2,-0.00645
AAPL,16/12/2019,26,-0.118430769
AAPL,17/12/2019,30,-0.102263333
AAPL,18/12/2019,21,0.144395238
AAPL,19/12/2019,18,0.103061111
AAPL,20/12/2019,25,0.096432
AAPL,21/12/2019,3,0.591233333
AAPL,22/12/2019,4,-0.05915
AAPL,23/12/2019,25,0.057748
AAPL,24/12/2019,13,0.037638462
AAPL,25/12/2019,2,0.2136
AAPL,26/12/2019,44,0.014995455
AAPL,27/12/2019,73,0.052836986
AAPL,28/12/2019,5,0.2021
AAPL,29/12/2019,3,-0.0694
AAPL,30/12/2019,70,-0.036401429
AAPL,31/12/2019,23,0.030586957
AAPL,1/1/2020,4,-0.087725
AAPL,2/1/2020,91,0.128558242
AAPL,3/1/2020,88,-0.030179546
AAPL,4/1/2020,21,0.096809524
AAPL,5/1/2020,2,0.074
AAPL,6/1/2020,73,0.070167123
AAPL,7/1/2020,36,0.069977778
AAPL,8/1/2020,78,0.014107692
AAPL,9/1/2020,93,0.046887097
AAPL,10/1/2020,96,-0.016521875
AAPL,11/1/2020,2,0.10885
AAPL,12/1/2020,9,-0.278322222
AAPL,13/1/2020,77,-0.004235065
AAPL,14/1/2020,112,0.041483929
AAPL,15/1/2020,98,0.036107143
AAPL,16/1/2020,61,0.071967213
AAPL,17/1/2020,97,0.010527835
AAPL,18/1/2020,12,0.018275
AAPL,19/1/2020,5,0.53392
AAPL,20/1/2020,5,0.15566
AAPL,21/1/2020,39,-0.017305128
AAPL,22/1/2020,28,-0.007692857
AAPL,23/1/2020,21,-0.042461905
AAPL,24/1/2020,67,0.047055224
AAPL,25/1/2020,15,0.02458
AAPL,26/1/2020,8,0.1629125
AAPL,27/1/2020,66,-0.067522727
AAPL,28/1/2020,230,0.045625652
AAPL,29/1/2020,124,-0.000958065
AAPL,30/1/2020,56,-0.144830357
AAPL,31/1/2020,93,-0.059558065
AAPL,1/2/2020,35,-0.093722857
AAPL,2/2/2020,10,0.46878
AAPL,3/2/2020,98,0.077939796
AAPL,4/2/2020,89,0.028285393
AAPL,5/2/2020,51,0.071758824
AAPL,6/2/2020,42,0.047797619
AAPL,7/2/2020,94,0.018334043
AAPL,8/2/2020,24,0.171608333
AAPL,9/2/2020,10,0.11555
AAPL,10/2/2020,80,-0.025925
AAPL,11/2/2020,39,-0.023046154
AAPL,12/2/2020,35,0.06412
AAPL,13/2/2020,36,0.077394444
AAPL,14/2/2020,20,0.118145
AAPL,15/2/2020,9,0.164077778
AAPL,16/2/2020,1,0.2247
AAPL,17/2/2020,10,-0.29862
AAPL,18/2/2020,172,0.037986628
AAPL,19/2/2020,79,0.022346835
AAPL,20/2/2020,75,-0.096029333
AAPL,21/2/2020,68,0.064808824
AAPL,22/2/2020,17,0.016105882
AAPL,23/2/2020,29,0.033782759
AAPL,24/2/2020,104,0.078665385
AAPL,25/2/2020,77,0.030937662
AAPL,26/2/2020,91,0.057069231
AAPL,27/2/2020,111,0.068801802
AAPL,28/2/2020,101,0.106668317
AAPL,29/2/2020,30,0.146273333
AAPL,1/3/2020,33,-0.021124242
AAPL,2/3/2020,48,0.00405625
AAPL,3/3/2020,23,0.182730435
AAPL,4/3/2020,16,0.0709
AAPL,5/3/2020,20,0.195815
AAPL,6/3/2020,21,0.016414286
AAPL,7/3/2020,9,0.072466667
AAPL,8/3/2020,27,0.065840741
AAPL,9/3/2020,32,0.1896625
AAPL,10/3/2020,23,0.209673913
AAPL,11/3/2020,30,0.055436667
AAPL,12/3/2020,54,-0.046238889
AAPL,13/3/2020,78,0.06079359
AAPL,14/3/2020,43,0.040334884
AAPL,15/3/2020,35,0.161588571
AAPL,16/3/2020,108,0.057839815
AAPL,17/3/2020,66,0.063336364
AAPL,18/3/2020,78,0.056873077
AAPL,19/3/2020,54,0.065361111
AAPL,20/3/2020,69,0.040030435
AAPL,21/3/2020,30,0.178883333
AAPL,22/3/2020,29,0.112737931
AAPL,23/3/2020,66,0.126604546
AAPL,24/3/2020,48,0.118395833
AAPL,25/3/2020,48,0.087552083
AAPL,26/3/2020,28,0.067360714
AAPL,27/3/2020,25,0.157444
AAPL,28/3/2020,7,0.384214286
AAPL,29/3/2020,14,-0.046585714
AAPL,30/3/2020,27,0.136677778
AAPL,31/3/2020,20,-0.025425
AAPL,1/4/2020,10,0.21533
AAPL,2/4/2020,10,0.00642
AAPL,3/4/2020,2,-0.2523
AAPL,4/4/2020,3,-0.553
AAPL,5/4/2020,16,0.0952875
AAPL,6/4/2020,13,0.034284615
AAPL,7/4/2020,20,0.125
AAPL,8/4/2020,20,0.152375
AAPL,9/4/2020,22,0.011059091
AAPL,10/4/2020,5,0.40132
AAPL,11/4/2020,7,0.111942857
AAPL,12/4/2020,12,-0.002091667
AAPL,13/4/2020,51,0.07432549
AAPL,14/4/2020,79,0.001879747
AAPL,15/4/2020,75,0.076418667
AAPL,16/4/2020,143,0.009493706
AAPL,17/4/2020,268,-0.062394776
AAPL,18/4/2020,24,0.025004167
AAPL,19/4/2020,46,-0.033684783
AAPL,20/4/2020,70,-0.046741429
AAPL,21/4/2020,78,-0.016911539
AAPL,22/4/2020,37,0.071364865
AAPL,23/4/2020,78,0.037978205
AAPL,24/4/2020,59,-0.01780339
AAPL,25/4/2020,16,-0.3516125
AAPL,26/4/2020,35,0.111797143
AAPL,27/4/2020,88,-0.062330682
AAPL,28/4/2020,52,0.040025
AAPL,29/4/2020,181,0.099303867
AAPL,30/4/2020,567,0.043869489
AAPL,1/5/2020,184,0.051971739
AAPL,2/5/2020,18,0.134805556
AAPL,3/5/2020,29,0.197948276
AAPL,4/5/2020,39,0.003628205
AAPL,5/5/2020,92,0.063101087
AAPL,6/5/2020,64,0.086726563
AAPL,7/5/2020,42,0.109119048
AAPL,8/5/2020,88,-0.003572727
AAPL,9/5/2020,24,0.084733333
AAPL,10/5/2020,34,0.149914706
AAPL,11/5/2020,125,0.0115736
AAPL,12/5/2020,151,-0.002777483
AAPL,13/5/2020,102,0.038189216
AAPL,14/5/2020,68,0.098076471
AAPL,15/5/2020,130,-0.050691539
AAPL,16/5/2020,29,-0.04977931
AAPL,17/5/2020,23,-0.052995652
AAPL,18/5/2020,55,-0.0182
AAPL,19/5/2020,66,-0.044366667
AAPL,20/5/2020,65,0.033084615
AAPL,21/5/2020,58,0.09567931
AAPL,22/5/2020,30,0.09618
AAPL,23/5/2020,14,0.1216
AAPL,24/5/2020,11,0.291663636
AAPL,25/5/2020,19,0.1936
AAPL,26/5/2020,68,0.014842647
AAPL,27/5/2020,56,0.104444643
AAPL,28/5/2020,46,0.057128261
AAPL,29/5/2020,27,-0.02707037
AAPL,30/5/2020,10,0.1182
AAPL,31/5/2020,18,0.251888889
AAPL,1/6/2020,28,-0.200225
AAPL,2/6/2020,42,0.135671429
AAPL,3/6/2020,40,0.0728175
AAPL,4/6/2020,31,0.134641936
AAPL,5/6/2020,84,0.064754762
AAPL,6/6/2020,11,0.089054546
AAPL,7/6/2020,29,0.15762069
AAPL,8/6/2020,40,-0.00309
AAPL,9/6/2020,152,0.04635329
AAPL,10/6/2020,173,0.018953757
AAPL,11/6/2020,179,0.040547486
AAPL,12/6/2020,64,0.142089063
AAPL,13/6/2020,22,0.047777273
AAPL,14/6/2020,41,0.086821951
AAPL,15/6/2020,68,0.121772059
AAPL,16/6/2020,76,0.146773684
AAPL,17/6/2020,95,0.067057895
AAPL,18/6/2020,65,0.040861539
AAPL,19/6/2020,137,0.028234307
AAPL,20/6/2020,34,0.014576471
AAPL,21/6/2020,46,0.005334783
AAPL,22/6/2020,267,0.004881648
AAPL,23/6/2020,606,0.025320792
AAPL,24/6/2020,249,0.043194779
AAPL,25/6/2020,150,0.065004
AAPL,26/6/2020,102,0.039298039
AAPL,27/6/2020,21,0.098257143
AAPL,28/6/2020,25,0.09438
AAPL,29/6/2020,61,-0.002606557
AAPL,30/6/2020,105,0.117111429
AAPL,1/7/2020,143,0.007776923
AAPL,2/7/2020,85,0.068950588
AAPL,3/7/2020,15,0.083093333
AAPL,4/7/2020,13,-0.049953846
AAPL,5/7/2020,21,0.101404762
AAPL,6/7/2020,109,0.070786239
AAPL,7/7/2020,96,0.053789583
AAPL,8/7/2020,131,0.065275573
AAPL,9/7/2020,171,0.023822807
AAPL,10/7/2020,140,0.085285714
AAPL,11/7/2020,23,0.291721739
AAPL,12/7/2020,77,0.10818052
AAPL,13/7/2020,435,0.027341609
AAPL,14/7/2020,176,0.029675568
AAPL,15/7/2020,247,0.028436437
AAPL,16/7/2020,243,0.067946091
AAPL,17/7/2020,165,0.01743697
AAPL,18/7/2020,44,-0.022290909
AAPL,19/7/2020,52,0.009488462
AAPL,20/7/2020,243,0.030039095
AAPL,21/7/2020,197,0.003695939
AAPL,22/7/2020,161,0.024417391
AAPL,23/7/2020,328,-0.010685671
AAPL,24/7/2020,279,0.025601075
AAPL,25/7/2020,60,0.17703
AAPL,26/7/2020,59,0.079333898
AAPL,27/7/2020,172,0.047197674
AAPL,28/7/2020,145,-0.033955862
AAPL,29/7/2020,159,0.017991195
AAPL,30/7/2020,796,0.05467299
AAPL,31/7/2020,851,0.084797532
AAPL,1/8/2020,147,0.129546259
AAPL,2/8/2020,249,0.072524498
AAPL,3/8/2020,148,0.096612162
AAPL,4/8/2020,303,0.047785479
AAPL,5/8/2020,265,0.000680377
AAPL,6/8/2020,543,0.059104788
AAPL,7/8/2020,385,0.080042078
AAPL,8/8/2020,131,0.027551145
AAPL,9/8/2020,169,0.078430769
AAPL,10/8/2020,560,0.080915536
AAPL,11/8/2020,447,0.045150112
AAPL,12/8/2020,381,0.079892389
AAPL,13/8/2020,639,0.046702034
AAPL,14/8/2020,407,0.004390663
AAPL,15/8/2020,70,0.143857143
AAPL,16/8/2020,150,0.081764
AAPL,17/8/2020,609,0.034308539
AAPL,18/8/2020,390,0.014158974
AAPL,19/8/2020,460,0.059253913
AAPL,20/8/2020,518,0.070912741
AAPL,21/8/2020,1615,0.05473548
AAPL,22/8/2020,224,0.109534375
AAPL,23/8/2020,413,0.031769492
AAPL,24/8/2020,1833,0.066729242
AAPL,25/8/2020,1269,0.033849094
AAPL,26/8/2020,888,0.028244369
AAPL,27/8/2020,1030,0.017615146
AAPL,28/8/2020,1088,0.018108548
AAPL,29/8/2020,288,0.141610069
AAPL,30/8/2020,466,0.101027253
AAPL,31/8/2020,423,0.096604492
AAPL,1/9/2020,904,0.069799115
AAPL,2/9/2020,1272,0.039745283
AAPL,3/9/2020,1374,0.024399854
AAPL,4/9/2020,909,0.042013971
AAPL,5/9/2020,123,-0.030173984
AAPL,6/9/2020,150,0.129576
AAPL,7/9/2020,230,0.08096913
AAPL,8/9/2020,991,-0.007503532
AAPL,9/9/2020,567,0.019847443
AAPL,10/9/2020,672,-0.014607887
AAPL,11/9/2020,646,-0.009130805
AAPL,12/9/2020,116,0.13375
AAPL,13/9/2020,166,0.110333133
AAPL,14/9/2020,589,-0.011694058
AAPL,15/9/2020,1396,0.002952364
AAPL,16/9/2020,726,-0.016026584
AAPL,17/9/2020,269,0.039141636
AAPL,18/9/2020,1970,-0.019113147
AAPL,19/9/2020,114,-0.000468421
AAPL,20/9/2020,137,0.093152555
AAPL,21/9/2020,134,0.029997015
AAPL,22/9/2020,207,0.030265701
AAPL,23/9/2020,384,-0.012627083
AAPL,24/9/2020,211,0.029604739
AAPL,25/9/2020,258,0.039647674
AAPL,26/9/2020,62,0.211969355
AAPL,27/9/2020,80,0.03256
AAPL,28/9/2020,311,0.083658521
AAPL,29/9/2020,190,0.046340526
AAPL,30/9/2020,206,0.040822816
AAPL,1/10/2020,196,-0.001805102
AAPL,2/10/2020,196,0.023241837
AAPL,3/10/2020,48,-0.012289583
AAPL,4/10/2020,63,0.117625397
AAPL,5/10/2020,180,0.052384444
AAPL,6/10/2020,341,0.008397947
AAPL,7/10/2020,187,0.016897326
AAPL,8/10/2020,271,-0.040528413
AAPL,9/10/2020,271,0.013131365
AAPL,10/10/2020,58,0.226060345
AAPL,11/10/2020,114,0.077414035
AAPL,12/10/2020,915,0.086110383
AAPL,13/10/2020,1235,0.026391012
AAPL,14/10/2020,310,0.052815161
AAPL,15/10/2020,235,0.007711064
AAPL,16/10/2020,268,0.020208209
AAPL,17/10/2020,49,0.181361225
AAPL,18/10/2020,92,0.119663044
AAPL,19/10/2020,61,0.006518033
AAPL,20/10/2020,151,0.034850331
AAPL,21/10/2020,119,0.004958824
AAPL,22/10/2020,188,-0.061615957
AAPL,23/10/2020,198,0.030307071
AAPL,24/10/2020,47,0.201187234
AAPL,25/10/2020,76,0.071744737
AAPL,26/10/2020,223,0.033300897
AAPL,27/10/2020,162,0.003740741
AAPL,28/10/2020,261,0.015078161
AAPL,29/10/2020,827,0.022807134
AAPL,30/10/2020,252,0.001914286
AAPL,31/10/2020,38,0.11141579
AAPL,1/11/2020,48,0.084714583
AAPL,2/11/2020,144,0.020204861
AAPL,3/11/2020,81,0.045619753
AAPL,4/11/2020,73,0.074115069
AAPL,5/11/2020,57,0.087970175
AAPL,6/11/2020,42,0.123921429
AAPL,7/11/2020,21,0.129395238
AAPL,8/11/2020,58,0.024074138
AAPL,9/11/2020,181,0.038254696
AAPL,10/11/2020,327,0.010014373
AAPL,11/11/2020,91,0.079146154
AAPL,12/11/2020,83,0.039021687
AAPL,13/11/2020,82,-0.028952439
AAPL,14/11/2020,16,-0.0077375
AAPL,15/11/2020,46,-0.025845652
AAPL,16/11/2020,65,0.099846154
AAPL,17/11/2020,65,-0.03394
AAPL,18/11/2020,105,-0.037894286
AAPL,19/11/2020,92,0.085572826
AAPL,20/11/2020,96,-0.02665625
AAPL,21/11/2020,24,0.261866667
AAPL,22/11/2020,56,0.135830357
AAPL,23/11/2020,455,-0.004221099
AAPL,24/11/2020,266,0.024581955
AAPL,25/11/2020,153,0.050052288
AAPL,26/11/2020,65,0.177815385
AAPL,27/11/2020,56,0.030619643
AAPL,28/11/2020,25,0.069968
AAPL,29/11/2020,99,0.116647475
AAPL,30/11/2020,466,0.051280901
AAPL,1/12/2020,392,0.108378061
AAPL,2/12/2020,243,0.079765844
AAPL,3/12/2020,97,0.024260825
AAPL,4/12/2020,146,0.004078082
AAPL,5/12/2020,26,0.120415385
AAPL,6/12/2020,54,0.112501852
AAPL,7/12/2020,161,0.037401242
AAPL,8/12/2020,206,0.026330583
AAPL,9/12/2020,210,-0.029680952
AAPL,10/12/2020,93,0.079313979
AAPL,11/12/2020,101,0.079207921
AAPL,12/12/2020,31,0.099119355
AAPL,13/12/2020,50,0.096654
AAPL,14/12/2020,133,-0.011104511
AAPL,15/12/2020,361,0.051200277
AAPL,16/12/2020,183,0.053489071
AAPL,17/12/2020,147,0.068785034
AAPL,18/12/2020,140,0.030760714
AAPL,19/12/2020,27,0.0193
AAPL,20/12/2020,53,0.06930566
AAPL,21/12/2020,665,0.038601353
AAPL,22/12/2020,628,0.074742994
AAPL,23/12/2020,241,0.034222822
AAPL,24/12/2020,111,0.065481081
AAPL,25/12/2020,24,0.14065
AAPL,26/12/2020,17,0.253647059
AAPL,27/12/2020,60,0.177275
AAPL,28/12/2020,366,0.070956011
AAPL,29/12/2020,274,-7.00E-04
AAPL,30/12/2020,224,0.074617411
AAPL,31/12/2020,174,-0.001335632
AMZN,1/1/2019,3,0.7399
AMZN,2/1/2019,32,0.131665625
AMZN,3/1/2019,57,0.205489474
AMZN,4/1/2019,39,0.114764103
AMZN,5/1/2019,10,0.70724
AMZN,6/1/2019,0,0
AMZN,7/1/2019,12,0.114316667
AMZN,8/1/2019,21,-0.038147619
AMZN,9/1/2019,24,0.236820833
AMZN,10/1/2019,32,0.005415625
AMZN,11/1/2019,30,0.053843333
AMZN,12/1/2019,6,0.2756
AMZN,13/1/2019,6,-0.2536
AMZN,14/1/2019,26,-0.086023077
AMZN,15/1/2019,12,0.153291667
AMZN,16/1/2019,27,-0.035566667
AMZN,17/1/2019,15,-0.119906667
AMZN,18/1/2019,35,0.154882857
AMZN,19/1/2019,12,0.31475
AMZN,20/1/2019,4,-0.89275
AMZN,21/1/2019,6,-0.0875
AMZN,22/1/2019,11,-0.275390909
AMZN,23/1/2019,20,0.04963
AMZN,24/1/2019,8,0.07585
AMZN,25/1/2019,25,-0.030356
AMZN,26/1/2019,5,0.60144
AMZN,27/1/2019,2,0.2202
AMZN,28/1/2019,21,0.119585714
AMZN,29/1/2019,19,0.06431579
AMZN,30/1/2019,41,0.198270732
AMZN,31/1/2019,145,0.156644828
AMZN,1/2/2019,69,0.131002899
AMZN,2/2/2019,3,-0.1681
AMZN,3/2/2019,6,-0.3636
AMZN,4/2/2019,35,-0.163502857
AMZN,5/2/2019,6,-0.244266667
AMZN,6/2/2019,22,0.243513636
AMZN,7/2/2019,8,-0.237475
AMZN,8/2/2019,21,0.018633333
AMZN,9/2/2019,2,-0.05135
AMZN,10/2/2019,1,0.3164
AMZN,11/2/2019,4,0.20095
AMZN,12/2/2019,7,-0.028214286
AMZN,13/2/2019,11,-0.044545455
AMZN,14/2/2019,24,0.026895833
AMZN,15/2/2019,48,-0.08356875
AMZN,16/2/2019,4,0.03705
AMZN,17/2/2019,0,0
AMZN,18/2/2019,9,0.4205
AMZN,19/2/2019,7,-0.096
AMZN,20/2/2019,17,-0.3158
AMZN,21/2/2019,10,0.02801
AMZN,22/2/2019,14,0.223985714
AMZN,23/2/2019,4,0.5472
AMZN,24/2/2019,3,0.1875
AMZN,25/2/2019,6,0.1382
AMZN,26/2/2019,12,-0.233483333
AMZN,27/2/2019,8,0.4097125
AMZN,28/2/2019,4,0.544925
AMZN,1/3/2019,32,0.204075
AMZN,2/3/2019,2,0.56985
AMZN,3/3/2019,3,0.0659
AMZN,4/3/2019,48,0.260591667
AMZN,5/3/2019,20,0.09702
AMZN,6/3/2019,9,0.137188889
AMZN,7/3/2019,11,-0.179272727
AMZN,8/3/2019,36,0.222358333
AMZN,9/3/2019,3,0.0723
AMZN,10/3/2019,0,0
AMZN,11/3/2019,10,0.31945
AMZN,12/3/2019,10,0.06937
AMZN,13/3/2019,10,0.10872
AMZN,14/3/2019,14,0.164214286
AMZN,15/3/2019,43,0.207483721
AMZN,16/3/2019,14,-0.031228571
AMZN,17/3/2019,0,0
AMZN,18/3/2019,0,0
AMZN,19/3/2019,54,0.118059259
AMZN,20/3/2019,45,0.174675556
AMZN,21/3/2019,67,0.128101493
AMZN,22/3/2019,30,0.28981
AMZN,23/3/2019,4,-0.17865
AMZN,24/3/2019,0,0
AMZN,25/3/2019,10,-0.12794
AMZN,26/3/2019,8,0.23005
AMZN,27/3/2019,9,-0.0271
AMZN,28/3/2019,9,-0.285366667
AMZN,29/3/2019,9,0.013677778
AMZN,30/3/2019,3,0.427866667
AMZN,31/3/2019,1,0
AMZN,1/4/2019,16,0.20066875
AMZN,2/4/2019,10,0.12676
AMZN,3/4/2019,17,0.246188235
AMZN,4/4/2019,26,-0.006857692
AMZN,5/4/2019,16,0.1671125
AMZN,6/4/2019,3,-0.0517
AMZN,7/4/2019,0,0
AMZN,8/4/2019,24,0.17115
AMZN,9/4/2019,10,-0.34518
AMZN,10/4/2019,10,-2.00E-04
AMZN,11/4/2019,11,-0.200627273
AMZN,12/4/2019,16,0.11066875
AMZN,13/4/2019,5,0.16306
AMZN,14/4/2019,2,-0.34505
AMZN,15/4/2019,6,-0.053283333
AMZN,16/4/2019,17,0.311405882
AMZN,17/4/2019,12,0.193016667
AMZN,18/4/2019,19,0.146178947
AMZN,19/4/2019,4,0.17255
AMZN,20/4/2019,8,-0.076075
AMZN,21/4/2019,12,0.139916667
AMZN,22/4/2019,15,0.249406667
AMZN,23/4/2019,30,0.09236
AMZN,24/4/2019,15,0.098133333
AMZN,25/4/2019,128,0.108353125
AMZN,26/4/2019,41,0.126360976
AMZN,27/4/2019,0,0
AMZN,28/4/2019,0,0
AMZN,29/4/2019,20,0.149325
AMZN,30/4/2019,8,-0.2536375
AMZN,1/5/2019,3,-0.259433333
AMZN,2/5/2019,11,0.000954546
AMZN,3/5/2019,35,0.112257143
AMZN,4/5/2019,1,0.802
AMZN,5/5/2019,1,-0.5423
AMZN,6/5/2019,13,0.151115385
AMZN,7/5/2019,13,0.048261539
AMZN,8/5/2019,16,-0.172875
AMZN,9/5/2019,14,0.117857143
AMZN,10/5/2019,20,0.057925
AMZN,11/5/2019,2,0.82985
AMZN,12/5/2019,1,0.4902
AMZN,13/5/2019,10,-0.11364
AMZN,14/5/2019,3,0.0096
AMZN,15/5/2019,48,0.241554167
AMZN,16/5/2019,26,-0.167307692
AMZN,17/5/2019,25,0.137952
AMZN,18/5/2019,0,0
AMZN,19/5/2019,6,0.135183333
AMZN,20/5/2019,4,-0.2153
AMZN,21/5/2019,33,-0.00030303
AMZN,22/5/2019,13,0.273923077
AMZN,23/5/2019,12,-0.101691667
AMZN,24/5/2019,13,0.195792308
AMZN,25/5/2019,1,-0.2023
AMZN,26/5/2019,0,0
AMZN,27/5/2019,1,0.3612
AMZN,28/5/2019,10,0.18093
AMZN,29/5/2019,5,0.4029
AMZN,30/5/2019,6,0.034833333
AMZN,31/5/2019,6,0.084766667
AMZN,1/6/2019,1,-0.128
AMZN,2/6/2019,0,0
AMZN,3/6/2019,47,-0.023102128
AMZN,4/6/2019,7,0.363471429
AMZN,5/6/2019,7,0.1588
AMZN,6/6/2019,17,0.3302
AMZN,7/6/2019,32,0.02589375
AMZN,8/6/2019,4,0.158525
AMZN,9/6/2019,8,0.2999125
AMZN,10/6/2019,32,-0.0364875
AMZN,11/6/2019,9,0.058566667
AMZN,12/6/2019,17,0.283294118
AMZN,13/6/2019,9,0.126233333
AMZN,14/6/2019,13,0.158892308
AMZN,15/6/2019,2,0.4019
AMZN,16/6/2019,0,0
AMZN,17/6/2019,4,0.207075
AMZN,18/6/2019,7,-0.241514286
AMZN,19/6/2019,10,0.03404
AMZN,20/6/2019,15,0.045633333
AMZN,21/6/2019,14,0.302207143
AMZN,22/6/2019,1,-0.8074
AMZN,23/6/2019,0,0
AMZN,24/6/2019,12,-0.114016667
AMZN,25/6/2019,16,-0.02776875
AMZN,26/6/2019,6,-0.054766667
AMZN,27/6/2019,13,-0.144369231
AMZN,28/6/2019,16,-0.2096125
AMZN,29/6/2019,8,-0.170675
AMZN,30/6/2019,6,0.438066667
AMZN,1/7/2019,12,0.016725
AMZN,2/7/2019,16,-0.1486625
AMZN,3/7/2019,4,0.201625
AMZN,4/7/2019,6,0.1366
AMZN,5/7/2019,13,0.043415385
AMZN,6/7/2019,1,0.1139
AMZN,7/7/2019,0,0
AMZN,8/7/2019,10,0.22968
AMZN,9/7/2019,36,0.058733333
AMZN,10/7/2019,29,0.071675862
AMZN,11/7/2019,47,0.05572766
AMZN,12/7/2019,24,0.273825
AMZN,13/7/2019,12,0.252066667
AMZN,14/7/2019,0,0
AMZN,15/7/2019,7,0.038914286
AMZN,16/7/2019,9,-0.025288889
AMZN,17/7/2019,26,0.055488462
AMZN,18/7/2019,21,-0.05642381
AMZN,19/7/2019,29,-0.112517241
AMZN,20/7/2019,7,0.139242857
AMZN,21/7/2019,2,0.518
AMZN,22/7/2019,16,0.08026875
AMZN,23/7/2019,29,0.099017241
AMZN,24/7/2019,20,0.19677
AMZN,25/7/2019,83,0.025562651
AMZN,26/7/2019,27,0.104522222
AMZN,27/7/2019,2,-0.659
AMZN,28/7/2019,0,0
AMZN,29/7/2019,20,-0.081905
AMZN,30/7/2019,18,0.127211111
AMZN,31/7/2019,20,-0.12734
AMZN,1/8/2019,13,-0.093638462
AMZN,2/8/2019,34,0.090044118
AMZN,3/8/2019,1,-0.1779
AMZN,4/8/2019,2,0.455
AMZN,5/8/2019,21,0.132938095
AMZN,6/8/2019,23,-0.106656522
AMZN,7/8/2019,10,0.10354
AMZN,8/8/2019,14,-0.01745
AMZN,9/8/2019,6,-0.40475
AMZN,10/8/2019,0,0
AMZN,11/8/2019,3,0.700033333
AMZN,12/8/2019,8,0.1851875
AMZN,13/8/2019,6,0.202516667
AMZN,14/8/2019,16,-0.01649375
AMZN,15/8/2019,5,0.01388
AMZN,16/8/2019,7,-0.084057143
AMZN,17/8/2019,0,0
AMZN,18/8/2019,0,0
AMZN,19/8/2019,2,0.2202
AMZN,20/8/2019,6,0.062733333
AMZN,21/8/2019,15,-0.025833333
AMZN,22/8/2019,7,0.083928571
AMZN,23/8/2019,24,0.013395833
AMZN,24/8/2019,1,0
AMZN,25/8/2019,3,0.091066667
AMZN,26/8/2019,6,0.298116667
AMZN,27/8/2019,5,0.16948
AMZN,28/8/2019,4,-0.147275
AMZN,29/8/2019,17,0.065964706
AMZN,30/8/2019,12,-0.005683333
AMZN,31/8/2019,3,-0.0258
AMZN,1/9/2019,0,0
AMZN,2/9/2019,0,0
AMZN,3/9/2019,15,-0.030806667
AMZN,4/9/2019,13,-0.072107692
AMZN,5/9/2019,14,0.258178571
AMZN,6/9/2019,12,0.072191667
AMZN,7/9/2019,2,0.1806
AMZN,8/9/2019,0,0
AMZN,9/9/2019,9,-0.137155556
AMZN,10/9/2019,8,0.0449875
AMZN,11/9/2019,12,0.111516667
AMZN,12/9/2019,4,-0.0489
AMZN,13/9/2019,12,-0.0048
AMZN,14/9/2019,1,-0.1531
AMZN,15/9/2019,1,0
AMZN,16/9/2019,20,-0.064765
AMZN,17/9/2019,11,0.363445455
AMZN,18/9/2019,11,0.189072727
AMZN,19/9/2019,16,0.111925
AMZN,20/9/2019,21,-0.088252381
AMZN,21/9/2019,9,0.175577778
AMZN,22/9/2019,3,-0.4458
AMZN,23/9/2019,14,-0.08415
AMZN,24/9/2019,53,-0.059020755
AMZN,25/9/2019,93,-0.080176344
AMZN,26/9/2019,27,-0.134944444
AMZN,27/9/2019,30,0.0429
AMZN,28/9/2019,2,0.2624
AMZN,29/9/2019,0,0
AMZN,30/9/2019,7,-0.0524
AMZN,1/10/2019,12,0.0042
AMZN,2/10/2019,6,-0.066416667
AMZN,3/10/2019,7,-0.130471429
AMZN,4/10/2019,9,0.033066667
AMZN,5/10/2019,5,0.4254
AMZN,6/10/2019,0,0
AMZN,7/10/2019,15,-0.04482
AMZN,8/10/2019,11,-0.402618182
AMZN,9/10/2019,5,-0.22164
AMZN,10/10/2019,18,0.093722222
AMZN,11/10/2019,24,-0.121141667
AMZN,12/10/2019,2,0.0317
AMZN,13/10/2019,0,0
AMZN,14/10/2019,12,0.092708333
AMZN,15/10/2019,15,-0.025706667
AMZN,16/10/2019,7,-0.047857143
AMZN,17/10/2019,13,0.196838462
AMZN,18/10/2019,33,-0.014612121
AMZN,19/10/2019,0,0
AMZN,20/10/2019,4,-0.012325
AMZN,21/10/2019,9,0.051644444
AMZN,22/10/2019,13,-0.179384615
AMZN,23/10/2019,16,-0.0614
AMZN,24/10/2019,171,0.040338012
AMZN,25/10/2019,149,-0.008878524
AMZN,26/10/2019,17,-0.002123529
AMZN,27/10/2019,9,0.001955556
AMZN,28/10/2019,43,-0.057148837
AMZN,29/10/2019,13,-0.096507692
AMZN,30/10/2019,4,0.0109
AMZN,31/10/2019,12,-0.011391667
AMZN,1/11/2019,8,0.088275
AMZN,2/11/2019,2,0.3498
AMZN,3/11/2019,2,0.4063
AMZN,4/11/2019,3,0.332833333
AMZN,5/11/2019,2,0.5842
AMZN,6/11/2019,7,0.094885714
AMZN,7/11/2019,5,0.02866
AMZN,8/11/2019,8,-0.02835
AMZN,9/11/2019,2,0.5412
AMZN,10/11/2019,0,0
AMZN,11/11/2019,3,0.4256
AMZN,12/11/2019,4,-0.009625
AMZN,13/11/2019,18,0.149311111
AMZN,14/11/2019,22,0.18905
AMZN,15/11/2019,66,0.04749697
AMZN,16/11/2019,13,-0.016753846
AMZN,17/11/2019,2,0.84005
AMZN,18/11/2019,20,-0.06937
AMZN,19/11/2019,5,-0.17328
AMZN,20/11/2019,15,0.09702
AMZN,21/11/2019,20,-0.06001
AMZN,22/11/2019,16,-0.001325
AMZN,23/11/2019,2,0.1591
AMZN,24/11/2019,0,0
AMZN,25/11/2019,10,0.06718
AMZN,26/11/2019,14,0.159264286
AMZN,27/11/2019,25,0.090464
AMZN,28/11/2019,1,0.1027
AMZN,29/11/2019,14,0.06675
AMZN,30/11/2019,3,-0.012666667
AMZN,1/12/2019,1,0.9154
AMZN,2/12/2019,11,0.189172727
AMZN,3/12/2019,21,-0.087014286
AMZN,4/12/2019,13,0.059415385
AMZN,5/12/2019,25,0.009088
AMZN,6/12/2019,57,-0.068675439
AMZN,7/12/2019,10,0.22607
AMZN,8/12/2019,4,0.11305
AMZN,9/12/2019,7,-0.080228571
AMZN,10/12/2019,26,-0.050157692
AMZN,11/12/2019,12,-0.054733333
AMZN,12/12/2019,6,0.368266667
AMZN,13/12/2019,9,-0.0754
AMZN,14/12/2019,1,0.2263
AMZN,15/12/2019,3,0.311366667
AMZN,16/12/2019,14,-0.053514286
AMZN,17/12/2019,6,0.063583333
AMZN,18/12/2019,11,0.220418182
AMZN,19/12/2019,3,-0.0156
AMZN,20/12/2019,13,0.045330769
AMZN,21/12/2019,1,-0.6815
AMZN,22/12/2019,4,0.095725
AMZN,23/12/2019,3,-0.0412
AMZN,24/12/2019,13,0.163515385
AMZN,25/12/2019,0,0
AMZN,26/12/2019,71,0.012490141
AMZN,27/12/2019,110,-0.117993636
AMZN,28/12/2019,13,0.241761539
AMZN,29/12/2019,8,-0.0651625
AMZN,30/12/2019,28,-0.024671429
AMZN,31/12/2019,19,0.05501579
AMZN,1/1/2020,0,0
AMZN,2/1/2020,47,0.099376596
AMZN,3/1/2020,34,-0.001502941
AMZN,4/1/2020,3,0.308866667
AMZN,5/1/2020,2,0.23035
AMZN,6/1/2020,31,0.103241936
AMZN,7/1/2020,17,-0.190005882
AMZN,8/1/2020,28,0.143592857
AMZN,9/1/2020,22,0.130872727
AMZN,10/1/2020,30,-0.071966667
AMZN,11/1/2020,4,0.342925
AMZN,12/1/2020,2,-0.0516
AMZN,13/1/2020,27,0.008359259
AMZN,14/1/2020,23,0.006943478
AMZN,15/1/2020,28,-0.091735714
AMZN,16/1/2020,30,-0.148636667
AMZN,17/1/2020,66,0.007616667
AMZN,18/1/2020,5,0.27148
AMZN,19/1/2020,6,0.044416667
AMZN,20/1/2020,0,0
AMZN,21/1/2020,40,0.009355
AMZN,22/1/2020,10,0.01364
AMZN,23/1/2020,7,-0.072642857
AMZN,24/1/2020,13,-0.135438462
AMZN,25/1/2020,6,0.456116667
AMZN,26/1/2020,6,0.145633333
AMZN,27/1/2020,9,0.027288889
AMZN,28/1/2020,17,-0.052823529
AMZN,29/1/2020,12,0.214508333
AMZN,30/1/2020,128,-0.005835938
AMZN,31/1/2020,130,0.126356154
AMZN,1/2/2020,13,0.008461539
AMZN,2/2/2020,5,0.05022
AMZN,3/2/2020,24,0.131516667
AMZN,4/2/2020,30,0.0208
AMZN,5/2/2020,45,0.086784444
AMZN,6/2/2020,19,0.108142105
AMZN,7/2/2020,72,0.093266667
AMZN,8/2/2020,11,-0.088972727
AMZN,9/2/2020,9,-0.052
AMZN,10/2/2020,68,-0.017330882
AMZN,11/2/2020,83,0.000362651
AMZN,12/2/2020,43,0.010297674
AMZN,13/2/2020,107,0.00037757
AMZN,14/2/2020,46,-0.0204
AMZN,15/2/2020,8,0.10465
AMZN,16/2/2020,2,-0.4491
AMZN,17/2/2020,4,-0.215125
AMZN,18/2/2020,22,0.201440909
AMZN,19/2/2020,39,-0.058771795
AMZN,20/2/2020,41,-0.099765854
AMZN,21/2/2020,27,9.63E-05
AMZN,22/2/2020,8,-0.0608875
AMZN,23/2/2020,7,0.143628571
AMZN,24/2/2020,20,0.157855
AMZN,25/2/2020,18,-0.077405556
AMZN,26/2/2020,17,0.141958824
AMZN,27/2/2020,19,-0.0471
AMZN,28/2/2020,27,0.018088889
AMZN,29/2/2020,6,3.33E-05
AMZN,1/3/2020,16,-0.13740625
AMZN,2/3/2020,9,-0.333333333
AMZN,3/3/2020,10,0.09703
AMZN,4/3/2020,8,0.1338375
AMZN,5/3/2020,9,0.102444444
AMZN,6/3/2020,10,-0.15396
AMZN,7/3/2020,8,0.159275
AMZN,8/3/2020,7,0.469942857
AMZN,9/3/2020,11,0.117218182
AMZN,10/3/2020,10,0.13618
AMZN,11/3/2020,15,0.166813333
AMZN,12/3/2020,27,0.0704
AMZN,13/3/2020,23,-0.121847826
AMZN,14/3/2020,8,-0.023575
AMZN,15/3/2020,12,0.150575
AMZN,16/3/2020,45,-0.011846667
AMZN,17/3/2020,48,0.005622917
AMZN,18/3/2020,58,-0.013927586
AMZN,19/3/2020,59,0.092286441
AMZN,20/3/2020,30,0.007463333
AMZN,21/3/2020,15,0.179066667
AMZN,22/3/2020,20,0.01831
AMZN,23/3/2020,23,0.1687
AMZN,24/3/2020,31,-0.054509677
AMZN,25/3/2020,31,-0.130951613
AMZN,26/3/2020,8,0.23335
AMZN,27/3/2020,15,0.038533333
AMZN,28/3/2020,10,0.04985
AMZN,29/3/2020,7,-0.050285714
AMZN,30/3/2020,20,-0.005795
AMZN,31/3/2020,21,0.091133333
AMZN,1/4/2020,6,0.28135
AMZN,2/4/2020,4,0.5684
AMZN,3/4/2020,2,0.0386
AMZN,4/4/2020,2,-0.7909
AMZN,5/4/2020,8,0.0853
AMZN,6/4/2020,11,0.216863636
AMZN,7/4/2020,23,-0.037082609
AMZN,8/4/2020,13,-0.035546154
AMZN,9/4/2020,16,-0.05365
AMZN,10/4/2020,5,0.28928
AMZN,11/4/2020,6,0.10615
AMZN,12/4/2020,12,0.229158333
AMZN,13/4/2020,215,0.041394419
AMZN,14/4/2020,139,0.053020863
AMZN,15/4/2020,159,0.099246541
AMZN,16/4/2020,666,0.052186487
AMZN,17/4/2020,302,-0.029426821
AMZN,18/4/2020,83,0.170824096
AMZN,19/4/2020,88,-0.027807955
AMZN,20/4/2020,190,0.027603158
AMZN,21/4/2020,135,-0.045675556
AMZN,22/4/2020,87,0.060583908
AMZN,23/4/2020,113,0.064357522
AMZN,24/4/2020,135,0.043497037
AMZN,25/4/2020,34,0.129435294
AMZN,26/4/2020,47,0.1799
AMZN,27/4/2020,178,0.043720787
AMZN,28/4/2020,215,0.024900465
AMZN,29/4/2020,321,0.080709657
AMZN,30/4/2020,942,0.044998408
AMZN,1/5/2020,237,-0.011823207
AMZN,2/5/2020,38,0.048226316
AMZN,3/5/2020,63,-0.003228571
AMZN,4/5/2020,117,0.097564103
AMZN,5/5/2020,90,0.026977778
AMZN,6/5/2020,41,0.023936585
AMZN,7/5/2020,41,-0.097268293
AMZN,8/5/2020,45,0.193395556
AMZN,9/5/2020,8,-0.0028
AMZN,10/5/2020,17,0.146770588
AMZN,11/5/2020,95,0.111809474
AMZN,12/5/2020,41,-0.011843902
AMZN,13/5/2020,49,0.124216327
AMZN,14/5/2020,53,0.0434
AMZN,15/5/2020,53,0.007773585
AMZN,16/5/2020,17,0.034270588
AMZN,17/5/2020,21,0.043776191
AMZN,18/5/2020,89,-0.000904494
AMZN,19/5/2020,98,0.083265306
AMZN,20/5/2020,84,0.026855952
AMZN,21/5/2020,114,0.051197368
AMZN,22/5/2020,80,0.08189875
AMZN,23/5/2020,11,0.429209091
AMZN,24/5/2020,20,0.06348
AMZN,25/5/2020,27,0.205296296
AMZN,26/5/2020,53,0.048890566
AMZN,27/5/2020,72,0.038348611
AMZN,28/5/2020,39,0.094197436
AMZN,29/5/2020,35,0.052585714
AMZN,30/5/2020,22,-0.032781818
AMZN,31/5/2020,23,0.120004348
AMZN,1/6/2020,40,-0.02251
AMZN,2/6/2020,31,0.032596774
AMZN,3/6/2020,37,0.067618919
AMZN,4/6/2020,52,0.000501923
AMZN,5/6/2020,44,0.131738636
AMZN,6/6/2020,12,0.031525
AMZN,7/6/2020,8,0.3767
AMZN,8/6/2020,67,0.027235821
AMZN,9/6/2020,121,0.057507438
AMZN,10/6/2020,154,0.165288961
AMZN,11/6/2020,133,0.044766917
AMZN,12/6/2020,61,0.102460656
AMZN,13/6/2020,19,0.09321579
AMZN,14/6/2020,29,0.113489655
AMZN,15/6/2020,55,0.160790909
AMZN,16/6/2020,57,0.030166667
AMZN,17/6/2020,43,0.117506977
AMZN,18/6/2020,35,0.054705714
AMZN,19/6/2020,78,0.01865
AMZN,20/6/2020,19,0.006426316
AMZN,21/6/2020,31,0.234554839
AMZN,22/6/2020,93,0.075977419
AMZN,23/6/2020,159,0.042779874
AMZN,24/6/2020,131,0.109916794
AMZN,25/6/2020,51,0.07024902
AMZN,26/6/2020,92,0.136457609
AMZN,27/6/2020,23,0.066417391
AMZN,28/6/2020,29,0.138689655
AMZN,29/6/2020,67,0.025813433
AMZN,30/6/2020,89,0.161486517
AMZN,1/7/2020,345,0.07478058
AMZN,2/7/2020,310,0.080402903
AMZN,3/7/2020,53,0.074864151
AMZN,4/7/2020,23,0.139765217
AMZN,5/7/2020,58,0.156055172
AMZN,6/7/2020,481,0.056821206
AMZN,7/7/2020,358,0.090055866
AMZN,8/7/2020,280,0.055457857
AMZN,9/7/2020,579,0.055172193
AMZN,10/7/2020,470,0.059408511
AMZN,11/7/2020,109,0.111547706
AMZN,12/7/2020,202,0.126243564
AMZN,13/7/2020,653,0.051348852
AMZN,14/7/2020,448,0.040609821
AMZN,15/7/2020,497,0.003769618
AMZN,16/7/2020,553,0.038197107
AMZN,17/7/2020,414,-0.050462077
AMZN,18/7/2020,95,0.036749474
AMZN,19/7/2020,115,0.158686957
AMZN,20/7/2020,679,0.051809426
AMZN,21/7/2020,471,0.011715924
AMZN,22/7/2020,336,-0.008791667
AMZN,23/7/2020,342,0.025443275
AMZN,24/7/2020,311,0.070604823
AMZN,25/7/2020,59,0.232947458
AMZN,26/7/2020,83,0.031857831
AMZN,27/7/2020,270,0.007898519
AMZN,28/7/2020,229,-0.019600437
AMZN,29/7/2020,234,-0.017224359
AMZN,30/7/2020,741,0.030902024
AMZN,31/7/2020,322,0.089494099
AMZN,1/8/2020,44,0.330902273
AMZN,2/8/2020,52,0.101430769
AMZN,3/8/2020,63,0.102447619
AMZN,4/8/2020,159,0.003575472
AMZN,5/8/2020,164,0.055775
AMZN,6/8/2020,110,0.041847273
AMZN,7/8/2020,108,0.005523148
AMZN,8/8/2020,34,0.081523529
AMZN,9/8/2020,50,0.090558
AMZN,10/8/2020,79,0.091364557
AMZN,11/8/2020,122,0.006162295
AMZN,12/8/2020,90,0.062108889
AMZN,13/8/2020,143,0.12117972
AMZN,14/8/2020,88,0.112910227
AMZN,15/8/2020,28,0.211042857
AMZN,16/8/2020,25,0.031236
AMZN,17/8/2020,136,0.011664706
AMZN,18/8/2020,271,0.067737638
AMZN,19/8/2020,179,0.082188827
AMZN,20/8/2020,131,0.098210687
AMZN,21/8/2020,193,0.155197928
AMZN,22/8/2020,56,0.020019643
AMZN,23/8/2020,67,0.121276119
AMZN,24/8/2020,212,0.097670755
AMZN,25/8/2020,153,0.107537255
AMZN,26/8/2020,207,0.081804831
AMZN,27/8/2020,115,0.056911304
AMZN,28/8/2020,93,0.091951613
AMZN,29/8/2020,41,0.225607317
AMZN,30/8/2020,40,0.255325
AMZN,31/8/2020,55,0.20066
AMZN,1/9/2020,171,0.04470117
AMZN,2/9/2020,117,0.053459829
AMZN,3/9/2020,158,0.055138608
AMZN,4/9/2020,121,0.139538017
AMZN,5/9/2020,19,-0.083942105
AMZN,6/9/2020,18,0.248055556
AMZN,7/9/2020,31,0.283690323
AMZN,8/9/2020,82,0.022836585
AMZN,9/9/2020,60,0.058066667
AMZN,10/9/2020,74,0.067889189
AMZN,11/9/2020,93,0.058458065
AMZN,12/9/2020,12,0.100508333
AMZN,13/9/2020,38,0.086276316
AMZN,14/9/2020,145,-0.06528069
AMZN,15/9/2020,100,-0.041034
AMZN,16/9/2020,119,0.088206723
AMZN,17/9/2020,100,-0.026899
AMZN,18/9/2020,405,-0.029375556
AMZN,19/9/2020,24,0.024825
AMZN,20/9/2020,41,0.060939024
AMZN,21/9/2020,41,0.05987561
AMZN,22/9/2020,109,0.20587156
AMZN,23/9/2020,174,0.072174713
AMZN,24/9/2020,94,0.019526596
AMZN,25/9/2020,80,0.12342625
AMZN,26/9/2020,23,0.077582609
AMZN,27/9/2020,19,0.215973684
AMZN,28/9/2020,79,0.050791139
AMZN,29/9/2020,50,0.07017
AMZN,30/9/2020,92,0.072098913
AMZN,1/10/2020,94,0.094710638
AMZN,2/10/2020,80,0.10211875
AMZN,3/10/2020,18,0.047133333
AMZN,4/10/2020,24,0.1228125
AMZN,5/10/2020,67,0.031992537
AMZN,6/10/2020,91,-0.052379121
AMZN,7/10/2020,57,-0.001954386
AMZN,8/10/2020,117,0.085234188
AMZN,9/10/2020,105,0.063304762
AMZN,10/10/2020,18,0.132355556
AMZN,11/10/2020,40,0.0563
AMZN,12/10/2020,255,0.107012549
AMZN,13/10/2020,132,0.008369697
AMZN,14/10/2020,156,0.068960897
AMZN,15/10/2020,164,0.054034146
AMZN,16/10/2020,234,-0.08853718
AMZN,17/10/2020,50,-0.018596
AMZN,18/10/2020,56,0.067926786
AMZN,19/10/2020,53,-0.020235849
AMZN,20/10/2020,77,0.165450649
AMZN,21/10/2020,136,-0.026543382
AMZN,22/10/2020,103,-0.013030097
AMZN,23/10/2020,82,0.100982927
AMZN,24/10/2020,29,-0.014424138
AMZN,25/10/2020,62,0.079206452
AMZN,26/10/2020,111,0.085981982
AMZN,27/10/2020,74,0.058056757
AMZN,28/10/2020,132,0.129251515
AMZN,29/10/2020,319,0.04099906
AMZN,30/10/2020,153,0.085679085
AMZN,31/10/2020,24,0.228975
AMZN,1/11/2020,14,0.130128571
AMZN,2/11/2020,179,0.020239106
AMZN,3/11/2020,69,0.167397101
AMZN,4/11/2020,71,0.080198592
AMZN,5/11/2020,35,0.032231429
AMZN,6/11/2020,7,0.020314286
AMZN,7/11/2020,8,0.29895
AMZN,8/11/2020,17,0.112764706
AMZN,9/11/2020,152,0.040714474
AMZN,10/11/2020,172,0.076748837
AMZN,11/11/2020,100,0.145457
AMZN,12/11/2020,123,0.127038211
AMZN,13/11/2020,58,-0.005201724
AMZN,14/11/2020,30,0.11593
AMZN,15/11/2020,27,0.169385185
AMZN,16/11/2020,60,-0.050543333
AMZN,17/11/2020,128,0.062335156
AMZN,18/11/2020,117,0.027484615
AMZN,19/11/2020,74,0.060456757
AMZN,20/11/2020,81,0.01192963
AMZN,21/11/2020,26,0.233938462
AMZN,22/11/2020,63,0.140215873
AMZN,23/11/2020,143,0.048209091
AMZN,24/11/2020,131,0.017374046
AMZN,25/11/2020,126,0.125165873
AMZN,26/11/2020,35,0.121608571
AMZN,27/11/2020,64,0.1392875
AMZN,28/11/2020,39,0.307528205
AMZN,29/11/2020,45,0.16914
AMZN,30/11/2020,115,0.066956522
AMZN,1/12/2020,243,0.10697572
AMZN,2/12/2020,150,0.022407333
AMZN,3/12/2020,43,0.051318605
AMZN,4/12/2020,105,-0.015902857
AMZN,5/12/2020,24,0.1174875
AMZN,6/12/2020,34,0.045261765
AMZN,7/12/2020,142,-0.040571831
AMZN,8/12/2020,141,0.027121986
AMZN,9/12/2020,131,0.008277099
AMZN,10/12/2020,105,0.008044762
AMZN,11/12/2020,91,0.057427473
AMZN,12/12/2020,15,0.364166667
AMZN,13/12/2020,25,0.026724
AMZN,14/12/2020,99,0.06470101
AMZN,15/12/2020,140,-0.035098571
AMZN,16/12/2020,136,0.093174265
AMZN,17/12/2020,94,0.023231915
AMZN,18/12/2020,82,0.015293902
AMZN,19/12/2020,25,0.035304
AMZN,20/12/2020,36,-6.94E-05
AMZN,21/12/2020,108,-0.033377778
AMZN,22/12/2020,90,0.013628889
AMZN,23/12/2020,88,-0.012694318
AMZN,24/12/2020,73,0.108841096
AMZN,25/12/2020,7,0.205657143
AMZN,26/12/2020,23,0.279352174
AMZN,27/12/2020,56,0.133823214
AMZN,28/12/2020,339,0.099535988
AMZN,29/12/2020,152,0.081257895
AMZN,30/12/2020,98,0.009809184
AMZN,31/12/2020,62,0.078396774
GOOGL,1/1/2019,0,0
GOOGL,2/1/2019,0,0
GOOGL,3/1/2019,0,0
GOOGL,4/1/2019,8,0.0833
GOOGL,5/1/2019,2,0.1901
GOOGL,6/1/2019,0,0
GOOGL,7/1/2019,1,-0.2406
GOOGL,8/1/2019,0,0
GOOGL,9/1/2019,1,0.4588
GOOGL,10/1/2019,0,0
GOOGL,11/1/2019,1,0.1779
GOOGL,12/1/2019,0,0
GOOGL,13/1/2019,0,0
GOOGL,14/1/2019,0,0
GOOGL,15/1/2019,0,0
GOOGL,16/1/2019,0,0
GOOGL,17/1/2019,0,0
GOOGL,18/1/2019,0,0
GOOGL,19/1/2019,4,-0.0594
GOOGL,20/1/2019,0,0
GOOGL,21/1/2019,0,0
GOOGL,22/1/2019,0,0
GOOGL,23/1/2019,0,0
GOOGL,24/1/2019,4,-0.343575
GOOGL,25/1/2019,0,0
GOOGL,26/1/2019,0,0
GOOGL,27/1/2019,0,0
GOOGL,28/1/2019,0,0
GOOGL,29/1/2019,0,0
GOOGL,30/1/2019,0,0
GOOGL,31/1/2019,7,0.232585714
GOOGL,1/2/2019,6,0.180233333
GOOGL,2/2/2019,1,0.9028
GOOGL,3/2/2019,0,0
GOOGL,4/2/2019,27,0.103151852
GOOGL,5/2/2019,6,0.074316667
GOOGL,6/2/2019,1,-0.6597
GOOGL,7/2/2019,0,0
GOOGL,8/2/2019,0,0
GOOGL,9/2/2019,0,0
GOOGL,10/2/2019,0,0
GOOGL,11/2/2019,0,0
GOOGL,12/2/2019,1,0.4932
GOOGL,13/2/2019,0,0
GOOGL,14/2/2019,1,0
GOOGL,15/2/2019,4,0.1735
GOOGL,16/2/2019,0,0
GOOGL,17/2/2019,0,0
GOOGL,18/2/2019,0,0
GOOGL,19/2/2019,0,0
GOOGL,20/2/2019,0,0
GOOGL,21/2/2019,2,0
GOOGL,22/2/2019,1,0.6249
GOOGL,23/2/2019,1,0.5267
GOOGL,24/2/2019,0,0
GOOGL,25/2/2019,3,-0.073766667
GOOGL,26/2/2019,0,0
GOOGL,27/2/2019,0,0
GOOGL,28/2/2019,0,0
GOOGL,1/3/2019,0,0
GOOGL,2/3/2019,0,0
GOOGL,3/3/2019,0,0
GOOGL,4/3/2019,0,0
GOOGL,5/3/2019,2,0.4868
GOOGL,6/3/2019,0,0
GOOGL,7/3/2019,0,0
GOOGL,8/3/2019,0,0
GOOGL,9/3/2019,1,0.8163
GOOGL,10/3/2019,0,0
GOOGL,11/3/2019,0,0
GOOGL,12/3/2019,1,0.3749
GOOGL,13/3/2019,3,0
GOOGL,14/3/2019,1,0
GOOGL,15/3/2019,1,0
GOOGL,16/3/2019,2,-0.5574
GOOGL,17/3/2019,0,0
GOOGL,18/3/2019,0,0
GOOGL,19/3/2019,2,-0.3478
GOOGL,20/3/2019,1,-0.1531
GOOGL,21/3/2019,0,0
GOOGL,22/3/2019,2,0.9359
GOOGL,23/3/2019,0,0
GOOGL,24/3/2019,0,0
GOOGL,25/3/2019,0,0
GOOGL,26/3/2019,1,-0.3919
GOOGL,27/3/2019,3,0.187833333
GOOGL,28/3/2019,2,0.42115
GOOGL,29/3/2019,0,0
GOOGL,30/3/2019,0,0
GOOGL,31/3/2019,0,0
GOOGL,1/4/2019,0,0
GOOGL,2/4/2019,0,0
GOOGL,3/4/2019,1,0.3612
GOOGL,4/4/2019,1,0.0772
GOOGL,5/4/2019,0,0
GOOGL,6/4/2019,0,0
GOOGL,7/4/2019,0,0
GOOGL,8/4/2019,0,0
GOOGL,9/4/2019,1,-0.5423
GOOGL,10/4/2019,2,0.4521
GOOGL,11/4/2019,0,0
GOOGL,12/4/2019,0,0
GOOGL,13/4/2019,0,0
GOOGL,14/4/2019,1,0.2023
GOOGL,15/4/2019,2,-0.2202
GOOGL,16/4/2019,1,0.4404
GOOGL,17/4/2019,2,-0.01935
GOOGL,18/4/2019,3,0.204533333
GOOGL,19/4/2019,2,0.7269
GOOGL,20/4/2019,0,0
GOOGL,21/4/2019,0,0
GOOGL,22/4/2019,0,0
GOOGL,23/4/2019,3,0.005
GOOGL,24/4/2019,1,0
GOOGL,25/4/2019,1,0.327
GOOGL,26/4/2019,5,-0.02904
GOOGL,27/4/2019,3,-0.197066667
GOOGL,28/4/2019,2,0.74385
GOOGL,29/4/2019,20,0.05018
GOOGL,30/4/2019,21,-0.001295238
GOOGL,1/5/2019,6,-0.08875
GOOGL,2/5/2019,2,0.62195
GOOGL,3/5/2019,0,0
GOOGL,4/5/2019,1,0.6808
GOOGL,5/5/2019,0,0
GOOGL,6/5/2019,2,0.26825
GOOGL,7/5/2019,2,-0.17
GOOGL,8/5/2019,2,-0.6597
GOOGL,9/5/2019,0,0
GOOGL,10/5/2019,0,0
GOOGL,11/5/2019,1,-0.4939
GOOGL,12/5/2019,0,0
GOOGL,13/5/2019,1,0
GOOGL,14/5/2019,6,-0.589833333
GOOGL,15/5/2019,8,0
GOOGL,16/5/2019,2,-0.5353
GOOGL,17/5/2019,3,0.0188
GOOGL,18/5/2019,1,0
GOOGL,19/5/2019,1,-0.128
GOOGL,20/5/2019,2,-0.5931
GOOGL,21/5/2019,2,0.1196
GOOGL,22/5/2019,1,-0.4404
GOOGL,23/5/2019,4,-0.1615
GOOGL,24/5/2019,1,-0.5423
GOOGL,25/5/2019,0,0
GOOGL,26/5/2019,0,0
GOOGL,27/5/2019,0,0
GOOGL,28/5/2019,0,0
GOOGL,29/5/2019,1,0.7717
GOOGL,30/5/2019,1,-0.9036
GOOGL,31/5/2019,1,0.1154
GOOGL,1/6/2019,0,0
GOOGL,2/6/2019,0,0
GOOGL,3/6/2019,22,-0.046781818
GOOGL,4/6/2019,1,0.4404
GOOGL,5/6/2019,4,-0.441175
GOOGL,6/6/2019,1,0.765
GOOGL,7/6/2019,3,0.226933333
GOOGL,8/6/2019,0,0
GOOGL,9/6/2019,0,0
GOOGL,10/6/2019,0,0
GOOGL,11/6/2019,3,-0.0713
GOOGL,12/6/2019,0,0
GOOGL,13/6/2019,3,0.223833333
GOOGL,14/6/2019,0,0
GOOGL,15/6/2019,0,0
GOOGL,16/6/2019,0,0
GOOGL,17/6/2019,0,0
GOOGL,18/6/2019,0,0
GOOGL,19/6/2019,0,0
GOOGL,20/6/2019,0,0
GOOGL,21/6/2019,0,0
GOOGL,22/6/2019,0,0
GOOGL,23/6/2019,0,0
GOOGL,24/6/2019,0,0
GOOGL,25/6/2019,4,0.279775
GOOGL,26/6/2019,1,0.296
GOOGL,27/6/2019,1,-0.5106
GOOGL,28/6/2019,1,-0.4215
GOOGL,29/6/2019,4,0.0243
GOOGL,30/6/2019,0,0
GOOGL,1/7/2019,3,-0.136866667
GOOGL,2/7/2019,3,0.0086
GOOGL,3/7/2019,2,0.2294
GOOGL,4/7/2019,3,0.2732
GOOGL,5/7/2019,0,0
GOOGL,6/7/2019,0,0
GOOGL,7/7/2019,0,0
GOOGL,8/7/2019,3,0
GOOGL,9/7/2019,0,0
GOOGL,10/7/2019,1,0
GOOGL,11/7/2019,0,0
GOOGL,12/7/2019,0,0
GOOGL,13/7/2019,0,0
GOOGL,14/7/2019,0,0
GOOGL,15/7/2019,0,0
GOOGL,16/7/2019,5,0
GOOGL,17/7/2019,1,-0.4019
GOOGL,18/7/2019,1,0
GOOGL,19/7/2019,0,0
GOOGL,20/7/2019,1,-0.3182
GOOGL,21/7/2019,0,0
GOOGL,22/7/2019,0,0
GOOGL,23/7/2019,2,0.3454
GOOGL,24/7/2019,2,0.125
GOOGL,25/7/2019,18,-0.014483333
GOOGL,26/7/2019,13,0.134153846
GOOGL,27/7/2019,0,0
GOOGL,28/7/2019,0,0
GOOGL,29/7/2019,0,0
GOOGL,30/7/2019,2,0.23655
GOOGL,31/7/2019,0,0
GOOGL,1/8/2019,1,0
GOOGL,2/8/2019,1,-0.296
GOOGL,3/8/2019,0,0
GOOGL,4/8/2019,0,0
GOOGL,5/8/2019,1,0.5267
GOOGL,6/8/2019,2,0.2155
GOOGL,7/8/2019,0,0
GOOGL,8/8/2019,3,0.182166667
GOOGL,9/8/2019,0,0
GOOGL,10/8/2019,0,0
GOOGL,11/8/2019,0,0
GOOGL,12/8/2019,2,0.6174
GOOGL,13/8/2019,1,-0.1027
GOOGL,14/8/2019,1,0.504
GOOGL,15/8/2019,0,0
GOOGL,16/8/2019,3,-0.307833333
GOOGL,17/8/2019,0,0
GOOGL,18/8/2019,0,0
GOOGL,19/8/2019,1,0
GOOGL,20/8/2019,0,0
GOOGL,21/8/2019,0,0
GOOGL,22/8/2019,0,0
GOOGL,23/8/2019,2,0.1222
GOOGL,24/8/2019,0,0
GOOGL,25/8/2019,0,0
GOOGL,26/8/2019,0,0
GOOGL,27/8/2019,1,-0.4767
GOOGL,28/8/2019,0,0
GOOGL,29/8/2019,1,0.8442
GOOGL,30/8/2019,0,0
GOOGL,31/8/2019,0,0
GOOGL,1/9/2019,0,0
GOOGL,2/9/2019,0,0
GOOGL,3/9/2019,1,0.4215
GOOGL,4/9/2019,0,0
GOOGL,5/9/2019,0,0
GOOGL,6/9/2019,0,0
GOOGL,7/9/2019,0,0
GOOGL,8/9/2019,0,0
GOOGL,9/9/2019,2,-0.50575
GOOGL,10/9/2019,2,-0.3982
GOOGL,11/9/2019,1,-0.8316
GOOGL,12/9/2019,1,0
GOOGL,13/9/2019,1,0.5563
GOOGL,14/9/2019,0,0
GOOGL,15/9/2019,0,0
GOOGL,16/9/2019,0,0
GOOGL,17/9/2019,0,0
GOOGL,18/9/2019,2,0.6368
GOOGL,19/9/2019,0,0
GOOGL,20/9/2019,0,0
GOOGL,21/9/2019,1,0.0488
GOOGL,22/9/2019,0,0
GOOGL,23/9/2019,1,0
GOOGL,24/9/2019,0,0
GOOGL,25/9/2019,2,0.38395
GOOGL,26/9/2019,1,0.3862
GOOGL,27/9/2019,0,0
GOOGL,28/9/2019,0,0
GOOGL,29/9/2019,0,0
GOOGL,30/9/2019,0,0
GOOGL,1/10/2019,0,0
GOOGL,2/10/2019,1,0.6037
GOOGL,3/10/2019,0,0
GOOGL,4/10/2019,3,0.019566667
GOOGL,5/10/2019,0,0
GOOGL,6/10/2019,0,0
GOOGL,7/10/2019,1,0.4767
GOOGL,8/10/2019,1,-0.0951
GOOGL,9/10/2019,0,0
GOOGL,10/10/2019,1,0.2235
GOOGL,11/10/2019,2,0.42465
GOOGL,12/10/2019,0,0
GOOGL,13/10/2019,0,0
GOOGL,14/10/2019,1,0.0772
GOOGL,15/10/2019,2,-0.29635
GOOGL,16/10/2019,1,0.7179
GOOGL,17/10/2019,1,0
GOOGL,18/10/2019,2,0.42095
GOOGL,19/10/2019,0,0
GOOGL,20/10/2019,0,0
GOOGL,21/10/2019,1,0
GOOGL,22/10/2019,0,0
GOOGL,23/10/2019,0,0
GOOGL,24/10/2019,0,0
GOOGL,25/10/2019,5,-0.06092
GOOGL,26/10/2019,3,0.4272
GOOGL,27/10/2019,0,0
GOOGL,28/10/2019,43,0.007225581
GOOGL,29/10/2019,3,-0.2421
GOOGL,30/10/2019,3,-0.426233333
GOOGL,31/10/2019,0,0
GOOGL,1/11/2019,3,0.077366667
GOOGL,2/11/2019,0,0
GOOGL,3/11/2019,0,0
GOOGL,4/11/2019,0,0
GOOGL,5/11/2019,0,0
GOOGL,6/11/2019,1,0
GOOGL,7/11/2019,1,0.2732
GOOGL,8/11/2019,2,-0.04195
GOOGL,9/11/2019,0,0
GOOGL,10/11/2019,0,0
GOOGL,11/11/2019,2,-0.0674
GOOGL,12/11/2019,1,-0.9186
GOOGL,13/11/2019,2,0.5492
GOOGL,14/11/2019,4,0.0732
GOOGL,15/11/2019,1,0.25
GOOGL,16/11/2019,0,0
GOOGL,17/11/2019,0,0
GOOGL,18/11/2019,2,-0.36755
GOOGL,19/11/2019,3,-0.0269
GOOGL,20/11/2019,3,-0.057466667
GOOGL,21/11/2019,0,0
GOOGL,22/11/2019,1,-0.5423
GOOGL,23/11/2019,0,0
GOOGL,24/11/2019,0,0
GOOGL,25/11/2019,1,0
GOOGL,26/11/2019,0,0
GOOGL,27/11/2019,0,0
GOOGL,28/11/2019,0,0
GOOGL,29/11/2019,0,0
GOOGL,30/11/2019,0,0
GOOGL,1/12/2019,0,0
GOOGL,2/12/2019,2,0.77065
GOOGL,3/12/2019,2,0
GOOGL,4/12/2019,4,-0.2967
GOOGL,5/12/2019,3,0.113333333
GOOGL,6/12/2019,4,0.615175
GOOGL,7/12/2019,0,0
GOOGL,8/12/2019,0,0
GOOGL,9/12/2019,0,0
GOOGL,10/12/2019,1,0.4404
GOOGL,11/12/2019,0,0
GOOGL,12/12/2019,1,0
GOOGL,13/12/2019,2,0.1806
GOOGL,14/12/2019,0,0
GOOGL,15/12/2019,0,0
GOOGL,16/12/2019,0,0
GOOGL,17/12/2019,0,0
GOOGL,18/12/2019,0,0
GOOGL,19/12/2019,0,0
GOOGL,20/12/2019,1,0
GOOGL,21/12/2019,3,0.428866667
GOOGL,22/12/2019,0,0
GOOGL,23/12/2019,0,0
GOOGL,24/12/2019,0,0
GOOGL,25/12/2019,0,0
GOOGL,26/12/2019,4,0.0193
GOOGL,27/12/2019,0,0
GOOGL,28/12/2019,0,0
GOOGL,29/12/2019,0,0
GOOGL,30/12/2019,2,0.42925
GOOGL,31/12/2019,2,-0.07655
GOOGL,1/1/2020,0,0
GOOGL,2/1/2020,2,-0.2167
GOOGL,3/1/2020,1,0.4588
GOOGL,4/1/2020,2,0.30405
GOOGL,5/1/2020,1,0.4939
GOOGL,6/1/2020,8,-0.118475
GOOGL,7/1/2020,5,0.16492
GOOGL,8/1/2020,0,0
GOOGL,9/1/2020,3,-0.3081
GOOGL,10/1/2020,2,-0.1591
GOOGL,11/1/2020,2,0.4019
GOOGL,12/1/2020,0,0
GOOGL,13/1/2020,3,-0.1589
GOOGL,14/1/2020,2,0.40475
GOOGL,15/1/2020,0,0
GOOGL,16/1/2020,1,0.34
GOOGL,17/1/2020,5,0.10684
GOOGL,18/1/2020,0,0
GOOGL,19/1/2020,0,0
GOOGL,20/1/2020,0,0
GOOGL,21/1/2020,4,0.0846
GOOGL,22/1/2020,1,0
GOOGL,23/1/2020,1,0.7003
GOOGL,24/1/2020,1,-0.5423
GOOGL,25/1/2020,1,0.9112
GOOGL,26/1/2020,0,0
GOOGL,27/1/2020,1,-0.6124
GOOGL,28/1/2020,0,0
GOOGL,29/1/2020,2,0.35545
GOOGL,30/1/2020,3,0.466233333
GOOGL,31/1/2020,27,0.032233333
GOOGL,1/2/2020,16,0.0341875
GOOGL,2/2/2020,1,0
GOOGL,3/2/2020,66,0.144122727
GOOGL,4/2/2020,31,0.050377419
GOOGL,5/2/2020,16,0.01580625
GOOGL,6/2/2020,4,-0.1567
GOOGL,7/2/2020,5,-0.17068
GOOGL,8/2/2020,4,0.2504
GOOGL,9/2/2020,1,0.6767
GOOGL,10/2/2020,11,0.117409091
GOOGL,11/2/2020,14,0.075357143
GOOGL,12/2/2020,3,0.3512
GOOGL,13/2/2020,3,0.056766667
GOOGL,14/2/2020,2,0.42545
GOOGL,15/2/2020,1,0.2698
GOOGL,16/2/2020,0,0
GOOGL,17/2/2020,0,0
GOOGL,18/2/2020,3,0.0041
GOOGL,19/2/2020,6,0.322983333
GOOGL,20/2/2020,10,0.09972
GOOGL,21/2/2020,4,-0.025675
GOOGL,22/2/2020,1,0
GOOGL,23/2/2020,0,0
GOOGL,24/2/2020,1,0.3612
GOOGL,25/2/2020,1,0.7291
GOOGL,26/2/2020,5,0.5028
GOOGL,27/2/2020,2,0.40775
GOOGL,28/2/2020,4,0.63565
GOOGL,29/2/2020,0,0
GOOGL,1/3/2020,1,0
GOOGL,2/3/2020,2,0.18365
GOOGL,3/3/2020,4,0.38685
GOOGL,4/3/2020,1,0
GOOGL,5/3/2020,2,0.83185
GOOGL,6/3/2020,1,-0.4162
GOOGL,7/3/2020,0,0
GOOGL,8/3/2020,2,0.10625
GOOGL,9/3/2020,1,-0.6808
GOOGL,10/3/2020,0,0
GOOGL,11/3/2020,1,0
GOOGL,12/3/2020,1,0
GOOGL,13/3/2020,16,-0.00615625
GOOGL,14/3/2020,5,-0.221
GOOGL,15/3/2020,6,0.324016667
GOOGL,16/3/2020,6,-0.0215
GOOGL,17/3/2020,5,0.0937
GOOGL,18/3/2020,4,0.278275
GOOGL,19/3/2020,5,0.31498
GOOGL,20/3/2020,0,0
GOOGL,21/3/2020,0,0
GOOGL,22/3/2020,3,-0.254133333
GOOGL,23/3/2020,4,0.213425
GOOGL,24/3/2020,2,0.2692
GOOGL,25/3/2020,3,0.083766667
GOOGL,26/3/2020,7,0.2612
GOOGL,27/3/2020,1,-0.5106
GOOGL,28/3/2020,1,0
GOOGL,29/3/2020,0,0
GOOGL,30/3/2020,3,0.384733333
GOOGL,31/3/2020,4,0.13485
GOOGL,1/4/2020,1,0.7579
GOOGL,2/4/2020,0,0
GOOGL,3/4/2020,0,0
GOOGL,4/4/2020,1,-0.6155
GOOGL,5/4/2020,1,-0.6908
GOOGL,6/4/2020,1,-0.34
GOOGL,7/4/2020,4,0.0997
GOOGL,8/4/2020,5,-0.04468
GOOGL,9/4/2020,12,-0.018025
GOOGL,10/4/2020,0,0
GOOGL,11/4/2020,1,0
GOOGL,12/4/2020,6,0.099183333
GOOGL,13/4/2020,3,-0.087566667
GOOGL,14/4/2020,19,0.179573684
GOOGL,15/4/2020,7,0.233657143
GOOGL,16/4/2020,12,-0.168258333
GOOGL,17/4/2020,4,0.099925
GOOGL,18/4/2020,4,0.183325
GOOGL,19/4/2020,2,-0.14485
GOOGL,20/4/2020,10,0.1321
GOOGL,21/4/2020,6,-0.018466667
GOOGL,22/4/2020,10,0.17257
GOOGL,23/4/2020,13,-0.012315385
GOOGL,24/4/2020,19,-0.120147368
GOOGL,25/4/2020,5,0.25198
GOOGL,26/4/2020,13,-0.133546154
GOOGL,27/4/2020,32,0.02808125
GOOGL,28/4/2020,272,-0.008663971
GOOGL,29/4/2020,52,0.048173077
GOOGL,30/4/2020,24,0.160204167
GOOGL,1/5/2020,11,0.110154546
GOOGL,2/5/2020,2,0
GOOGL,3/5/2020,2,0.4848
GOOGL,4/5/2020,3,-0.264966667
GOOGL,5/5/2020,9,0.286133333
GOOGL,6/5/2020,8,0.1498625
GOOGL,7/5/2020,3,0.201633333
GOOGL,8/5/2020,3,0.447333333
GOOGL,9/5/2020,1,-0.8378
GOOGL,10/5/2020,0,0
GOOGL,11/5/2020,3,-0.326
GOOGL,12/5/2020,3,-0.098666667
GOOGL,13/5/2020,7,-0.100885714
GOOGL,14/5/2020,12,0.190358333
GOOGL,15/5/2020,19,-0.058147368
GOOGL,16/5/2020,9,0.346933333
GOOGL,17/5/2020,1,-0.5247
GOOGL,18/5/2020,19,-0.053305263
GOOGL,19/5/2020,4,-0.018975
GOOGL,20/5/2020,3,0.146866667
GOOGL,21/5/2020,5,-0.30818
GOOGL,22/5/2020,4,0.2656
GOOGL,23/5/2020,1,0.9349
GOOGL,24/5/2020,3,-0.020466667
GOOGL,25/5/2020,0,0
GOOGL,26/5/2020,7,0.040128571
GOOGL,27/5/2020,6,0.07675
GOOGL,28/5/2020,4,-0.11395
GOOGL,29/5/2020,1,0.5267
GOOGL,30/5/2020,0,0
GOOGL,31/5/2020,2,0.3473
GOOGL,1/6/2020,4,0.06855
GOOGL,2/6/2020,0,0
GOOGL,3/6/2020,3,-0.119033333
GOOGL,4/6/2020,4,-0.113575
GOOGL,5/6/2020,3,-0.0172
GOOGL,6/6/2020,1,0.4019
GOOGL,7/6/2020,2,-0.17235
GOOGL,8/6/2020,3,-0.2931
GOOGL,9/6/2020,2,-0.3601
GOOGL,10/6/2020,9,0.024044444
GOOGL,11/6/2020,5,0.06572
GOOGL,12/6/2020,2,0.08565
GOOGL,13/6/2020,1,-0.5574
GOOGL,14/6/2020,4,-0.051075
GOOGL,15/6/2020,1,0
GOOGL,16/6/2020,7,0.067114286
GOOGL,17/6/2020,2,-0.1695
GOOGL,18/6/2020,2,0.4304
GOOGL,19/6/2020,5,0.26902
GOOGL,20/6/2020,3,0.126
GOOGL,21/6/2020,1,0.8286
GOOGL,22/6/2020,11,0.267290909
GOOGL,23/6/2020,9,0.208322222
GOOGL,24/6/2020,8,-0.2728125
GOOGL,25/6/2020,5,-0.36496
GOOGL,26/6/2020,20,0.1924
GOOGL,27/6/2020,8,0.17245
GOOGL,28/6/2020,8,0.0899875
GOOGL,29/6/2020,3,0.1953
GOOGL,30/6/2020,8,-0.0668875
GOOGL,1/7/2020,10,-0.12711
GOOGL,2/7/2020,6,0.417166667
GOOGL,3/7/2020,3,-0.1846
GOOGL,4/7/2020,2,0.10115
GOOGL,5/7/2020,3,0.0317
GOOGL,6/7/2020,7,0.156471429
GOOGL,7/7/2020,15,0.269246667
GOOGL,8/7/2020,6,-0.2008
GOOGL,9/7/2020,18,0.369738889
GOOGL,10/7/2020,17,0.217447059
GOOGL,11/7/2020,8,0.110575
GOOGL,12/7/2020,9,-0.098977778
GOOGL,13/7/2020,21,0.134219048
GOOGL,14/7/2020,15,0.058233333
GOOGL,15/7/2020,4,-0.09545
GOOGL,16/7/2020,2,0.43095
GOOGL,17/7/2020,2,-0.58315
GOOGL,18/7/2020,3,-0.193266667
GOOGL,19/7/2020,3,0.065833333
GOOGL,20/7/2020,13,-0.025738462
GOOGL,21/7/2020,15,0.141646667
GOOGL,22/7/2020,7,0.338228571
GOOGL,23/7/2020,13,0.163546154
GOOGL,24/7/2020,9,0.085966667
GOOGL,25/7/2020,4,0.2919
GOOGL,26/7/2020,3,0.362866667
GOOGL,27/7/2020,17,0.161817647
GOOGL,28/7/2020,9,0.048766667
GOOGL,29/7/2020,38,-0.09171579
GOOGL,30/7/2020,71,0.011108451
GOOGL,31/7/2020,53,0.064464151
GOOGL,1/8/2020,7,0.083642857
GOOGL,2/8/2020,8,-0.1954625
GOOGL,3/8/2020,4,-0.06365
GOOGL,4/8/2020,19,0.190052632
GOOGL,5/8/2020,8,-0.0732875
GOOGL,6/8/2020,6,0.052316667
GOOGL,7/8/2020,11,-0.273181818
GOOGL,8/8/2020,6,0.241583333
GOOGL,9/8/2020,8,-0.071125
GOOGL,10/8/2020,4,-0.274675
GOOGL,11/8/2020,13,0.013784615
GOOGL,12/8/2020,5,0.28364
GOOGL,13/8/2020,5,0.00632
GOOGL,14/8/2020,6,0.072433333
GOOGL,15/8/2020,1,0
GOOGL,16/8/2020,2,-0.0472
GOOGL,17/8/2020,12,0.193508333
GOOGL,18/8/2020,22,0.031531818
GOOGL,19/8/2020,16,0.13256875
GOOGL,20/8/2020,20,0.039655
GOOGL,21/8/2020,21,0.107176191
GOOGL,22/8/2020,10,0.01955
GOOGL,23/8/2020,12,0.111016667
GOOGL,24/8/2020,5,-0.16766
GOOGL,25/8/2020,13,0.362376923
GOOGL,26/8/2020,17,0.113247059
GOOGL,27/8/2020,9,0.278577778
GOOGL,28/8/2020,8,0.1585375
GOOGL,29/8/2020,4,0.462625
GOOGL,30/8/2020,3,0.0086
GOOGL,31/8/2020,5,-0.18128
GOOGL,1/9/2020,14,0.105064286
GOOGL,2/9/2020,29,-0.019951724
GOOGL,3/9/2020,18,-0.089805556
GOOGL,4/9/2020,5,0.06822
GOOGL,5/9/2020,8,0.129975
GOOGL,6/9/2020,2,0.1591
GOOGL,7/9/2020,1,0
GOOGL,8/9/2020,9,0.033422222
GOOGL,9/9/2020,5,0.04802
GOOGL,10/9/2020,3,-0.147466667
GOOGL,11/9/2020,8,-0.0108375
GOOGL,12/9/2020,8,0.1469625
GOOGL,13/9/2020,1,-0.6597
GOOGL,14/9/2020,4,-0.3761
GOOGL,15/9/2020,9,-0.023611111
GOOGL,16/9/2020,2,-0.34225
GOOGL,17/9/2020,4,0.099875
GOOGL,18/9/2020,29,0.030793103
GOOGL,19/9/2020,1,-0.3421
GOOGL,20/9/2020,7,-0.195628571
GOOGL,21/9/2020,1,0
GOOGL,22/9/2020,4,0.469775
GOOGL,23/9/2020,10,0.26348
GOOGL,24/9/2020,6,0.043433333
GOOGL,25/9/2020,4,0.146675
GOOGL,26/9/2020,2,0.38915
GOOGL,27/9/2020,1,0.5473
GOOGL,28/9/2020,3,0.091066667
GOOGL,29/9/2020,4,-0.006025
GOOGL,30/9/2020,11,-0.026527273
GOOGL,1/10/2020,14,0.224464286
GOOGL,2/10/2020,6,-0.323883333
GOOGL,3/10/2020,0,0
GOOGL,4/10/2020,1,0.3802
GOOGL,5/10/2020,6,-0.2914
GOOGL,6/10/2020,11,-0.238763636
GOOGL,7/10/2020,7,0.221585714
GOOGL,8/10/2020,6,0.188983333
GOOGL,9/10/2020,3,0
GOOGL,10/10/2020,2,-0.26335
GOOGL,11/10/2020,0,0
GOOGL,12/10/2020,10,0.10107
GOOGL,13/10/2020,4,-0.04045
GOOGL,14/10/2020,7,0.113928571
GOOGL,15/10/2020,2,0.0355
GOOGL,16/10/2020,3,0.247266667
GOOGL,17/10/2020,0,0
GOOGL,18/10/2020,6,0.481016667
GOOGL,19/10/2020,0,0
GOOGL,20/10/2020,24,0.015241667
GOOGL,21/10/2020,15,-0.0286
GOOGL,22/10/2020,4,0.246325
GOOGL,23/10/2020,6,0.03815
GOOGL,24/10/2020,1,0
GOOGL,25/10/2020,9,-0.031822222
GOOGL,26/10/2020,13,-0.163969231
GOOGL,27/10/2020,5,-0.17746
GOOGL,28/10/2020,17,-0.0293
GOOGL,29/10/2020,92,0.025691304
GOOGL,30/10/2020,28,-0.104503571
GOOGL,31/10/2020,1,0.0604
GOOGL,1/11/2020,6,0.457133333
GOOGL,2/11/2020,5,-0.00258
GOOGL,3/11/2020,3,0.5841
GOOGL,4/11/2020,11,-0.173718182
GOOGL,5/11/2020,3,0.2054
GOOGL,6/11/2020,2,0.46645
GOOGL,7/11/2020,2,0.62425
GOOGL,8/11/2020,4,0.5221
GOOGL,9/11/2020,9,-0.001777778
GOOGL,10/11/2020,13,0.0275
GOOGL,11/11/2020,16,0.05009375
GOOGL,12/11/2020,7,-0.0403
GOOGL,13/11/2020,5,0.05144
GOOGL,14/11/2020,4,0.00275
GOOGL,15/11/2020,2,0.3216
GOOGL,16/11/2020,3,0.259433333
GOOGL,17/11/2020,7,0.108342857
GOOGL,18/11/2020,6,-0.26155
GOOGL,19/11/2020,0,0
GOOGL,20/11/2020,5,0.21148
GOOGL,21/11/2020,0,0
GOOGL,22/11/2020,1,0.5719
GOOGL,23/11/2020,3,-0.010233333
GOOGL,24/11/2020,1,0.5927
GOOGL,25/11/2020,2,0.74365
GOOGL,26/11/2020,3,0.4357
GOOGL,27/11/2020,6,0.068016667
GOOGL,28/11/2020,3,0.1952
GOOGL,29/11/2020,2,0.46875
GOOGL,30/11/2020,7,-0.139942857
GOOGL,1/12/2020,12,0.19355
GOOGL,2/12/2020,5,-0.27888
GOOGL,3/12/2020,3,0
GOOGL,4/12/2020,5,0.21294
GOOGL,5/12/2020,0,0
GOOGL,6/12/2020,2,0.1591
GOOGL,7/12/2020,6,0.342783333
GOOGL,8/12/2020,4,0.0436
GOOGL,9/12/2020,3,-0.2357
GOOGL,10/12/2020,6,0.341716667
GOOGL,11/12/2020,5,0.19546
GOOGL,12/12/2020,2,0.4063
GOOGL,13/12/2020,5,0.01112
GOOGL,14/12/2020,8,0.0173375
GOOGL,15/12/2020,3,-0.024033333
GOOGL,16/12/2020,13,-0.0664
GOOGL,17/12/2020,14,-0.056492857
GOOGL,18/12/2020,6,0.173333333
GOOGL,19/12/2020,2,0.48565
GOOGL,20/12/2020,4,0.227525
GOOGL,21/12/2020,6,0.11765
GOOGL,22/12/2020,6,0.077816667
GOOGL,23/12/2020,7,0.403257143
GOOGL,24/12/2020,6,-0.3893
GOOGL,25/12/2020,1,0.8087
GOOGL,26/12/2020,1,0.6237
GOOGL,27/12/2020,1,0
GOOGL,28/12/2020,13,0.367838462
GOOGL,29/12/2020,1,0
GOOGL,30/12/2020,5,0.2779
GOOGL,31/12/2020,8,0.2772125
FB,1/1/2019,0,0
FB,2/1/2019,20,0.18147
FB,3/1/2019,14,-0.137671429
FB,4/1/2019,10,-0.06233
FB,5/1/2019,2,0.1901
FB,6/1/2019,0,0
FB,7/1/2019,6,-0.222216667
FB,8/1/2019,6,0.352866667
FB,9/1/2019,1,-0.3818
FB,10/1/2019,4,0.3246
FB,11/1/2019,5,-0.07994
FB,12/1/2019,2,0
FB,13/1/2019,0,0
FB,14/1/2019,10,-0.15588
FB,15/1/2019,3,-0.0251
FB,16/1/2019,11,-0.054845455
FB,17/1/2019,8,0.275925
FB,18/1/2019,20,0.216035
FB,19/1/2019,2,0.4215
FB,20/1/2019,0,0
FB,21/1/2019,0,0
FB,22/1/2019,11,0.0542
FB,23/1/2019,9,-0.171366667
FB,24/1/2019,8,-0.030275
FB,25/1/2019,3,0.0267
FB,26/1/2019,2,0.45855
FB,27/1/2019,2,-0.23205
FB,28/1/2019,12,0.142
FB,29/1/2019,18,-0.1115
FB,30/1/2019,75,-0.002062667
FB,31/1/2019,90,0.151004444
FB,1/2/2019,28,-0.009364286
FB,2/2/2019,11,0.174936364
FB,3/2/2019,4,-0.366675
FB,4/2/2019,28,0.142082143
FB,5/2/2019,19,0.042078947
FB,6/2/2019,22,0.141663636
FB,7/2/2019,17,0.268641177
FB,8/2/2019,5,-0.1935
FB,9/2/2019,0,0
FB,10/2/2019,0,0
FB,11/2/2019,14,0.185835714
FB,12/2/2019,17,0.079129412
FB,13/2/2019,20,-0.12961
FB,14/2/2019,7,0.113657143
FB,15/2/2019,14,0.02495
FB,16/2/2019,0,0
FB,17/2/2019,0,0
FB,18/2/2019,4,-0.0683
FB,19/2/2019,9,-0.101877778
FB,20/2/2019,1,0
FB,21/2/2019,9,0.246677778
FB,22/2/2019,6,0.5765
FB,23/2/2019,1,-0.8178
FB,24/2/2019,0,0
FB,25/2/2019,10,0.12712
FB,26/2/2019,1,0.6249
FB,27/2/2019,2,0.22895
FB,28/2/2019,2,0.1806
FB,1/3/2019,1,0
FB,2/3/2019,0,0
FB,3/3/2019,0,0
FB,4/3/2019,4,0.15045
FB,5/3/2019,12,0.113183333
FB,6/3/2019,14,0.03005
FB,7/3/2019,13,-0.103484615
FB,8/3/2019,8,0.0349
FB,9/3/2019,1,0.8163
FB,10/3/2019,0,0
FB,11/3/2019,8,-0.1749125
FB,12/3/2019,7,0.106657143
FB,13/3/2019,2,0.25395
FB,14/3/2019,22,-0.031272727
FB,15/3/2019,37,-0.038751351
FB,16/3/2019,10,-0.16516
FB,17/3/2019,4,0.2202
FB,18/3/2019,0,0
FB,19/3/2019,9,0.057833333
FB,20/3/2019,15,-0.157413333
FB,21/3/2019,17,0.238658824
FB,22/3/2019,16,-0.0765625
FB,23/3/2019,2,0
FB,24/3/2019,2,0.4767
FB,25/3/2019,7,-0.033614286
FB,26/3/2019,9,0.086855556
FB,27/3/2019,5,-0.06622
FB,28/3/2019,13,0.171176923
FB,29/3/2019,6,0.515683333
FB,30/3/2019,0,0
FB,31/3/2019,0,0
FB,1/4/2019,9,-0.017544444
FB,2/4/2019,47,0.065385106
FB,3/4/2019,75,-0.036038667
FB,4/4/2019,37,0.113975676
FB,5/4/2019,33,0.064709091
FB,6/4/2019,3,-0.294766667
FB,7/4/2019,0,0
FB,8/4/2019,14,-0.076164286
FB,9/4/2019,30,0.017173333
FB,10/4/2019,8,0.1082625
FB,11/4/2019,2,0
FB,12/4/2019,21,0.213095238
FB,13/4/2019,5,0.184
FB,14/4/2019,5,0.0935
FB,15/4/2019,17,0.063382353
FB,16/4/2019,15,0.021633333
FB,17/4/2019,12,0.019791667
FB,18/4/2019,22,0.03145
FB,19/4/2019,19,-0.023978947
FB,20/4/2019,14,0.134142857
FB,21/4/2019,14,0.234085714
FB,22/4/2019,24,0.016483333
FB,23/4/2019,65,0.122187692
FB,24/4/2019,193,0.064882902
FB,25/4/2019,120,0.112885
FB,26/4/2019,31,0.062651613
FB,27/4/2019,6,0.1891
FB,28/4/2019,5,0.29544
FB,29/4/2019,33,0.132212121
FB,30/4/2019,66,0.043427273
FB,1/5/2019,22,0.036840909
FB,2/5/2019,17,0.120888235
FB,3/5/2019,20,0.29074
FB,4/5/2019,5,-0.3308
FB,5/5/2019,1,0.1682
FB,6/5/2019,11,0.039245455
FB,7/5/2019,9,0.001444444
FB,8/5/2019,16,0.102475
FB,9/5/2019,2,0.2331
FB,10/5/2019,10,0.35764
FB,11/5/2019,3,-0.062366667
FB,12/5/2019,2,-0.3556
FB,13/5/2019,6,0.085933333
FB,14/5/2019,13,0.0967
FB,15/5/2019,24,-0.006133333
FB,16/5/2019,17,-0.0738
FB,17/5/2019,10,-0.06735
FB,18/5/2019,0,0
FB,19/5/2019,2,0.1669
FB,20/5/2019,3,0.382866667
FB,21/5/2019,11,-0.177036364
FB,22/5/2019,4,-0.15765
FB,23/5/2019,17,-0.038488235
FB,24/5/2019,6,0.296583333
FB,25/5/2019,2,-0.33055
FB,26/5/2019,0,0
FB,27/5/2019,0,0
FB,28/5/2019,5,0.2279
FB,29/5/2019,2,-0.27115
FB,30/5/2019,9,0.082155556
FB,31/5/2019,8,-0.0636625
FB,1/6/2019,0,0
FB,2/6/2019,0,0
FB,3/6/2019,51,-0.00932549
FB,4/6/2019,19,0.043221053
FB,5/6/2019,6,-0.14325
FB,6/6/2019,5,0.02564
FB,7/6/2019,18,0.053772222
FB,8/6/2019,8,0.0632125
FB,9/6/2019,1,0.1695
FB,10/6/2019,5,0.07492
FB,11/6/2019,12,0.087975
FB,12/6/2019,27,0.119440741
FB,13/6/2019,11,0.111854546
FB,14/6/2019,23,-0.076956522
FB,15/6/2019,2,-0.1796
FB,16/6/2019,6,0.185466667
FB,17/6/2019,48,0.091810417
FB,18/6/2019,83,0.0989
FB,19/6/2019,21,0.090128571
FB,20/6/2019,22,0.030863636
FB,21/6/2019,15,0.13528
FB,22/6/2019,6,-0.100333333
FB,23/6/2019,2,0.3397
FB,24/6/2019,2,0.14245
FB,25/6/2019,7,-0.058085714
FB,26/6/2019,7,-0.337942857
FB,27/6/2019,2,0.05995
FB,28/6/2019,7,-0.113457143
FB,29/6/2019,0,0
FB,30/6/2019,0,0
FB,1/7/2019,8,0.1271875
FB,2/7/2019,8,-0.1114375
FB,3/7/2019,28,0.018057143
FB,4/7/2019,0,0
FB,5/7/2019,2,0.51075
FB,6/7/2019,7,-0.251714286
FB,7/7/2019,0,0
FB,8/7/2019,3,0
FB,9/7/2019,12,-0.089108333
FB,10/7/2019,24,0.012825
FB,11/7/2019,25,-0.02878
FB,12/7/2019,126,0.039126191
FB,13/7/2019,0,0
FB,14/7/2019,0,0
FB,15/7/2019,33,-0.052612121
FB,16/7/2019,38,-0.044210526
FB,17/7/2019,24,0.0743875
FB,18/7/2019,15,-0.101213333
FB,19/7/2019,23,-0.0559
FB,20/7/2019,3,0.1449
FB,21/7/2019,1,-0.6124
FB,22/7/2019,12,0.0236
FB,23/7/2019,36,0.153461111
FB,24/7/2019,148,0.077888514
FB,25/7/2019,92,0.043277174
FB,26/7/2019,84,0.092890476
FB,27/7/2019,2,0
FB,28/7/2019,0,0
FB,29/7/2019,65,-0.001672308
FB,30/7/2019,34,0.011026471
FB,31/7/2019,25,-0.0253
FB,1/8/2019,15,0.03128
FB,2/8/2019,12,0.093591667
FB,3/8/2019,2,0.7096
FB,4/8/2019,1,-0.4019
FB,5/8/2019,6,0.1234
FB,6/8/2019,7,0.210128571
FB,7/8/2019,6,0.194783333
FB,8/8/2019,6,-0.038683333
FB,9/8/2019,4,0.279475
FB,10/8/2019,0,0
FB,11/8/2019,0,0
FB,12/8/2019,5,-0.12454
FB,13/8/2019,4,-0.46165
FB,14/8/2019,13,-0.0287
FB,15/8/2019,3,-0.1815
FB,16/8/2019,12,-0.073375
FB,17/8/2019,0,0
FB,18/8/2019,0,0
FB,19/8/2019,2,-0.1437
FB,20/8/2019,19,-0.130584211
FB,21/8/2019,4,-0.42655
FB,22/8/2019,13,0.156846154
FB,23/8/2019,40,-0.0960275
FB,24/8/2019,3,0.280066667
FB,25/8/2019,3,-0.1101
FB,26/8/2019,7,0.056442857
FB,27/8/2019,6,-0.177333333
FB,28/8/2019,9,0.076733333
FB,29/8/2019,5,0.16884
FB,30/8/2019,6,-0.1797
FB,31/8/2019,2,0.0198
FB,1/9/2019,0,0
FB,2/9/2019,1,0.09
FB,3/9/2019,1,0
FB,4/9/2019,7,-0.2531
FB,5/9/2019,16,-0.062975
FB,6/9/2019,22,0.042040909
FB,7/9/2019,1,-0.3182
FB,8/9/2019,0,0
FB,9/9/2019,13,-0.183376923
FB,10/9/2019,3,0.105133333
FB,11/9/2019,10,-0.18185
FB,12/9/2019,5,0.04326
FB,13/9/2019,16,0.10821875
FB,14/9/2019,3,-0.132166667
FB,15/9/2019,2,0.46715
FB,16/9/2019,4,-0.191075
FB,17/9/2019,13,0.092284615
FB,18/9/2019,17,-0.140705882
FB,19/9/2019,6,0.225516667
FB,20/9/2019,22,-0.144759091
FB,21/9/2019,3,0.102533333
FB,22/9/2019,0,0
FB,23/9/2019,9,0.098844444
FB,24/9/2019,15,-0.19544
FB,25/9/2019,9,-0.064466667
FB,26/9/2019,23,0.075830435
FB,27/9/2019,15,-0.10384
FB,28/9/2019,3,0.462366667
FB,29/9/2019,3,-0.025633333
FB,30/9/2019,12,-0.08125
FB,1/10/2019,5,0.34776
FB,2/10/2019,13,-0.056084615
FB,3/10/2019,14,-0.030721429
FB,4/10/2019,12,-0.13495
FB,5/10/2019,5,0.0677
FB,6/10/2019,0,0
FB,7/10/2019,7,0.078928571
FB,8/10/2019,14,-0.044557143
FB,9/10/2019,3,-0.156033333
FB,10/10/2019,4,-0.4422
FB,11/10/2019,9,0.029166667
FB,12/10/2019,6,0.0078
FB,13/10/2019,2,-0.08175
FB,14/10/2019,1,-0.6086
FB,15/10/2019,18,0.056566667
FB,16/10/2019,2,-0.2828
FB,17/10/2019,1,-0.5719
FB,18/10/2019,15,0.399313333
FB,19/10/2019,1,0.6486
FB,20/10/2019,0,0
FB,21/10/2019,0,0
FB,22/10/2019,27,-0.124237037
FB,23/10/2019,12,0.044558333
FB,24/10/2019,5,-0.34208
FB,25/10/2019,6,0.066933333
FB,26/10/2019,2,0.30925
FB,27/10/2019,4,0.2284
FB,28/10/2019,6,0.183433333
FB,29/10/2019,24,-0.055108333
FB,30/10/2019,107,0.055109346
FB,31/10/2019,27,0.041614815
FB,1/11/2019,13,-0.2043
FB,2/11/2019,1,0.2263
FB,3/11/2019,1,-0.85
FB,4/11/2019,4,0.373625
FB,5/11/2019,2,0.4088
FB,6/11/2019,8,0.0367375
FB,7/11/2019,6,-0.006283333
FB,8/11/2019,6,0.014666667
FB,9/11/2019,3,-0.1222
FB,10/11/2019,0,0
FB,11/11/2019,3,0.018666667
FB,12/11/2019,22,-0.105954546
FB,13/11/2019,13,-0.006661539
FB,14/11/2019,4,0.02455
FB,15/11/2019,8,0.3008875
FB,16/11/2019,0,0
FB,17/11/2019,0,0
FB,18/11/2019,8,-0.0673625
FB,19/11/2019,9,0.003922222
FB,20/11/2019,0,0
FB,21/11/2019,2,0.6686
FB,22/11/2019,11,-0.048281818
FB,23/11/2019,2,-0.5399
FB,24/11/2019,0,0
FB,25/11/2019,12,-0.215608333
FB,26/11/2019,3,0.3924
FB,27/11/2019,6,0.0734
FB,28/11/2019,0,0
FB,29/11/2019,5,-0.44704
FB,30/11/2019,2,0
FB,1/12/2019,1,-0.1926
FB,2/12/2019,1,0
FB,3/12/2019,3,0.079366667
FB,4/12/2019,5,-0.036
FB,5/12/2019,4,-0.1806
FB,6/12/2019,0,0
FB,7/12/2019,0,0
FB,8/12/2019,0,0
FB,9/12/2019,2,0.6545
FB,10/12/2019,2,0.52525
FB,11/12/2019,2,-0.603
FB,12/12/2019,44,-0.004184091
FB,13/12/2019,19,-0.054710526
FB,14/12/2019,5,0.28632
FB,15/12/2019,0,0
FB,16/12/2019,12,0.072858333
FB,17/12/2019,14,-0.016914286
FB,18/12/2019,9,-0.006422222
FB,19/12/2019,10,0.00375
FB,20/12/2019,18,-0.037155556
FB,21/12/2019,1,0.4939
FB,22/12/2019,2,0.0386
FB,23/12/2019,8,-0.0717
FB,24/12/2019,4,-0.274325
FB,25/12/2019,0,0
FB,26/12/2019,7,0.013157143
FB,27/12/2019,6,-0.155216667
FB,28/12/2019,4,0.17945
FB,29/12/2019,0,0
FB,30/12/2019,6,-0.051616667
FB,31/12/2019,4,-0.26165
FB,1/1/2020,1,-0.8426
FB,2/1/2020,5,-0.12868
FB,3/1/2020,6,-0.019783333
FB,4/1/2020,2,-0.0981
FB,5/1/2020,2,0.24695
FB,6/1/2020,9,0.128033333
FB,7/1/2020,4,0.223675
FB,8/1/2020,2,-0.3463
FB,9/1/2020,11,0.079881818
FB,10/1/2020,5,-0.1304
FB,11/1/2020,9,0.010811111
FB,12/1/2020,2,-0.5423
FB,13/1/2020,10,-0.12001
FB,14/1/2020,11,0.070836364
FB,15/1/2020,10,0.2516
FB,16/1/2020,7,0.161
FB,17/1/2020,18,0.076911111
FB,18/1/2020,10,0.22033
FB,19/1/2020,2,-0.39495
FB,20/1/2020,1,-0.3818
FB,21/1/2020,12,-0.002666667
FB,22/1/2020,8,0.2122
FB,23/1/2020,1,0.5483
FB,24/1/2020,15,0.200273333
FB,25/1/2020,6,0.412383333
FB,26/1/2020,3,0.139533333
FB,27/1/2020,15,0.175253333
FB,28/1/2020,9,-0.142844444
FB,29/1/2020,109,-0.03723211
FB,30/1/2020,63,0.138836508
FB,31/1/2020,79,-0.014365823
FB,1/2/2020,19,-0.126989474
FB,2/2/2020,2,-0.40985
FB,3/2/2020,25,-0.030828
FB,4/2/2020,40,0.058725
FB,5/2/2020,37,-0.03057027
FB,6/2/2020,11,-0.025145455
FB,7/2/2020,18,0.218816667
FB,8/2/2020,6,0.036933333
FB,9/2/2020,3,-0.394766667
FB,10/2/2020,11,-0.045490909
FB,11/2/2020,64,-0.066734375
FB,12/2/2020,16,0.0875125
FB,13/2/2020,10,-0.18168
FB,14/2/2020,5,0.01716
FB,15/2/2020,2,0.2038
FB,16/2/2020,4,0.567475
FB,17/2/2020,11,0.077681818
FB,18/2/2020,15,0.046113333
FB,19/2/2020,13,0.189684615
FB,20/2/2020,19,0.053863158
FB,21/2/2020,10,0.06553
FB,22/2/2020,2,-0.39005
FB,23/2/2020,13,-0.102884615
FB,24/2/2020,18,-0.008488889
FB,25/2/2020,11,0.032163636
FB,26/2/2020,5,0.28868
FB,27/2/2020,18,-0.007244444
FB,28/2/2020,15,-0.151833333
FB,29/2/2020,3,0.389233333
FB,1/3/2020,5,-0.24238
FB,2/3/2020,1,0
FB,3/3/2020,8,-0.129175
FB,4/3/2020,2,-0.41295
FB,5/3/2020,6,0.0171
FB,6/3/2020,5,-0.11362
FB,7/3/2020,3,-0.106066667
FB,8/3/2020,5,0.24568
FB,9/3/2020,4,0.36415
FB,10/3/2020,5,0.00146
FB,11/3/2020,2,-5.00E-04
FB,12/3/2020,9,0.313533333
FB,13/3/2020,13,-0.2706
FB,14/3/2020,5,-0.00314
FB,15/3/2020,8,0.2721875
FB,16/3/2020,12,0.018558333
FB,17/3/2020,15,0.141166667
FB,18/3/2020,22,0.06975
FB,19/3/2020,22,0.070740909
FB,20/3/2020,15,-0.036573333
FB,21/3/2020,12,0.160975
FB,22/3/2020,4,-0.2049
FB,23/3/2020,24,-0.016066667
FB,24/3/2020,18,0.10025
FB,25/3/2020,11,-0.170018182
FB,26/3/2020,3,-0.493266667
FB,27/3/2020,10,0.02818
FB,28/3/2020,4,-0.44235
FB,29/3/2020,4,0.224275
FB,30/3/2020,10,0.14535
FB,31/3/2020,7,0.314857143
FB,1/4/2020,11,0.032363636
FB,2/4/2020,3,0.271566667
FB,3/4/2020,0,0
FB,4/4/2020,0,0
FB,5/4/2020,4,-0.029425
FB,6/4/2020,7,0.048442857
FB,7/4/2020,20,0.257365
FB,8/4/2020,11,0.150181818
FB,9/4/2020,11,0.092090909
FB,10/4/2020,4,0.145175
FB,11/4/2020,2,-0.1618
FB,12/4/2020,3,-0.624766667
FB,13/4/2020,14,0.008285714
FB,14/4/2020,17,-0.091788235
FB,15/4/2020,13,-0.061423077
FB,16/4/2020,54,0.02632037
FB,17/4/2020,25,-0.040464
FB,18/4/2020,12,0.090758333
FB,19/4/2020,12,-0.0234
FB,20/4/2020,12,-0.028658333
FB,21/4/2020,62,0.042891936
FB,22/4/2020,122,0.028555738
FB,23/4/2020,53,0.022292453
FB,24/4/2020,288,-0.000115278
FB,25/4/2020,36,-0.026247222
FB,26/4/2020,76,0.012426316
FB,27/4/2020,132,0.032002273
FB,28/4/2020,168,0.060721429
FB,29/4/2020,556,0.042221583
FB,30/4/2020,198,0.03479697
FB,1/5/2020,53,0.056735849
FB,2/5/2020,12,0.080266667
FB,3/5/2020,18,-0.078688889
FB,4/5/2020,24,0.0456125
FB,5/5/2020,25,0.180192
FB,6/5/2020,38,0.092173684
FB,7/5/2020,26,0.013319231
FB,8/5/2020,23,0.213286957
FB,9/5/2020,6,-0.2185
FB,10/5/2020,3,-0.124533333
FB,11/5/2020,37,0.057645946
FB,12/5/2020,22,0.036018182
FB,13/5/2020,19,0.255457895
FB,14/5/2020,22,0.016736364
FB,15/5/2020,77,0.062205195
FB,16/5/2020,24,0.125795833
FB,17/5/2020,8,0.050225
FB,18/5/2020,50,0.080804
FB,19/5/2020,1082,0.052033457
FB,20/5/2020,981,0.053456371
FB,21/5/2020,645,0.044093023
FB,22/5/2020,386,0.03396943
FB,23/5/2020,71,0.165139437
FB,24/5/2020,54,0.144055556
FB,25/5/2020,128,0.171352344
FB,26/5/2020,482,-0.002384855
FB,27/5/2020,411,-0.01869562
FB,28/5/2020,364,-0.008506593
FB,29/5/2020,129,-0.017026357
FB,30/5/2020,22,0.080413636
FB,31/5/2020,36,-0.091847222
FB,1/6/2020,154,-0.001808442
FB,2/6/2020,146,0.005086301
FB,3/6/2020,156,-0.031485897
FB,4/6/2020,121,-0.047816529
FB,5/6/2020,68,0.050591177
FB,6/6/2020,17,-0.063329412
FB,7/6/2020,18,-0.118033333
FB,8/6/2020,38,-0.064655263
FB,9/6/2020,118,0.054069492
FB,10/6/2020,78,0.010541026
FB,11/6/2020,57,-0.06111579
FB,12/6/2020,36,0.074108333
FB,13/6/2020,13,-0.004484615
FB,14/6/2020,12,0.273958333
FB,15/6/2020,24,0.109954167
FB,16/6/2020,24,-0.065891667
FB,17/6/2020,63,0.071992064
FB,18/6/2020,36,-0.112161111
FB,19/6/2020,41,0.116460976
FB,20/6/2020,11,0.127072727
FB,21/6/2020,13,0.114584615
FB,22/6/2020,81,-0.029375309
FB,23/6/2020,74,-0.003656757
FB,24/6/2020,49,0.028563265
FB,25/6/2020,72,0.042058333
FB,26/6/2020,686,-0.021040379
FB,27/6/2020,186,-0.006182258
FB,28/6/2020,374,-0.041200535
FB,29/6/2020,726,-0.01024697
FB,30/6/2020,278,0.024049281
FB,1/7/2020,497,0.00645996
FB,2/7/2020,263,-0.016154373
FB,3/7/2020,18,0.008383333
FB,4/7/2020,15,0.06838
FB,5/7/2020,28,-0.053482143
FB,6/7/2020,226,0.022825664
FB,7/7/2020,254,0.037833465
FB,8/7/2020,212,-0.029978302
FB,9/7/2020,109,0.010646789
FB,10/7/2020,101,0.030255446
FB,11/7/2020,23,0.065308696
FB,12/7/2020,43,0.109576744
FB,13/7/2020,86,-0.02220814
FB,14/7/2020,57,0.050605263
FB,15/7/2020,49,0.064155102
FB,16/7/2020,107,0.04085514
FB,17/7/2020,97,-0.003194845
FB,18/7/2020,42,-0.071592857
FB,19/7/2020,36,0.173708333
FB,20/7/2020,124,0.002447581
FB,21/7/2020,66,0.089034849
FB,22/7/2020,60,0.027271667
FB,23/7/2020,80,0.01429125
FB,24/7/2020,46,0.039486957
FB,25/7/2020,11,0.2496
FB,26/7/2020,17,0.095182353
FB,27/7/2020,105,0.000747619
FB,28/7/2020,85,-0.061656471
FB,29/7/2020,206,-0.006383981
FB,30/7/2020,412,0.04818932
FB,31/7/2020,196,0.070287755
FB,1/8/2020,45,0.038148889
FB,2/8/2020,47,0.0498
FB,3/8/2020,31,-0.005732258
FB,4/8/2020,47,-0.0796
FB,5/8/2020,58,-0.036343103
FB,6/8/2020,394,0.018523096
FB,7/8/2020,559,0.005600179
FB,8/8/2020,68,-0.047039706
FB,9/8/2020,94,0.073461702
FB,10/8/2020,193,-0.006925907
FB,11/8/2020,168,-0.058309524
FB,12/8/2020,125,-0.071572
FB,13/8/2020,88,0.121765909
FB,14/8/2020,58,0.036148276
FB,15/8/2020,8,-0.0109875
FB,16/8/2020,15,0.195026667
FB,17/8/2020,80,-0.09804375
FB,18/8/2020,117,0.001592308
FB,19/8/2020,101,0.016989109
FB,20/8/2020,77,0.047183117
FB,21/8/2020,106,-0.022372642
FB,22/8/2020,29,0.118372414
FB,23/8/2020,67,-0.01499403
FB,24/8/2020,166,0.068031928
FB,25/8/2020,413,0.096173366
FB,26/8/2020,706,0.049271247
FB,27/8/2020,337,0.0296273
FB,28/8/2020,213,0.008384977
FB,29/8/2020,50,0.150898
FB,30/8/2020,60,0.134733333
FB,31/8/2020,65,-0.089870769
FB,1/9/2020,165,0.037692727
FB,2/9/2020,129,0.091996124
FB,3/9/2020,111,0.036740541
FB,4/9/2020,113,0.059522124
FB,5/9/2020,28,0.142503571
FB,6/9/2020,26,-0.026319231
FB,7/9/2020,33,0.008648485
FB,8/9/2020,63,-0.066719048
FB,9/9/2020,92,-0.085895652
FB,10/9/2020,76,-0.039494737
FB,11/9/2020,62,0.000885484
FB,12/9/2020,19,0.194110526
FB,13/9/2020,44,0.134263636
FB,14/9/2020,140,-0.040259286
FB,15/9/2020,218,-0.011329817
FB,16/9/2020,190,-0.046984211
FB,17/9/2020,123,-0.084549594
FB,18/9/2020,355,0.027076056
FB,19/9/2020,28,0.098653571
FB,20/9/2020,26,-0.112046154
FB,21/9/2020,14,0.188171429
FB,22/9/2020,29,-0.035327586
FB,23/9/2020,49,0.046359184
FB,24/9/2020,27,-0.168914815
FB,25/9/2020,30,-0.02199
FB,26/9/2020,14,0.245742857
FB,27/9/2020,12,-0.04545
FB,28/9/2020,56,-0.001610714
FB,29/9/2020,78,0.095202564
FB,30/9/2020,55,-0.071236364
FB,1/10/2020,51,0.069284314
FB,2/10/2020,30,0.090846667
FB,3/10/2020,5,0.04876
FB,4/10/2020,13,0.082407692
FB,5/10/2020,30,0.110166667
FB,6/10/2020,51,-0.073935294
FB,7/10/2020,80,-0.0351925
FB,8/10/2020,63,0.098001587
FB,9/10/2020,29,-0.115975862
FB,10/10/2020,10,-0.04591
FB,11/10/2020,20,-0.094955
FB,12/10/2020,82,-0.013689024
FB,13/10/2020,35,-0.019431429
FB,14/10/2020,64,-0.018403125
FB,15/10/2020,65,-0.128918462
FB,16/10/2020,46,0.092054348
FB,17/10/2020,12,0.173316667
FB,18/10/2020,18,0.151911111
FB,19/10/2020,15,-0.233753333
FB,20/10/2020,107,0.087576636
FB,21/10/2020,109,0.048398165
FB,22/10/2020,34,0.070929412
FB,23/10/2020,55,0.06206
FB,24/10/2020,18,0.0469
FB,25/10/2020,33,0.043066667
FB,26/10/2020,55,0.035934546
FB,27/10/2020,60,0.100265
FB,28/10/2020,137,0.047208759
FB,29/10/2020,352,0.036497727
FB,30/10/2020,99,-0.040113131
FB,31/10/2020,26,0.141488462
FB,1/11/2020,17,0.003658824
FB,2/11/2020,31,0.115019355
FB,3/11/2020,18,0.045005556
FB,4/11/2020,45,-0.063242222
FB,5/11/2020,28,0.065507143
FB,6/11/2020,11,0.147645455
FB,7/11/2020,12,0.144408333
FB,8/11/2020,24,0.144766667
FB,9/11/2020,57,-0.016235088
FB,10/11/2020,54,0.042574074
FB,11/11/2020,29,-0.015193103
FB,12/11/2020,27,0.226651852
FB,13/11/2020,18,-0.095155556
FB,14/11/2020,10,0.11487
FB,15/11/2020,16,0.057525
FB,16/11/2020,37,-0.004545946
FB,17/11/2020,43,-0.070362791
FB,18/11/2020,23,-0.039069565
FB,19/11/2020,29,0.141813793
FB,20/11/2020,36,0.069477778
FB,21/11/2020,16,0.0701875
FB,22/11/2020,20,0.14652
FB,23/11/2020,67,-0.051244776
FB,24/11/2020,47,0.001659575
FB,25/11/2020,23,0.12403913
FB,26/11/2020,20,0.07557
FB,27/11/2020,21,0.241914286
FB,28/11/2020,12,-0.027275
FB,29/11/2020,17,0.174011765
FB,30/11/2020,32,0.149465625
FB,1/12/2020,59,0.010679661
FB,2/12/2020,48,0.094922917
FB,3/12/2020,38,-0.064502632
FB,4/12/2020,29,-0.073934483
FB,5/12/2020,9,0.249255556
FB,6/12/2020,22,0.021004546
FB,7/12/2020,45,0.110111111
FB,8/12/2020,25,0.04082
FB,9/12/2020,167,-0.029926946
FB,10/12/2020,92,0.014784783
FB,11/12/2020,47,0.102123404
FB,12/12/2020,8,0.2256625
FB,13/12/2020,23,0.254452174
FB,14/12/2020,23,0.082752174
FB,15/12/2020,72,-0.002977778
FB,16/12/2020,44,-0.030879546
FB,17/12/2020,64,0.00926875
FB,18/12/2020,36,-0.155005556
FB,19/12/2020,7,0.028042857
FB,20/12/2020,11,-0.253609091
FB,21/12/2020,41,0.033163415
FB,22/12/2020,85,-0.109935294
FB,23/12/2020,43,0.00772093
FB,24/12/2020,31,0.08586129
FB,25/12/2020,10,0.00118
FB,26/12/2020,8,-0.1144
FB,27/12/2020,19,-0.010589474
FB,28/12/2020,72,-0.001333333
FB,29/12/2020,52,0.001659615
FB,30/12/2020,52,0.07265
FB,31/12/2020,24,-0.0445125
NFLX,1/1/2019,0,0
NFLX,2/1/2019,1,-0.7146
NFLX,3/1/2019,46,-0.105595652
NFLX,4/1/2019,42,0.01017381
NFLX,5/1/2019,2,0.1901
NFLX,6/1/2019,14,-0.162085714
NFLX,7/1/2019,27,-0.09327037
NFLX,8/1/2019,24,-0.10345
NFLX,9/1/2019,32,0.06461875
NFLX,10/1/2019,27,-0.01837037
NFLX,11/1/2019,102,-0.016792157
NFLX,12/1/2019,6,0.196666667
NFLX,13/1/2019,10,0.0413
NFLX,14/1/2019,29,0.181744828
NFLX,15/1/2019,86,0.041231395
NFLX,16/1/2019,59,0.084918644
NFLX,17/1/2019,160,0.089840625
NFLX,18/1/2019,99,0.148721212
NFLX,19/1/2019,12,0.254733333
NFLX,20/1/2019,4,-0.32055
NFLX,21/1/2019,3,0.090466667
NFLX,22/1/2019,36,0.074897222
NFLX,23/1/2019,19,-0.197752632
NFLX,24/1/2019,20,-0.07716
NFLX,25/1/2019,34,0.059355882
NFLX,26/1/2019,3,-0.1661
NFLX,27/1/2019,0,0
NFLX,28/1/2019,7,-0.287528571
NFLX,29/1/2019,11,0.240790909
NFLX,30/1/2019,18,0.117966667
NFLX,31/1/2019,14,0.135814286
NFLX,1/2/2019,11,0.003163636
NFLX,2/2/2019,5,-0.23984
NFLX,3/2/2019,1,0.128
NFLX,4/2/2019,23,0.137604348
NFLX,5/2/2019,14,0.26655
NFLX,6/2/2019,12,0.083391667
NFLX,7/2/2019,10,-0.02121
NFLX,8/2/2019,25,0.097432
NFLX,9/2/2019,0,0
NFLX,10/2/2019,0,0
NFLX,11/2/2019,6,-0.015
NFLX,12/2/2019,16,0.01084375
NFLX,13/2/2019,24,-0.203308333
NFLX,14/2/2019,26,0.216930769
NFLX,15/2/2019,24,-0.0152875
NFLX,16/2/2019,2,-0.8519
NFLX,17/2/2019,0,0
NFLX,18/2/2019,1,0.9044
NFLX,19/2/2019,8,0.203425
NFLX,20/2/2019,10,0.06271
NFLX,21/2/2019,0,0
NFLX,22/2/2019,7,0.499542857
NFLX,23/2/2019,2,-0.391
NFLX,24/2/2019,3,-0.091833333
NFLX,25/2/2019,10,-0.11227
NFLX,26/2/2019,12,-0.095333333
NFLX,27/2/2019,3,0.051933333
NFLX,28/2/2019,8,-0.340325
NFLX,1/3/2019,10,-0.16998
NFLX,2/3/2019,0,0
NFLX,3/3/2019,0,0
NFLX,4/3/2019,11,0.155436364
NFLX,5/3/2019,6,0.171633333
NFLX,6/3/2019,5,0.093
NFLX,7/3/2019,5,-0.0305
NFLX,8/3/2019,7,0.002285714
NFLX,9/3/2019,1,0.8163
NFLX,10/3/2019,0,0
NFLX,11/3/2019,2,0
NFLX,12/3/2019,6,-0.06065
NFLX,13/3/2019,2,-0.6539
NFLX,14/3/2019,6,0.1618
NFLX,15/3/2019,7,0.019485714
NFLX,16/3/2019,2,0.7964
NFLX,17/3/2019,0,0
NFLX,18/3/2019,0,0
NFLX,19/3/2019,3,0.025733333
NFLX,20/3/2019,15,0.024193333
NFLX,21/3/2019,9,0.014677778
NFLX,22/3/2019,14,0.001857143
NFLX,23/3/2019,0,0
NFLX,24/3/2019,8,0.4354
NFLX,25/3/2019,22,-0.036177273
NFLX,26/3/2019,7,0.1391
NFLX,27/3/2019,6,-0.0816
NFLX,28/3/2019,9,-0.0903
NFLX,29/3/2019,3,0.197566667
NFLX,30/3/2019,2,0.24885
NFLX,31/3/2019,0,0
NFLX,1/4/2019,13,0.163215385
NFLX,2/4/2019,7,-0.034885714
NFLX,3/4/2019,1,0.3612
NFLX,4/4/2019,4,-0.05345
NFLX,5/4/2019,4,-0.3148
NFLX,6/4/2019,1,0
NFLX,7/4/2019,1,0.4404
NFLX,8/4/2019,12,-0.016283333
NFLX,9/4/2019,9,-0.098077778
NFLX,10/4/2019,6,-0.303083333
NFLX,11/4/2019,9,-0.102055556
NFLX,12/4/2019,96,0.094536458
NFLX,13/4/2019,14,0.241428571
NFLX,14/4/2019,10,-0.07231
NFLX,15/4/2019,42,-0.008195238
NFLX,16/4/2019,141,0.053170213
NFLX,17/4/2019,78,0.02518718
NFLX,18/4/2019,22,0.176718182
NFLX,19/4/2019,2,0.7236
NFLX,20/4/2019,0,0
NFLX,21/4/2019,0,0
NFLX,22/4/2019,18,-0.031272222
NFLX,23/4/2019,17,0.086558824
NFLX,24/4/2019,4,0.014225
NFLX,25/4/2019,10,0.05428
NFLX,26/4/2019,8,0.2548875
NFLX,27/4/2019,2,-0.5541
NFLX,28/4/2019,4,0.02245
NFLX,29/4/2019,9,0.619477778
NFLX,30/4/2019,2,-0.1252
NFLX,1/5/2019,9,0.010066667
NFLX,2/5/2019,6,0.312983333
NFLX,3/5/2019,9,0.486244444
NFLX,4/5/2019,0,0
NFLX,5/5/2019,2,0.33525
NFLX,6/5/2019,4,0.24165
NFLX,7/5/2019,7,0.197214286
NFLX,8/5/2019,4,0.19725
NFLX,9/5/2019,6,0.1657
NFLX,10/5/2019,6,0.189833333
NFLX,11/5/2019,0,0
NFLX,12/5/2019,0,0
NFLX,13/5/2019,2,-0.26335
NFLX,14/5/2019,5,-0.03648
NFLX,15/5/2019,6,0.2505
NFLX,16/5/2019,2,0
NFLX,17/5/2019,0,0
NFLX,18/5/2019,3,-0.477633333
NFLX,19/5/2019,0,0
NFLX,20/5/2019,2,0.2202
NFLX,21/5/2019,2,0
NFLX,22/5/2019,7,0.072085714
NFLX,23/5/2019,4,0
NFLX,24/5/2019,4,0.23395
NFLX,25/5/2019,0,0
NFLX,26/5/2019,1,-0.4404
NFLX,27/5/2019,0,0
NFLX,28/5/2019,14,0.301607143
NFLX,29/5/2019,7,-0.278185714
NFLX,30/5/2019,6,0.275316667
NFLX,31/5/2019,3,0.138966667
NFLX,1/6/2019,3,0
NFLX,2/6/2019,0,0
NFLX,3/6/2019,11,0.121836364
NFLX,4/6/2019,3,-0.6279
NFLX,5/6/2019,2,-0.75605
NFLX,6/6/2019,2,0.1517
NFLX,7/6/2019,4,0.396625
NFLX,8/6/2019,0,0
NFLX,9/6/2019,2,0.59305
NFLX,10/6/2019,7,-0.2508
NFLX,11/6/2019,1,0
NFLX,12/6/2019,2,0.13895
NFLX,13/6/2019,8,0.1462875
NFLX,14/6/2019,20,-0.185055
NFLX,15/6/2019,2,0
NFLX,16/6/2019,0,0
NFLX,17/6/2019,10,0.02742
NFLX,18/6/2019,6,0.167416667
NFLX,19/6/2019,4,-0.0682
NFLX,20/6/2019,4,0.56285
NFLX,21/6/2019,9,0.216788889
NFLX,22/6/2019,0,0
NFLX,23/6/2019,0,0
NFLX,24/6/2019,1,-0.6597
NFLX,25/6/2019,3,-0.250433333
NFLX,26/6/2019,4,0.4788
NFLX,27/6/2019,2,0.56775
NFLX,28/6/2019,6,0.170233333
NFLX,29/6/2019,2,0
NFLX,30/6/2019,0,0
NFLX,1/7/2019,7,0.047171429
NFLX,2/7/2019,0,0
NFLX,3/7/2019,3,-0.674866667
NFLX,4/7/2019,3,0.9881
NFLX,5/7/2019,7,0.289271429
NFLX,6/7/2019,3,0.0722
NFLX,7/7/2019,0,0
NFLX,8/7/2019,0,0
NFLX,9/7/2019,12,0.294541667
NFLX,10/7/2019,3,-0.308033333
NFLX,11/7/2019,6,0.139883333
NFLX,12/7/2019,27,-0.100192593
NFLX,13/7/2019,16,0.266975
NFLX,14/7/2019,0,0
NFLX,15/7/2019,22,-0.052972727
NFLX,16/7/2019,10,-0.02063
NFLX,17/7/2019,134,0.029374627
NFLX,18/7/2019,71,0.023152113
NFLX,19/7/2019,26,0.015746154
NFLX,20/7/2019,7,-0.199057143
NFLX,21/7/2019,3,0.5681
NFLX,22/7/2019,18,-0.0381
NFLX,23/7/2019,21,-0.086038095
NFLX,24/7/2019,25,0.066484
NFLX,25/7/2019,25,0.016968
NFLX,26/7/2019,21,0.250985714
NFLX,27/7/2019,2,-0.0772
NFLX,28/7/2019,6,0.070166667
NFLX,29/7/2019,2,-0.1366
NFLX,30/7/2019,8,-0.0172125
NFLX,31/7/2019,2,-0.2032
NFLX,1/8/2019,2,0.2997
NFLX,2/8/2019,7,-0.219028571
NFLX,3/8/2019,1,0
NFLX,4/8/2019,1,-0.0516
NFLX,5/8/2019,3,-0.288466667
NFLX,6/8/2019,7,0.2153
NFLX,7/8/2019,10,-0.0211
NFLX,8/8/2019,1,-0.2382
NFLX,9/8/2019,4,-0.134375
NFLX,10/8/2019,1,0
NFLX,11/8/2019,0,0
NFLX,12/8/2019,10,-0.17949
NFLX,13/8/2019,3,0.117533333
NFLX,14/8/2019,8,0.0722625
NFLX,15/8/2019,9,-0.031455556
NFLX,16/8/2019,9,0.239655556
NFLX,17/8/2019,1,-0.8519
NFLX,18/8/2019,0,0
NFLX,19/8/2019,7,0.0219
NFLX,20/8/2019,11,0.0288
NFLX,21/8/2019,12,0.031283333
NFLX,22/8/2019,1,0
NFLX,23/8/2019,0,0
NFLX,24/8/2019,1,-0.6772
NFLX,25/8/2019,0,0
NFLX,26/8/2019,2,-0.08115
NFLX,27/8/2019,7,-0.203357143
NFLX,28/8/2019,2,-0.26335
NFLX,29/8/2019,7,0.0416
NFLX,30/8/2019,7,-0.214085714
NFLX,31/8/2019,0,0
NFLX,1/9/2019,0,0
NFLX,2/9/2019,0,0
NFLX,3/9/2019,1,0
NFLX,4/9/2019,3,0.370933333
NFLX,5/9/2019,10,-0.14247
NFLX,6/9/2019,8,0.3011
NFLX,7/9/2019,0,0
NFLX,8/9/2019,0,0
NFLX,9/9/2019,13,0.069469231
NFLX,10/9/2019,26,0.050815385
NFLX,11/9/2019,4,0.242125
NFLX,12/9/2019,4,-0.146475
NFLX,13/9/2019,5,0.12316
NFLX,14/9/2019,0,0
NFLX,15/9/2019,1,0
NFLX,16/9/2019,6,0.031016667
NFLX,17/9/2019,2,0
NFLX,18/9/2019,11,0.114372727
NFLX,19/9/2019,18,0.014177778
NFLX,20/9/2019,57,-0.03522807
NFLX,21/9/2019,9,0.086855556
NFLX,22/9/2019,0,0
NFLX,23/9/2019,34,0.049258824
NFLX,24/9/2019,33,0.062639394
NFLX,25/9/2019,22,-0.023613636
NFLX,26/9/2019,4,0.330925
NFLX,27/9/2019,4,0.18785
NFLX,28/9/2019,0,0
NFLX,29/9/2019,0,0
NFLX,30/9/2019,3,0.571966667
NFLX,1/10/2019,9,0.215255556
NFLX,2/10/2019,8,-0.1410375
NFLX,3/10/2019,10,-0.002
NFLX,4/10/2019,12,-0.0979
NFLX,5/10/2019,1,-0.3774
NFLX,6/10/2019,0,0
NFLX,7/10/2019,4,0.056575
NFLX,8/10/2019,3,-0.297866667
NFLX,9/10/2019,4,-0.148
NFLX,10/10/2019,17,0.031282353
NFLX,11/10/2019,8,0.0134625
NFLX,12/10/2019,6,0.005766667
NFLX,13/10/2019,11,0.183572727
NFLX,14/10/2019,16,-0.0488875
NFLX,15/10/2019,14,-0.07785
NFLX,16/10/2019,158,0.01526962
NFLX,17/10/2019,89,0.047862921
NFLX,18/10/2019,94,-0.029090426
NFLX,19/10/2019,2,0.5783
NFLX,20/10/2019,3,-0.0635
NFLX,21/10/2019,16,0.07213125
NFLX,22/10/2019,18,0.096755556
NFLX,23/10/2019,9,0.013444444
NFLX,24/10/2019,5,-0.15572
NFLX,25/10/2019,9,0.213511111
NFLX,26/10/2019,0,0
NFLX,27/10/2019,0,0
NFLX,28/10/2019,4,0.11885
NFLX,29/10/2019,0,0
NFLX,30/10/2019,9,0.031944444
NFLX,31/10/2019,0,0
NFLX,1/11/2019,6,0.04025
NFLX,2/11/2019,0,0
NFLX,3/11/2019,0,0
NFLX,4/11/2019,2,-0.0795
NFLX,5/11/2019,1,0.7269
NFLX,6/11/2019,4,-0.43805
NFLX,7/11/2019,10,0.18085
NFLX,8/11/2019,8,0.078725
NFLX,9/11/2019,1,0
NFLX,10/11/2019,0,0
NFLX,11/11/2019,4,0.399775
NFLX,12/11/2019,10,-0.2676
NFLX,13/11/2019,35,0.011631429
NFLX,14/11/2019,8,0.2095125
NFLX,15/11/2019,15,-0.12958
NFLX,16/11/2019,1,-0.2382
NFLX,17/11/2019,0,0
NFLX,18/11/2019,16,-0.002375
NFLX,19/11/2019,3,0.2672
NFLX,20/11/2019,4,0.051925
NFLX,21/11/2019,6,-0.148566667
NFLX,22/11/2019,3,0.2571
NFLX,23/11/2019,0,0
NFLX,24/11/2019,5,0.37614
NFLX,25/11/2019,14,0.046985714
NFLX,26/11/2019,10,-0.13889
NFLX,27/11/2019,5,-0.2394
NFLX,28/11/2019,0,0
NFLX,29/11/2019,7,0.184657143
NFLX,30/11/2019,1,-0.0803
NFLX,1/12/2019,0,0
NFLX,2/12/2019,4,-0.0039
NFLX,3/12/2019,5,0.00516
NFLX,4/12/2019,0,0
NFLX,5/12/2019,7,0.2344
NFLX,6/12/2019,2,-0.03655
NFLX,7/12/2019,1,0.5423
NFLX,8/12/2019,0,0
NFLX,9/12/2019,3,-0.058533333
NFLX,10/12/2019,11,-0.225081818
NFLX,11/12/2019,4,-0.0781
NFLX,12/12/2019,1,-0.3182
NFLX,13/12/2019,6,-0.058333333
NFLX,14/12/2019,2,0.31245
NFLX,15/12/2019,1,-0.3412
NFLX,16/12/2019,0,0
NFLX,17/12/2019,2,-0.23835
NFLX,18/12/2019,10,0.15175
NFLX,19/12/2019,10,-0.0332
NFLX,20/12/2019,8,0.22015
NFLX,21/12/2019,3,-0.3583
NFLX,22/12/2019,0,0
NFLX,23/12/2019,13,-0.013169231
NFLX,24/12/2019,3,0.0936
NFLX,25/12/2019,0,0
NFLX,26/12/2019,1,0.0772
NFLX,27/12/2019,7,-0.215085714
NFLX,28/12/2019,1,0
NFLX,29/12/2019,1,0.8392
NFLX,30/12/2019,6,0.120183333
NFLX,31/12/2019,1,0.5994
NFLX,1/1/2020,0,0
NFLX,2/1/2020,5,0.39658
NFLX,3/1/2020,5,0.28488
NFLX,4/1/2020,2,0.2294
NFLX,5/1/2020,0,0
NFLX,6/1/2020,4,0.02065
NFLX,7/1/2020,7,-0.141814286
NFLX,8/1/2020,7,0.145757143
NFLX,9/1/2020,5,0.0504
NFLX,10/1/2020,6,-0.078933333
NFLX,11/1/2020,2,0.5796
NFLX,12/1/2020,1,0.5106
NFLX,13/1/2020,13,0.012407692
NFLX,14/1/2020,11,0.063027273
NFLX,15/1/2020,4,0.015675
NFLX,16/1/2020,7,0.036257143
NFLX,17/1/2020,11,0.007672727
NFLX,18/1/2020,5,0.31894
NFLX,19/1/2020,6,0.182516667
NFLX,20/1/2020,3,-0.453133333
NFLX,21/1/2020,101,0.01940396
NFLX,22/1/2020,40,-0.1511325
NFLX,23/1/2020,52,0.030367308
NFLX,24/1/2020,48,0.0447625
NFLX,25/1/2020,3,0.2248
NFLX,26/1/2020,11,-0.080109091
NFLX,27/1/2020,12,-0.018008333
NFLX,28/1/2020,16,-0.08694375
NFLX,29/1/2020,14,-0.029871429
NFLX,30/1/2020,2,0.42815
NFLX,31/1/2020,1,-0.34
NFLX,1/2/2020,0,0
NFLX,2/2/2020,2,0.58535
NFLX,3/2/2020,8,0.2270875
NFLX,4/2/2020,6,0.1063
NFLX,5/2/2020,12,0.159466667
NFLX,6/2/2020,1,-0.7579
NFLX,7/2/2020,8,0.0367
NFLX,8/2/2020,1,0.948
NFLX,9/2/2020,1,0
NFLX,10/2/2020,4,0.232225
NFLX,11/2/2020,4,0
NFLX,12/2/2020,1,0
NFLX,13/2/2020,2,0.401
NFLX,14/2/2020,3,-0.2017
NFLX,15/2/2020,4,-0.3881
NFLX,16/2/2020,1,0
NFLX,17/2/2020,2,0.401
NFLX,18/2/2020,18,0.055238889
NFLX,19/2/2020,25,-0.089984
NFLX,20/2/2020,13,0.057253846
NFLX,21/2/2020,5,-0.26538
NFLX,22/2/2020,1,0
NFLX,23/2/2020,4,0.016075
NFLX,24/2/2020,9,0.030677778
NFLX,25/2/2020,3,0.245633333
NFLX,26/2/2020,33,-0.015181818
NFLX,27/2/2020,51,0.100703922
NFLX,28/2/2020,12,0.231816667
NFLX,29/2/2020,5,-0.01004
NFLX,1/3/2020,8,0.19795
NFLX,2/3/2020,4,0.2812
NFLX,3/3/2020,2,0.2523
NFLX,4/3/2020,3,0.3231
NFLX,5/3/2020,8,-0.0845125
NFLX,6/3/2020,5,0.23646
NFLX,7/3/2020,5,0.32472
NFLX,8/3/2020,4,0.283875
NFLX,9/3/2020,1,-0.211
NFLX,10/3/2020,2,0.18535
NFLX,11/3/2020,2,0.44655
NFLX,12/3/2020,9,-0.099677778
NFLX,13/3/2020,10,-0.24459
NFLX,14/3/2020,6,0.270816667
NFLX,15/3/2020,3,0.1922
NFLX,16/3/2020,14,0.114028571
NFLX,17/3/2020,10,-0.14095
NFLX,18/3/2020,15,0.03004
NFLX,19/3/2020,14,-0.039564286
NFLX,20/3/2020,7,-0.155871429
NFLX,21/3/2020,3,0.532933333
NFLX,22/3/2020,2,0.12695
NFLX,23/3/2020,25,0.04708
NFLX,24/3/2020,17,-0.118123529
NFLX,25/3/2020,5,0.28608
NFLX,26/3/2020,3,-0.2072
NFLX,27/3/2020,11,-0.144745455
NFLX,28/3/2020,2,0.2202
NFLX,29/3/2020,2,-0.1366
NFLX,30/3/2020,7,0.036985714
NFLX,31/3/2020,3,-0.063633333
NFLX,1/4/2020,1,0.74
NFLX,2/4/2020,2,-0.31845
NFLX,3/4/2020,3,0.2464
NFLX,4/4/2020,2,-0.48315
NFLX,5/4/2020,7,0.399685714
NFLX,6/4/2020,2,0.07365
NFLX,7/4/2020,12,0.021116667
NFLX,8/4/2020,10,0.19904
NFLX,9/4/2020,9,-0.019022222
NFLX,10/4/2020,1,0.296
NFLX,11/4/2020,1,0.2023
NFLX,12/4/2020,3,0.067433333
NFLX,13/4/2020,61,-0.011496721
NFLX,14/4/2020,49,0.000932653
NFLX,15/4/2020,113,0.141572566
NFLX,16/4/2020,209,0.045489474
NFLX,17/4/2020,137,0.025426277
NFLX,18/4/2020,52,0.149736539
NFLX,19/4/2020,42,0.084488095
NFLX,20/4/2020,158,0.087828481
NFLX,21/4/2020,668,-0.00701512
NFLX,22/4/2020,193,-0.012601554
NFLX,23/4/2020,64,0.052553125
NFLX,24/4/2020,34,-0.121364706
NFLX,25/4/2020,12,-0.028141667
NFLX,26/4/2020,11,0.047872727
NFLX,27/4/2020,34,0.019808824
NFLX,28/4/2020,59,-0.130972881
NFLX,29/4/2020,38,0.033897368
NFLX,30/4/2020,37,0.13895946
NFLX,1/5/2020,9,-0.024644444
NFLX,2/5/2020,5,0.00786
NFLX,3/5/2020,7,0.137171429
NFLX,4/5/2020,18,-0.000666667
NFLX,5/5/2020,22,0.20035
NFLX,6/5/2020,14,0.083214286
NFLX,7/5/2020,20,-0.14949
NFLX,8/5/2020,7,0.389971429
NFLX,9/5/2020,1,-0.8378
NFLX,10/5/2020,10,0.27108
NFLX,11/5/2020,10,-5.00E-05
NFLX,12/5/2020,5,0.18788
NFLX,13/5/2020,17,0.0783
NFLX,14/5/2020,20,-0.008605
NFLX,15/5/2020,21,-0.051709524
NFLX,16/5/2020,11,0.164427273
NFLX,17/5/2020,4,0.497125
NFLX,18/5/2020,22,0.004863636
NFLX,19/5/2020,18,0.004444444
NFLX,20/5/2020,17,-0.085958824
NFLX,21/5/2020,70,0.043878571
NFLX,22/5/2020,65,-0.055109231
NFLX,23/5/2020,7,0.436457143
NFLX,24/5/2020,2,0.5776
NFLX,25/5/2020,10,0.01872
NFLX,26/5/2020,75,-0.064426667
NFLX,27/5/2020,48,-0.084358333
NFLX,28/5/2020,23,-0.116765217
NFLX,29/5/2020,10,0.3214
NFLX,30/5/2020,2,0
NFLX,31/5/2020,3,0.304533333
NFLX,1/6/2020,7,0.047628571
NFLX,2/6/2020,10,0.14589
NFLX,3/6/2020,10,-0.06347
NFLX,4/6/2020,8,0.018675
NFLX,5/6/2020,22,0.078213636
NFLX,6/6/2020,1,0.3612
NFLX,7/6/2020,2,0.3715
NFLX,8/6/2020,13,0.171715385
NFLX,9/6/2020,12,0.077766667
NFLX,10/6/2020,7,0.2481
NFLX,11/6/2020,22,-0.036131818
NFLX,12/6/2020,17,0.189529412
NFLX,13/6/2020,9,0.029666667
NFLX,14/6/2020,4,-0.48415
NFLX,15/6/2020,8,0.3102375
NFLX,16/6/2020,16,0.0473375
NFLX,17/6/2020,18,0.05535
NFLX,18/6/2020,7,-0.176985714
NFLX,19/6/2020,16,-0.067125
NFLX,20/6/2020,0,0
NFLX,21/6/2020,6,0.200016667
NFLX,22/6/2020,17,0.153
NFLX,23/6/2020,28,0.173603571
NFLX,24/6/2020,15,0.14484
NFLX,25/6/2020,6,0.062583333
NFLX,26/6/2020,19,-0.012168421
NFLX,27/6/2020,9,0.133788889
NFLX,28/6/2020,7,0.364142857
NFLX,29/6/2020,13,0.066546154
NFLX,30/6/2020,21,0.011561905
NFLX,1/7/2020,58,0.042068966
NFLX,2/7/2020,25,0.043512
NFLX,3/7/2020,11,0.218672727
NFLX,4/7/2020,4,-0.1056
NFLX,5/7/2020,8,0.1755625
NFLX,6/7/2020,35,0.1552
NFLX,7/7/2020,43,0.110572093
NFLX,8/7/2020,36,0.163772222
NFLX,9/7/2020,23,0.144873913
NFLX,10/7/2020,233,0.04592618
NFLX,11/7/2020,37,0.236508108
NFLX,12/7/2020,68,0.151845588
NFLX,13/7/2020,171,0.038519298
NFLX,14/7/2020,155,0.01993871
NFLX,15/7/2020,136,0.096675
NFLX,16/7/2020,990,0.011002727
NFLX,17/7/2020,272,0.011783456
NFLX,18/7/2020,41,-0.095504878
NFLX,19/7/2020,21,0.114633333
NFLX,20/7/2020,53,-0.100418868
NFLX,21/7/2020,55,0.001563636
NFLX,22/7/2020,54,0.006546296
NFLX,23/7/2020,38,0.044847368
NFLX,24/7/2020,32,0.085734375
NFLX,25/7/2020,9,0.021511111
NFLX,26/7/2020,5,0.13292
NFLX,27/7/2020,21,0.073919048
NFLX,28/7/2020,8,0.1828375
NFLX,29/7/2020,14,0.08175
NFLX,30/7/2020,18,0.112927778
NFLX,31/7/2020,31,0.222619355
NFLX,1/8/2020,5,-0.05938
NFLX,2/8/2020,11,0.0727
NFLX,3/8/2020,16,0.08910625
NFLX,4/8/2020,28,0.074985714
NFLX,5/8/2020,16,-0.039125
NFLX,6/8/2020,13,0.133130769
NFLX,7/8/2020,28,0.021135714
NFLX,8/8/2020,7,0.297628571
NFLX,9/8/2020,10,0.15873
NFLX,10/8/2020,12,-0.230441667
NFLX,11/8/2020,19,-0.075157895
NFLX,12/8/2020,18,-0.000722222
NFLX,13/8/2020,15,0.126526667
NFLX,14/8/2020,5,0.11718
NFLX,15/8/2020,5,0.42246
NFLX,16/8/2020,4,0.303275
NFLX,17/8/2020,14,0.087021429
NFLX,18/8/2020,19,0.045310526
NFLX,19/8/2020,22,0.134581818
NFLX,20/8/2020,26,0.182888462
NFLX,21/8/2020,34,0.139232353
NFLX,22/8/2020,3,0.3398
NFLX,23/8/2020,11,0.151054546
NFLX,24/8/2020,16,-0.01266875
NFLX,25/8/2020,5,0.00708
NFLX,26/8/2020,199,-0.017935678
NFLX,27/8/2020,26,0.035815385
NFLX,28/8/2020,20,0.247355
NFLX,29/8/2020,4,0.325325
NFLX,30/8/2020,8,0.03035
NFLX,31/8/2020,10,0.11671
NFLX,1/9/2020,43,0.077760465
NFLX,2/9/2020,18,-0.139883333
NFLX,3/9/2020,9,0.131988889
NFLX,4/9/2020,6,-0.023666667
NFLX,5/9/2020,8,-0.1105
NFLX,6/9/2020,3,-0.5838
NFLX,7/9/2020,3,-0.1741
NFLX,8/9/2020,7,0.051957143
NFLX,9/9/2020,28,0.066453571
NFLX,10/9/2020,31,-0.112696774
NFLX,11/9/2020,22,0.041604546
NFLX,12/9/2020,13,-0.134515385
NFLX,13/9/2020,8,-0.0101125
NFLX,14/9/2020,25,0.001256
NFLX,15/9/2020,26,-0.061876923
NFLX,16/9/2020,6,-0.135516667
NFLX,17/9/2020,15,-0.20214
NFLX,18/9/2020,33,0.249751515
NFLX,19/9/2020,3,0.0053
NFLX,20/9/2020,5,0.2625
NFLX,21/9/2020,5,-0.2753
NFLX,22/9/2020,10,0.03151
NFLX,23/9/2020,6,-0.19105
NFLX,24/9/2020,10,0.07207
NFLX,25/9/2020,12,0.0373
NFLX,26/9/2020,2,-0.0537
NFLX,27/9/2020,1,0.3182
NFLX,28/9/2020,7,0.167428571
NFLX,29/9/2020,5,0.03238
NFLX,30/9/2020,6,0.07025
NFLX,1/10/2020,36,0.029088889
NFLX,2/10/2020,31,0.154890323
NFLX,3/10/2020,9,0.205877778
NFLX,4/10/2020,4,0.4246
NFLX,5/10/2020,18,0.002433333
NFLX,6/10/2020,19,0.254126316
NFLX,7/10/2020,34,-0.000811765
NFLX,8/10/2020,23,0.012443478
NFLX,9/10/2020,13,0.024953846
NFLX,10/10/2020,2,0.2294
NFLX,11/10/2020,8,0.2255625
NFLX,12/10/2020,21,0.164114286
NFLX,13/10/2020,32,0.03898125
NFLX,14/10/2020,30,0.029223333
NFLX,15/10/2020,30,0.090523333
NFLX,16/10/2020,38,0.064926316
NFLX,17/10/2020,17,0.159394118
NFLX,18/10/2020,29,0.134082759
NFLX,19/10/2020,17,0.084041177
NFLX,20/10/2020,220,-0.018207273
NFLX,21/10/2020,88,0.016025
NFLX,22/10/2020,25,-0.0624
NFLX,23/10/2020,10,0.17681
NFLX,24/10/2020,2,0.216
NFLX,25/10/2020,10,0.15892
NFLX,26/10/2020,7,0.008471429
NFLX,27/10/2020,6,0.119683333
NFLX,28/10/2020,17,0.190052941
NFLX,29/10/2020,112,-0.02043125
NFLX,30/10/2020,39,0.016646154
NFLX,31/10/2020,3,-0.449133333
NFLX,1/11/2020,4,-0.074
NFLX,2/11/2020,3,-0.2998
NFLX,3/11/2020,6,-0.05775
NFLX,4/11/2020,4,0.22405
NFLX,5/11/2020,1,0
NFLX,6/11/2020,1,0.4767
NFLX,7/11/2020,2,0.7229
NFLX,8/11/2020,1,0
NFLX,9/11/2020,47,0.101331915
NFLX,10/11/2020,14,0.061
NFLX,11/11/2020,20,-0.010685
NFLX,12/11/2020,10,-0.03235
NFLX,13/11/2020,17,0.097882353
NFLX,14/11/2020,1,0
NFLX,15/11/2020,9,0.233966667
NFLX,16/11/2020,1,0
NFLX,17/11/2020,7,0.042642857
NFLX,18/11/2020,6,-0.0105
NFLX,19/11/2020,7,-0.238414286
NFLX,20/11/2020,25,-0.03066
NFLX,21/11/2020,3,0.0701
NFLX,22/11/2020,5,0.07392
NFLX,23/11/2020,24,0.015525
NFLX,24/11/2020,19,0.13931579
NFLX,25/11/2020,6,0.174966667
NFLX,26/11/2020,5,0.28448
NFLX,27/11/2020,8,0.3674125
NFLX,28/11/2020,3,0.3876
NFLX,29/11/2020,7,0.349828571
NFLX,30/11/2020,7,0.031985714
NFLX,1/12/2020,21,0.188095238
NFLX,2/12/2020,11,0.198909091
NFLX,3/12/2020,3,0
NFLX,4/12/2020,4,-0.065525
NFLX,5/12/2020,5,0.2222
NFLX,6/12/2020,2,0
NFLX,7/12/2020,15,0.11968
NFLX,8/12/2020,13,-0.073592308
NFLX,9/12/2020,14,0.1129
NFLX,10/12/2020,9,0.315444444
NFLX,11/12/2020,12,0.06275
NFLX,12/12/2020,6,0.215416667
NFLX,13/12/2020,2,0.71065
NFLX,14/12/2020,14,0.078864286
NFLX,15/12/2020,5,0.58368
NFLX,16/12/2020,5,0.07684
NFLX,17/12/2020,8,0.15675
NFLX,18/12/2020,4,0.1228
NFLX,19/12/2020,1,0.8668
NFLX,20/12/2020,4,-0.1703
NFLX,21/12/2020,3,-0.069366667
NFLX,22/12/2020,0,0
NFLX,23/12/2020,10,0.06343
NFLX,24/12/2020,2,0
NFLX,25/12/2020,0,0
NFLX,26/12/2020,2,0.3083
NFLX,27/12/2020,4,0.414925
NFLX,28/12/2020,11,0.148627273
NFLX,29/12/2020,16,0.061625
NFLX,30/12/2020,5,0.10198
NFLX,31/12/2020,21,0.099147619
